tree_id,Zmax,Zmean,Zsd,Zskew,Zkurt,Zentropy,Zq5,Zq10,Zq15,Zq20,Zq25,Zq30,Zq35,Zq40,Zq45,Zq50,Zq55,Zq60,Zq65,Zq70,Zq75,Zq80,Zq85,Zq90,Zq95,Zpcum5,Zpcum10,Zpcum15,Zpcum20,Zpcum25,Zpcum30,Zpcum35,Zpcum40,Zpcum45,Zpcum50,Zpcum55,Zpcum60,Zpcum65,Zpcum70,Zpcum75,Zpcum80,Zpcum85,Zpcum90,Zpcum95,Itot,Imax,Imean,Isd,Iskew,Ikurt,Ipcumzq5,Ipcumzq10,Ipcumzq15,Ipcumzq20,Ipcumzq25,Ipcumzq30,Ipcumzq35,Ipcumzq40,Ipcumzq45,Ipcumzq50,Ipcumzq55,Ipcumzq60,Ipcumzq65,Ipcumzq70,Ipcumzq75,Ipcumzq80,Ipcumzq85,Ipcumzq90,Ipcumzq95,p1th,p2th,p3th,p4th,slope_mean,dtm_mean,aspect_mean,Common Name,group_id
1.0,-28.3279,-39.68161654644652,9.001474314113787,-0.7059834357407054,-0.7234917114520143,4.312890660575328,-56.8217,-54.53636,-51.39461,-48.63824,-46.0489,-43.73624,-42.40948,-40.6285,-38.490390000000005,-37.086400000000005,-35.68507,-34.13754,-32.90572,-32.15066,-31.72685,-31.3581,-30.92608,-30.41296,-29.75283,100.0,100.0,100.0,100.0,100.0,100.0,100.0,100.0,100.0,100.0,100.0,100.0,100.0,100.0,100.0,100.0,100.0,100.0,100.0,2484921624.0,65535.0,19849.677873900644,11905.06969404004,0.5304428525822107,0.5216181224695644,3.737472365446324,7.230649581244096,10.752735153468969,14.378540656942668,17.331298896532118,20.392306304788303,24.598747304393857,29.454651644980817,34.116287967076744,39.54797968308074,45.55630193992791,51.50235398329811,57.01657353358844,62.59211135586303,68.58719456336463,74.73102974615186,81.02775832256994,87.3926276799143,93.5932600262969,74.58761692508008,22.334587457164083,2.921229840159122,0.1533705576457619,14.684348663162304,59.64279570881961,237.05129305190923,Rain Tree,4
2.0,-26.655899999999995,-35.241958742233415,8.128782932663487,-0.9404370643525656,-0.6502235001850809,3.832016650061385,-50.234235,-48.29021,-46.95603,-44.47916,-42.6205,-40.80136,-32.97399000000001,-31.3919,-30.82909,-30.42275,-30.1518,-29.92596,-29.735715,-29.5863,-29.431825000000003,-29.239980000000003,-28.9858,-28.58027,-27.966315000000005,100.0,100.0,100.0,100.0,100.0,100.0,100.0,100.0,100.0,100.0,100.0,100.0,100.0,100.0,100.0,100.0,100.0,100.0,100.0,1357830081.0,65535.0,22801.512695214107,15374.833353366934,0.5700188075806882,-0.5787629995228376,2.8119713603546246,5.37819562416956,8.355633270139638,11.405531381801817,14.347371790182043,17.221831160772467,19.641806050104734,24.55936767540209,30.19311861894154,36.04717812994158,41.95703379766264,47.91528123466282,53.97063625665839,59.90761424293412,65.69346153703307,71.59172193946998,77.95140922349326,84.78150190576018,92.22778045082948,71.91267842149455,24.809403862300588,3.121746431570109,0.1561712846347607,12.237450727850494,55.579723464315705,210.05347871486455,Rain Tree,4
5.0,-29.5777,-37.64739565955732,7.8611194244419025,-0.7766502464901143,-0.9761711441759346,3.969224247929656,-51.48874,-49.46388,-48.42402,-47.59178,-46.1481,-42.960980000000006,-36.83565,-34.93796,-34.08685,-33.327,-32.92458,-32.695660000000004,-32.47717,-32.097460000000005,-31.3364,-30.95204,-30.525260000000003,-30.2957,-30.08493,100.0,100.0,100.0,100.0,100.0,100.0,100.0,100.0,100.0,100.0,100.0,100.0,100.0,100.0,100.0,100.0,100.0,100.0,100.0,763235198.0,65535.0,21968.0280344242,15039.048876947432,0.6672733116201054,-0.3308503627002359,3.517378662612465,6.496333388439981,9.691358862094829,13.427151193831602,17.51849277265643,20.846046463386507,24.38834536035116,28.43142593117148,33.194645328712944,39.27144748898229,45.13162520578617,50.64035529451565,56.445309929220535,63.01591806304509,68.56451738222901,74.38660592275254,80.8979396676095,87.18367807769788,93.28306632944356,72.1440290130386,24.335837434878968,3.2985061739055346,0.2101142676222548,9.10100052673451,55.796476875917456,195.045688851546,Rain Tree,4
6.0,-25.9267,-34.98043989412102,6.142782000132374,-1.3181913843870492,0.5284619083685103,3.786162116943768,-47.53392,-45.34396,-43.58522,-41.57034,-37.6678,-34.86392,-33.94124,-33.09886,-32.53526,-32.0384,-31.64262,-31.311380000000003,-31.047100000000004,-30.85778,-30.6702,-30.4823,-30.30064,-30.1264,-29.8912,100.0,100.0,100.0,100.0,100.0,100.0,100.0,100.0,100.0,100.0,100.0,100.0,100.0,100.0,100.0,100.0,100.0,100.0,100.0,2324516600.0,65105.0,20206.68654432921,13232.53631901717,0.6759214816523629,0.0966428109456578,2.817345851606308,5.380620641728263,8.196001396591445,10.855463970444436,13.020162600688677,15.42298415937318,19.610714589003152,24.438050173528552,29.7814083581937,35.45351966942288,41.569648588442,47.92203923172672,54.03247935506247,60.21454873671369,66.60295693306729,73.21187390100806,79.84170889551831,86.3194929646878,93.08427137065831,73.34162052209288,23.47853299373245,2.983387953441067,0.1929813885967123,7.230366213562262,53.19238232568652,202.25864046058612,Rain Tree,4
10.0,-22.1906,-26.490070897076784,3.807126045245469,-2.314084285902695,7.450569448781087,3.5253149393054346,-33.55606,-31.0219,-30.16806,-28.91456,-27.8301,-27.08638,-26.62964,-26.11218,-25.43885,-25.0288,-24.78428,-24.587300000000003,-24.42154,-24.23882,-24.03705,-23.81234,-23.57299,-23.3375,-23.09251,100.0,100.0,100.0,100.0,100.0,100.0,100.0,100.0,100.0,100.0,100.0,100.0,100.0,100.0,100.0,100.0,100.0,100.0,100.0,335175498.0,62307.0,24073.511312217197,15925.861531848204,0.5020516215973398,-0.6349342499518538,2.01634458375594,4.50492177682988,7.839242473505625,11.389308057356866,16.342449053361292,20.64558877749471,24.867356801838778,29.730396342992822,34.839961959271854,39.89991595388037,44.78167016850379,50.08412488433149,55.88121838189974,61.7660283151127,68.01011033330366,74.38730082829622,80.9892419403521,87.56662367963425,94.08870066033288,76.348488113194,21.17359764418588,2.40609064138476,0.0718236012353659,7.649804064420347,51.56521949292537,204.43562104406328,Mahogany,1
11.0,-24.8066,-29.925380196965666,4.76648892804418,-2.6785873304462844,7.948894903944945,3.588551730052143,-39.767145,-34.70532,-33.39585,-31.287360000000003,-30.681325,-29.9287,-29.406435,-28.91992,-28.530875,-28.24585,-28.03904,-27.87804,-27.72471,-27.587580000000003,-27.4377,-27.28778,-27.06319,-26.47551,-25.859485,100.0,100.0,100.0,100.0,100.0,100.0,100.0,100.0,100.0,100.0,100.0,100.0,100.0,100.0,100.0,100.0,100.0,100.0,100.0,171304869.0,62246.0,22798.092760181,14993.992793461304,0.528305284825673,-0.5306864463065932,1.930640395282635,4.718890973262412,7.633716470720982,10.75556819111779,14.145533131343749,17.665718538332964,22.152024178600552,27.299959582584894,32.307199044062195,38.16803771059187,43.7735520523938,50.03902311731723,56.33167788126325,62.81497346114546,69.03641892397115,75.42799089966323,81.67591838851936,87.55886734311096,93.82406345963231,71.65291455948896,24.940111791322863,3.3138142134681927,0.0931594357199893,11.264660501030235,52.0159739020495,177.1079079060318,Mahogany,1
12.0,-21.2272,-27.20495275615401,5.39886953665076,-1.569355949820065,2.2529100882018325,3.861301699527411,-38.87649,-35.58132,-32.686965,-30.10522,-28.836925,-28.164900000000003,-27.3589,-26.74836,-26.031085,-25.4681,-24.953065,-24.56626,-24.18789,-23.795750000000005,-23.17555,-22.78146,-22.5706,-22.38137,-22.0735,100.0,100.0,100.0,100.0,100.0,100.0,100.0,100.0,100.0,100.0,100.0,100.0,100.0,100.0,100.0,100.0,100.0,100.0,100.0,481612641.0,60874.0,16888.023038081214,13401.644535207526,1.083822705414033,0.6457156153099559,2.8293808841284127,5.952013414863835,9.846431335675842,13.077497689683772,17.081307257464616,21.057392677531485,26.654851445230232,31.13370086978261,35.484646259523736,39.68301861910639,45.27469992217252,51.38138930203039,56.7119892104327,61.686258770770095,67.32081145685709,73.45043565831155,79.49802671396243,85.46714350049628,92.69220012022068,61.96437337821726,31.69577109194193,5.957640788274072,0.3787081843046497,5.827492178523599,51.28031364050775,211.11147017284696,Narra,2
13.0,-22.4248,-27.0282043047732,3.7633843074642455,-1.6260593146106308,3.1195349063113724,3.6700758209983246,-34.74842,-31.90408,-30.8152,-30.11942,-29.3636,-28.00248,-26.76594,-26.2814,-26.022340000000003,-25.6631,-25.34566,-25.03462,-24.771200000000004,-24.57664,-24.3961,-24.24258,-23.99366,-23.6976,-23.29494,100.0,100.0,100.0,100.0,100.0,100.0,100.0,100.0,100.0,100.0,100.0,100.0,100.0,100.0,100.0,100.0,100.0,100.0,100.0,303510225.0,59190.0,17996.455677438484,12655.39975804798,0.8494868353303429,0.3412515981290482,4.054169838923878,7.387977785591902,11.972320866619896,16.44149550480548,20.152072965581308,23.827823922571305,28.187521524192476,32.80804954758938,37.674949501289454,42.7536195856334,48.297354067725394,54.04656828283133,59.86617419561401,65.73166060550348,71.6636650379736,77.7573005983571,84.17368146328513,89.86672195310717,95.21180217239798,72.74236584642752,24.20990216424548,2.869848799288467,0.1778831900385413,9.833633797401069,50.89074430477321,229.24551794256536,Narra,2
14.0,-21.0618,-26.478442396807434,5.240899570041462,-1.443438852448617,1.5961491584906664,3.792983966852277,-37.99144,-33.46901999999999,-32.41236000000001,-31.45904,-29.8496,-27.079,-26.185220000000005,-25.57996,-24.91142,-24.252900000000004,-23.739760000000004,-23.35754,-23.069980000000005,-22.85724,-22.6881,-22.4966,-22.286960000000004,-22.07184,-21.72582,100.0,100.0,100.0,100.0,100.0,100.0,100.0,100.0,100.0,100.0,100.0,100.0,100.0,100.0,100.0,100.0,100.0,100.0,100.0,337091880.0,57251.0,20078.1392578474,12825.197128479032,0.5792770823644635,-0.1984657894904544,2.206854700860786,5.03053559166124,9.171540708723091,13.775013506703276,17.135296169103807,20.66027962465308,25.66583300671615,30.80608111948588,35.491406081926385,40.564570110677245,46.167656129836175,51.773601903433565,57.42412484097808,63.17232826848277,69.09968433532127,75.43132898959179,81.59428729045624,87.67664620102981,93.96122386573062,75.88897492405742,20.686163559473464,3.1151349097623444,0.2978140449103579,2.981578946575057,50.65417020072667,221.6919370453668,Mahogany,1
17.0,-21.751300000000004,-29.882404457298403,4.940887508399492,-2.305754033035221,5.454382671896788,3.346389790739208,-40.1866,-37.5831,-32.063725,-30.824,-30.000175,-29.3833,-28.80995,-28.512200000000004,-28.31135,-28.08535,-27.902675,-27.738100000000003,-27.5865,-27.4681,-27.3522,-27.2012,-27.0062,-26.74945,-26.466375,100.0,100.0,100.0,100.0,100.0,100.0,100.0,100.0,100.0,100.0,100.0,100.0,100.0,100.0,100.0,100.0,100.0,100.0,100.0,248763334.0,53980.0,21160.542191221502,12937.619844554138,0.470362098438869,-0.5092658678780864,3.155675667218707,6.00460476221146,8.567807665739036,11.713711796449877,15.668982391110742,20.15999793603024,24.99743310242015,30.185913973962094,35.30851737177634,40.707304557994064,46.05931957802109,51.65006592169247,57.47795292050556,63.5962042541205,69.69838448941194,76.09406858970623,82.55758221989419,89.09612499404756,95.52682952866358,79.17659067710106,18.280027220142905,2.432800272201429,0.1105818305546104,3.799939046955585,50.41282030452536,215.6454269922524,Mahogany,1
19.0,-19.608799999999995,-25.410314176012378,5.106004059223058,-1.8729970182472464,3.2927322761076,3.816217243571913,-39.2597,-31.184500000000003,-28.9053,-27.674100000000003,-26.8594,-26.1335,-25.6009,-24.9552,-24.322700000000005,-23.7409,-23.2557,-22.8953,-22.516,-22.2368,-21.9494,-21.705,-21.4671,-21.1682,-20.779100000000003,100.0,100.0,100.0,100.0,100.0,100.0,100.0,100.0,100.0,100.0,100.0,100.0,100.0,100.0,100.0,100.0,100.0,100.0,100.0,336902507.0,56382.0,18612.369869068007,12650.657203762656,0.7109895727393879,-0.1079840377693037,3.2408770410248087,5.989803156911504,9.558849023346683,13.7645033908875,18.17496626702157,23.817984233640622,28.420735082271143,32.76392864598066,37.08845954061125,42.31323603656057,47.06099946000105,52.10278948740503,57.68324870316266,63.51605926161897,69.89851636811952,75.99634721625861,82.1127371426773,88.41233259211099,94.7224747128403,75.47096845478151,22.03745649411635,2.41423125794155,0.0773437931605988,3.5927054999545045,50.47590204408596,196.7469030762375,Mahogany,1
20.0,-20.1856,-26.12343157259281,5.654511845559882,-1.1852163154596802,0.4877172891793622,3.80009755853758,-37.370470000000005,-33.993320000000004,-33.28402,-32.3713,-31.50955,-27.35672,-25.724680000000003,-24.737640000000003,-24.03107,-23.578,-23.14705,-22.68786,-22.30555,-22.04548,-21.8244,-21.61284,-21.40834,-21.22938,-21.014760000000003,100.0,100.0,100.0,100.0,100.0,100.0,100.0,100.0,100.0,100.0,100.0,100.0,100.0,100.0,100.0,100.0,100.0,100.0,100.0,150163787.0,56364.0,15108.540798873126,10395.841941971405,0.7621604177355097,0.4106075439458805,3.4059669792424723,6.666338935631664,10.806680041973102,16.521816275184907,21.167028106450196,24.04965719198331,27.41313722995012,31.88773002907818,35.99558194413411,40.24799933954783,44.9396890876227,49.95729762729013,55.88491118700942,62.08709027829725,68.49301156742938,74.88883388376453,81.30271781171848,87.28778530339008,93.69997441526964,67.119428513935,28.433444008451552,4.1955931180199215,0.2414729852097796,2.189353442792714,50.30590992051514,259.4537342064668,Mahogany,1
21.0,-18.06,-24.81927507495763,6.175692431125944,-1.1666265142533356,0.5420811827783871,3.836128878559222,-36.63325,-35.6235,-33.15835,-29.6612,-27.3076,-26.1453,-25.4614,-24.7319,-23.87245,-22.7411,-21.8476,-20.995400000000004,-20.52385,-20.194,-19.91725,-19.6319,-19.37335,-19.0949,-18.810450000000003,100.0,100.0,100.0,100.0,100.0,100.0,100.0,100.0,100.0,100.0,100.0,100.0,100.0,100.0,100.0,100.0,100.0,100.0,100.0,123380728.0,57168.0,16084.04745144049,10722.897907413824,0.6438526666802699,0.1513151654484721,2.77196289521002,6.834171054656121,9.809079745420208,13.60268193586927,17.45442772877787,21.8788026603312,27.377037360324213,33.10190388891205,37.77690061935767,41.90496833508715,45.94033842951551,50.819604500955776,55.701247766993234,61.459993168463065,67.56354525643583,74.39092513702789,80.71828446335638,87.1839198420032,93.91158803990848,73.6279494198931,22.86533698344414,3.285099726241689,0.2216138704210663,20.02948648962981,50.79333451961935,186.97593405421435,Mahogany,1
22.0,-17.805099999999996,-30.91035098947699,6.033846073696832,0.1720617855775873,-0.5976489198989343,4.288220696170785,-39.98526,-37.75775,-37.08936,-36.31988,-35.583275,-34.683670000000006,-34.11631,-33.53809999999999,-32.57374000000001,-31.511,-30.50153,-29.25442,-28.11568,-27.35232,-26.519975,-25.60398,-24.254025,-22.52017,-19.686915000000003,100.0,100.0,100.0,100.0,100.0,100.0,100.0,100.0,100.0,100.0,100.0,100.0,100.0,100.0,100.0,100.0,100.0,100.0,100.0,505554663.0,58903.0,19850.58359509973,13354.436028801389,0.7237588492766827,0.0104572001581173,3.362037232361557,7.869948773472197,13.399334030076982,18.776380072672776,24.350977650857907,29.49622244904504,35.09503382822126,41.17372902166269,46.40644091932745,50.863277469166576,54.774425846805016,59.35581035279661,64.17779000883233,69.13944120816072,74.21661483122351,79.95613542585403,85.98510523480228,90.80730544067794,94.72569279812971,77.62289932464269,20.5159415737396,1.814041149678027,0.0431914559447149,37.47873471086929,53.42041458693262,251.04915460733463,Mahogany,1
23.0,-17.9418,-25.469767443629824,6.118729797052299,-1.2247830875950685,1.3419563873790423,3.984790228491258,-37.457075,-33.627770000000005,-31.699105000000003,-30.46026,-29.48085,-27.361160000000005,-26.69971,-25.89688,-24.451245,-23.677350000000004,-23.12203,-22.41334,-21.645109999999995,-21.06456,-20.3725,-20.00074,-19.700065,-19.3884,-19.01947,100.0,100.0,100.0,100.0,100.0,100.0,100.0,100.0,100.0,100.0,100.0,100.0,100.0,100.0,100.0,100.0,100.0,100.0,100.0,219802382.0,56827.0,15202.820722091576,10747.442209424216,0.9390863932020566,0.8193012461707312,3.0486312018220074,6.08822519493897,10.227924645511804,14.889068854585934,20.59851471491333,24.57393205138241,29.713895002284367,34.35341160224551,38.974135867190014,44.116272133938935,49.22615033353005,53.39039819868741,57.90365047090344,62.68594896300988,67.99556112180805,73.61800155559733,79.91573312431164,86.66674595000522,93.53593720381063,69.65002074975793,26.69110527043851,3.465209572554987,0.193664407248582,4.035329638897579,50.45256384008854,225.3877416139077,Mahogany,1
24.0,-20.198600000000003,-26.54926615467168,4.449001198239894,-1.172614834563794,1.4456756185700748,3.738013713864313,-33.7603,-33.09423999999999,-31.38848,-30.44208,-29.5091,-28.97974,-27.788240000000005,-26.16102,-25.590300000000003,-25.089,-24.41344,-24.08944,-23.738280000000003,-23.36772,-23.055100000000003,-22.75152,-22.4817,-22.12908,-21.77038,100.0,100.0,100.0,100.0,100.0,100.0,100.0,100.0,100.0,100.0,100.0,100.0,100.0,100.0,100.0,100.0,100.0,100.0,100.0,243644369.0,55606.0,16342.100006707358,11169.181739834348,0.8223445749617634,0.297429675576716,3.1319139577570128,6.375436076669598,9.736486460723416,14.167481539456386,18.059572310493248,22.60422279654655,27.805749534888697,31.69946275261547,35.81794168204232,40.76170420339162,45.23796443660063,50.34561582664773,56.16560709433018,62.417323094382695,68.26608128998049,74.2156027418799,79.97486738550481,86.83458266174829,93.37476869822508,72.07726876383393,24.7031994097525,3.152458246696626,0.0670735797169495,1.6783624477797412,50.35793316117781,177.21219767779397,Mahogany,1
25.0,-20.454700000000003,-26.830028824884792,5.32014920712611,-0.9759020847192312,0.2103788099604613,3.95366601738403,-37.805215,-34.39672,-32.84216,-32.14732,-31.324825000000004,-28.53002,-27.615345,-26.80256,-26.10618,-24.96855,-24.277455,-23.73872,-23.277700000000003,-22.843680000000003,-22.49215,-22.14092,-21.7767,-21.44498,-21.156,100.0,100.0,100.0,100.0,100.0,100.0,100.0,100.0,100.0,100.0,100.0,100.0,100.0,100.0,100.0,100.0,100.0,100.0,100.0,133896005.0,56476.0,15425.80702764977,10061.584998982937,0.6197142124012103,0.3124103382998786,2.950937931269869,5.6507317003222015,8.847258736360358,13.405167689655864,18.650104609170377,22.89073075779968,28.55684081089649,33.18197208348374,37.20804515414781,42.16254846438473,47.30109012587791,52.35809612094102,57.63631409316506,63.50788135911897,69.32174936810101,75.19936461136388,81.2404440296781,87.48176467251581,93.73298254865782,71.73963133640552,24.596774193548388,3.5023041474654377,0.1612903225806451,25.95727285370412,50.91856705069125,350.3843830421139,Mahogany,1
26.0,-18.5751,-26.38268648476145,4.433400329295222,-0.9500549275225292,0.9522506566229834,3.7903619580687327,-34.968115,-33.433429999999994,-31.971825000000003,-29.40146,-27.973375000000004,-27.227660000000004,-26.819845,-26.22984,-25.703945000000004,-25.4326,-25.16998,-24.87414,-24.42181,-24.05644000000001,-23.6575,-23.21928,-22.602735000000003,-21.31974,-19.97183,100.0,100.0,100.0,100.0,100.0,100.0,100.0,100.0,100.0,100.0,100.0,100.0,100.0,100.0,100.0,100.0,100.0,100.0,100.0,245178319.0,59529.0,19561.05943832775,12088.755046728624,0.5220073013035654,0.0566949168932708,3.703630907103169,7.320945454398029,10.951003787573892,14.780377868566754,18.35611410648427,23.148351057909,28.066623215570708,32.6648552476616,38.07088953897265,42.95964277330737,48.29506600867101,53.90851545890565,60.20020269410527,66.28887034664757,72.52636926677029,78.80688748828561,84.65663311771054,89.11255077166918,94.55689269164132,80.42923248763364,18.190521780756345,1.3323759374501356,0.0478697941598851,26.268776042468986,50.95328386787936,153.18626293785374,Mahogany,1
27.0,-19.978400000000004,-25.664379907493064,5.799110000656698,-1.581601173757864,2.588819423214768,3.580419787492348,-37.37284,-35.03203,-33.022420000000004,-29.27702,-28.016475000000003,-27.454590000000003,-26.635245,-25.3127,-23.583,-22.9159,-22.318705,-22.0209,-21.79136,-21.6074,-21.4298,-21.25334,-21.080500000000004,-20.92557,-20.69558,100.0,100.0,100.0,100.0,100.0,100.0,100.0,100.0,100.0,100.0,100.0,100.0,100.0,100.0,100.0,100.0,100.0,100.0,100.0,174869376.0,57636.0,16176.630527289546,10472.44968776612,0.5750546580740075,0.1289352403844352,4.061186219364104,6.99077292984679,11.015975718927482,14.18713417265239,18.0387256600035,22.158962813477416,26.75148849390301,31.881896805075804,35.651434474152865,39.80996363823017,44.84342415678317,50.26809954419921,56.220790197135486,62.623696901623305,68.61673595724388,75.09397185702773,81.46746117513452,87.97188880001492,94.13455218139512,72.69195189639223,23.987049028677152,3.2377428307123037,0.0832562442183163,2.0985425282966075,50.311123515263645,167.85741624001326,Mahogany,1
28.0,-19.7479,-26.53115941929134,6.05666076772544,-1.1152323814309646,1.1990606034427378,3.7766070877414735,-37.308235,-33.69318,-33.04161499999999,-31.80616,-30.8744,-30.441490000000005,-29.84711,-27.361639999999998,-25.26281,-23.70375,-22.859585,-22.46718,-22.108125000000005,-21.81011,-21.598325,-21.31462,-21.027355,-20.75306,-20.425890000000003,100.0,100.0,100.0,100.0,100.0,100.0,100.0,100.0,100.0,100.0,100.0,100.0,100.0,100.0,100.0,100.0,100.0,100.0,100.0,159280211.0,55425.0,15677.186122047244,10758.29709013735,0.8497307612827241,0.5757547657693771,4.4531621068734015,8.48390450713303,12.804596297276378,17.312420561773365,21.190983354485887,25.582096322059744,30.442059748401512,34.471317343998244,38.17783616572432,41.76584685714661,45.66322366310778,50.60311352802013,56.083638663688106,61.95509497410197,67.90112175328548,73.86374381435243,80.0808519772742,86.76554427718582,93.548916757776,68.99606299212599,27.47047244094488,3.375984251968504,0.1574803149606299,0.6677541473738494,50.22335501968504,217.1288422438016,Mahogany,1
29.0,-19.4157,-25.161979680526198,4.9237269529893855,-1.4210760069964703,2.424791053056599,3.741669323739678,-34.57825,-32.1815,-30.53465,-29.3733,-28.66865,-26.4304,-25.56975,-24.8254,-24.10425,-23.5191,-23.0593,-22.5832,-22.0612,-21.5221,-21.28195,-21.090200000000003,-20.89265,-20.5554,-20.15835,100.0,100.0,100.0,100.0,100.0,100.0,100.0,100.0,100.0,100.0,100.0,100.0,100.0,100.0,100.0,100.0,100.0,100.0,100.0,199661836.0,55512.0,15634.001722652883,10607.231416163704,0.7698247903032407,0.4811027316798619,3.031834286047535,6.175932890850508,10.052206471746558,14.059218107159948,18.77215733907205,22.60167336135284,26.855262414796183,31.64586195631297,36.29122242470013,41.507712570568565,46.4746272292117,51.784490251807554,57.071282265480114,62.70939079213916,68.84928424679015,74.53920487839248,80.55886103341251,86.96282047611743,93.57919257038184,71.85811604416256,25.119411165922795,2.9128494244773315,0.101793125048939,2.405216659252869,50.25262096938376,283.0727023649242,Mahogany,1
30.0,-20.9059,-25.73450586119023,4.488432084547824,-1.3515041853151009,1.852467614421132,3.7221280946482262,-34.36745,-32.1887,-30.562,-29.9746,-28.84245,-27.364600000000003,-26.020250000000004,-24.904499999999995,-24.24315,-23.7894,-23.4851,-23.1536,-22.78015,-22.5067,-22.30155,-22.0464,-21.8232,-21.6876,-21.511050000000004,100.0,100.0,100.0,100.0,100.0,100.0,100.0,100.0,100.0,100.0,100.0,100.0,100.0,100.0,100.0,100.0,100.0,100.0,100.0,107710572.0,54973.0,16146.09084095338,10868.447077591323,0.7426192158780734,0.4093165012195974,2.644597412406277,6.260750337487762,10.113992338653627,14.278792429029158,18.06851048938817,22.714913258468258,25.72812722598855,28.81475459994772,33.21886267580122,39.12438882972416,45.297643577642496,50.877637155246006,56.56144598322253,62.65246739196595,68.50593737446682,75.09322204695005,81.81521030266184,87.74222831162757,93.76114166397706,71.15874681457053,25.42347474141808,3.237895368010793,0.1798830760005996,2.297086046083588,50.29433110478189,133.1133762055231,Mahogany,1
31.0,-21.4695,-25.788613968775675,3.781453748917892,-1.310937756350413,1.4030021363364984,3.636895355120356,-32.73409999999999,-30.4755,-29.83876,-29.51132,-29.0866,-28.42866,-25.341880000000003,-24.96342,-24.49574,-24.1517,-23.9027,-23.73312,-23.52371,-23.31798,-23.08395,-22.83134,-22.56182,-22.31032,-22.02149,100.0,100.0,100.0,100.0,100.0,100.0,100.0,100.0,100.0,100.0,100.0,100.0,100.0,100.0,100.0,100.0,100.0,100.0,100.0,158936139.0,54223.0,18656.666157999764,12857.851400635556,0.7542874812779946,-0.0287171614932639,2.3047785249143367,5.495830624147727,9.413154298406608,13.317753365079543,18.038867170417426,22.880981146773674,25.96651476477606,30.73633555424421,35.730257043679664,40.57486950780905,45.98986452036563,51.09264042207543,57.16473897733228,62.80990819841169,68.14423118709333,74.44217705577961,81.38193038651832,88.00758586440809,94.04479682245208,76.94565089799272,20.71839417772039,2.2772625895058107,0.0586923347810775,1.7440556404904597,50.24768470477756,82.18441308332758,Mahogany,1
32.0,-21.055,-25.978615475735577,4.466242773869909,-1.6142795946917723,2.377449237225365,3.7286105040534,-36.88885,-31.5757,-30.2089,-28.5581,-27.0577,-26.7117,-26.45355,-25.9371,-25.51815,-24.550100000000004,-24.10465,-23.4531,-23.0854,-22.8408,-22.65705,-22.503400000000003,-22.2754,-22.027700000000003,-21.8512,100.0,100.0,100.0,100.0,100.0,100.0,100.0,100.0,100.0,100.0,100.0,100.0,100.0,100.0,100.0,100.0,100.0,100.0,100.0,142655124.0,55117.0,18170.31257164692,11942.392873876084,0.7389129895172792,0.3493692711264429,2.445227274135628,4.786714145648214,8.675789311290353,12.35817789482276,15.633245672970007,20.8100425470872,26.177956285678174,32.57155768200797,37.5428358255116,43.12816902391813,48.09589874949041,53.337774954371774,58.043508482737714,62.89642494720344,68.19817982843715,74.02915369517326,80.43089640439413,87.67726843096081,94.32988611050524,74.00331168004077,22.672271048274105,3.095147115017195,0.2292701566679403,2.21386041164662,50.18138824353585,180.9481544191784,Mahogany,1
33.0,-22.9904,-27.714307526020814,5.0674111165113285,-2.2748385962151416,4.676544504076935,3.682566626038362,-42.94697,-33.33972,-30.274295,-29.36212,-28.50155,-27.87552,-27.39209,-26.65132,-25.97166,-25.69495000000001,-25.4925,-25.29844,-25.132405,-24.962190000000003,-24.780575,-24.5918,-24.382135,-24.12023,-23.841345000000004,100.0,100.0,100.0,100.0,100.0,100.0,100.0,100.0,100.0,100.0,100.0,100.0,100.0,100.0,100.0,100.0,100.0,100.0,100.0,409505003.0,55009.0,20491.643464771816,12749.254324598463,0.5740348864310872,-0.274389559481472,3.5586139102676606,6.328869442408252,9.377236106685611,13.309662543976296,17.6796543313538,22.34732306799192,27.044733077412488,31.516718246296985,35.89967641982631,40.7104442628751,45.96680446416915,51.79400579875211,57.45103387662397,63.13904130739033,68.72403778666411,74.57332847286362,80.81817940573488,87.27461432259962,93.78781045075534,81.25,17.143714971977584,1.5762610088070457,0.0300240192153722,3.915454034811904,50.05810908726982,126.20488288796945,Mahogany,1
34.0,-20.207,-25.89242473508353,6.221022250043608,-1.7607041251019455,2.6109864079219003,3.670359849125585,-38.51136,-36.96298,-30.831090000000003,-30.26012,-27.94,-26.509,-25.47791,-24.3126,-23.58646,-23.1182,-22.69279,-22.35844,-22.15769,-21.9849,-21.8124,-21.62684,-21.367600000000003,-21.087,-20.77984,100.0,100.0,100.0,100.0,100.0,100.0,100.0,100.0,100.0,100.0,100.0,100.0,100.0,100.0,100.0,100.0,100.0,100.0,100.0,175003115.0,54326.0,16706.741288782818,12030.54729423658,0.9208632269907872,0.4713878139483816,3.2702835032393565,6.845882714716249,9.472388534341231,12.797555060662775,16.282887878881468,19.70999716205052,23.322914566406432,27.634462963702106,32.78251361411481,37.82630154897528,43.02507472509846,48.8375929765593,54.79205727280912,61.52294546299933,68.44503939258453,75.29907453361616,82.27380181204204,88.35505356576081,94.2910896186048,70.59665871121719,25.91885441527446,3.331742243436754,0.152744630071599,2.9218459073461656,50.31078852505966,335.0795597792924,Mahogany,1
35.0,-21.648,-26.71775394261308,3.799893298289748,-2.231523894456384,7.1646015454404,3.592544195056873,-33.77032499999999,-32.35267,-30.348355,-28.9409,-27.33115,-26.83186,-26.4487,-26.109200000000005,-25.809555,-25.51415,-25.29288,-25.10678,-24.9223,-24.71909,-24.460025,-24.1268,-23.8023,-23.55432,-22.9863,100.0,100.0,100.0,100.0,100.0,100.0,100.0,100.0,100.0,100.0,100.0,100.0,100.0,100.0,100.0,100.0,100.0,100.0,100.0,351484659.0,53245.0,19246.77795422188,11599.668460713776,0.5024695803835577,-0.2473131035402964,2.140390997832995,5.482902171272289,9.833931898575408,13.311330040154044,16.7480402039396,21.532316151527965,26.85535188606909,32.045971884081574,37.08142664627647,42.42947001564583,47.669582358642856,53.37095409333356,59.16671856793613,64.80794855971224,70.49077553054741,76.52118893758035,82.22480685849791,87.70279956941165,93.76354972010314,81.95159347278502,16.35636841528858,1.648231299967145,0.0438068119592596,3.33099554281338,50.24684279377944,241.60116973579863,Mahogany,1
36.0,-22.389,-28.18347718559656,4.9250817956875546,-2.0784472679868444,4.399943375898073,3.643567865125472,-40.36784,-31.19007,-30.216375000000003,-29.93824,-29.625075,-29.22686,-28.748580000000004,-28.32466,-27.87842,-26.8685,-26.29517,-25.82746,-25.554215000000003,-25.279190000000003,-24.93495,-24.603800000000003,-24.2629,-23.97728,-23.67015,100.0,100.0,100.0,100.0,100.0,100.0,100.0,100.0,100.0,100.0,100.0,100.0,100.0,100.0,100.0,100.0,100.0,100.0,100.0,275774374.0,56431.0,24702.111608742387,14623.798585354987,0.332112562776697,-0.7902794380457481,1.910206856275921,3.8599246353470105,7.780141674802605,13.489897723419364,19.214056850692007,24.76641538854513,30.607062134061813,36.00046319024551,41.92370354179464,46.44750458213351,51.152848233824656,56.18463374700653,61.05446911466835,66.22202612632891,71.55164750732061,77.45188064500873,83.50732472336244,89.01196671740065,94.83671713456594,82.68541741311358,15.93514869222501,1.361519168756718,0.0179147259046936,3.226568917463481,49.58853804192047,160.66163315235823,Mahogany,1
37.0,-25.2434,-30.324280245664745,5.063704186766431,-1.6955323420090334,2.029985676532979,3.715832631674117,-42.85017500000001,-39.37445,-34.009015,-32.76642,-32.039975,-30.99101,-29.269075,-28.79632,-28.41088,-28.10195,-27.876755,-27.64056,-27.451355,-27.30567,-27.139575,-26.9379,-26.68207,-26.388610000000003,-26.083395,100.0,100.0,100.0,100.0,100.0,100.0,100.0,100.0,100.0,100.0,100.0,100.0,100.0,100.0,100.0,100.0,100.0,100.0,100.0,260336514.0,51921.0,18810.44176300578,10885.549961954506,0.4603325277698813,-0.106283794976508,2.4210326485358102,5.389583575663919,9.058860256537043,13.693704525827677,18.73562231074509,23.93996487177361,27.900779219929174,32.11456768603731,37.007575894636126,42.20280947604606,47.53338749861266,52.98008753393694,58.36774398845949,63.8696644758791,69.38028792995208,75.20375839402996,81.3815203041399,87.58463632189529,93.90426845770855,84.21242774566474,14.515895953757225,1.213872832369942,0.0578034682080924,2.315512084299114,50.10169895231213,231.4400576848336,Mahogany,1
38.0,-20.2412,-25.878632846259848,5.108130827725086,-2.0224743383516164,5.0588363037823125,3.7442316655797514,-37.1469,-31.4355,-28.9247,-28.2424,-27.5993,-26.975400000000004,-26.5302,-26.2344,-25.758700000000005,-24.5731,-23.6018,-23.2317,-22.9377,-22.6399,-22.2459,-21.9458,-21.6642,-21.3688,-21.0606,100.0,100.0,100.0,100.0,100.0,100.0,100.0,100.0,100.0,100.0,100.0,100.0,100.0,100.0,100.0,100.0,100.0,100.0,100.0,695653204.0,53055.0,18087.236525311357,11042.618415325836,0.5553871355429579,-0.0549972228863939,2.7486763361475157,5.5444846337543785,9.26384362631355,13.639925677680054,18.82159562367228,23.84340473762844,29.039766486865776,34.41177825725934,39.64734546094321,43.50286626438078,47.858429327380776,52.72587531991012,57.76592987559934,63.30604810956926,69.185560022232,75.25107711571756,81.07888841118599,87.20440393457888,93.50463179926646,81.31873846233847,16.713033982475757,1.8902264631704844,0.0780010920152882,2.6904522439069383,50.08991424559944,291.64099344323995,Mahogany,1
39.0,-19.8394,-25.94597337548693,5.479851662781565,-2.3504827836122018,6.468629398674921,3.766872271478557,-35.53868,-32.0358,-29.8047,-28.21864,-26.7963,-26.3373,-26.02676,-25.69928,-25.11062,-24.4009,-24.00594,-23.72078,-23.36944,-23.04262,-22.739500000000003,-22.247160000000004,-21.6668,-21.1518,-20.684840000000005,100.0,100.0,100.0,100.0,100.0,100.0,100.0,100.0,100.0,100.0,100.0,100.0,100.0,100.0,100.0,100.0,100.0,100.0,100.0,314093665.0,53534.0,17732.38101959013,11819.456056069324,0.7175588330443181,0.0241948793303965,2.758723261737864,6.62340993091981,9.9037199620056,13.398153063672902,17.08722969627547,21.73062866454184,26.661017820910203,32.040397249018056,37.14813764231762,41.58498835052914,46.69080893433492,52.04215436818823,57.48282474910789,63.28257241355059,69.13761441193027,75.13144526490211,80.68730135006066,87.08904746614358,93.85419887408426,76.49184214983346,20.962005306836787,2.4332411223395245,0.1129114209902331,2.0553686495850068,50.13169789984757,228.1036697664702,Mahogany,1
42.0,-20.4745,-26.63862909443308,6.8731643025826,-2.211414334031516,4.072918782705869,3.5770020168109267,-45.71664,-34.968700000000005,-32.64847,-28.16036,-26.34185,-25.39998,-24.8995,-24.4733,-24.10025,-23.9119,-23.743,-23.5691,-23.35618,-23.10484,-22.8552,-22.63298,-22.40471,-22.11618,-21.819880000000005,100.0,100.0,100.0,100.0,100.0,100.0,100.0,100.0,100.0,100.0,100.0,100.0,100.0,100.0,100.0,100.0,100.0,100.0,100.0,807845620.0,50628.0,17397.342952514267,9589.2137344765,0.4167015945231211,-0.0219785179125278,2.574816831958562,5.478380139017156,7.899366218015764,9.936025029138612,14.068504326358791,19.37862397520952,25.35253096996429,31.565450339385382,37.54188764432492,43.29285860335543,49.233998075028246,55.07188031792511,60.72296214219741,66.52054361574679,72.22674364441067,77.80657757357154,83.41636772134756,89.05052279666998,94.5944949234236,81.04231721761602,17.396360503930225,1.5096371271670077,0.0516851512867449,2.39039538146481,49.83428136104232,252.01835779769084,Rain Tree,4
43.0,-21.656,-26.76649282475653,6.013000980547682,-2.103445113493994,3.9553675581155776,3.503506112498397,-40.663160000000005,-35.88345999999999,-32.64815,-29.77032,-26.5872,-25.66348,-25.13329,-24.742059999999995,-24.391,-24.1193,-23.90649,-23.7241,-23.5711,-23.4369,-23.30675,-23.1601,-22.9965,-22.812120000000004,-22.6312,100.0,100.0,100.0,100.0,100.0,100.0,100.0,100.0,100.0,100.0,100.0,100.0,100.0,100.0,100.0,100.0,100.0,100.0,100.0,895279790.0,52817.0,18203.03336518716,12030.567026592706,0.56535246481825,-0.4652458929016134,2.833947586374088,5.322416582194936,7.993378472220399,10.095872151877794,12.594136409579848,16.454929581287654,20.722709042722837,25.79832568319229,31.122676521046007,36.60326935337165,42.26077849919968,48.35923594343618,54.44731182862957,60.56269325592617,66.83367397358539,73.39895922368581,80.05482598909107,86.8120238702138,93.64690193665602,78.40513998739402,19.53317203098632,1.9742593985726775,0.0874285830469877,3.019621873009804,50.16790223857837,231.21496346824415,Rain Tree,4
46.0,-19.9621,-26.7107006056296,4.844707199645121,-2.548623790311652,7.742574264220378,3.610563182142827,-36.797,-32.2349,-28.50705,-27.6895,-27.07425,-26.7374,-26.486500000000003,-26.2835,-26.07025,-25.8548,-25.6314,-25.3503,-25.03515,-24.682800000000004,-24.0999,-23.4907,-22.88225,-22.4785,-22.066700000000004,100.0,100.0,100.0,100.0,100.0,100.0,100.0,100.0,100.0,100.0,100.0,100.0,100.0,100.0,100.0,100.0,100.0,100.0,100.0,866653163.0,51319.0,19881.47009703838,12250.232828364304,0.4540614160053404,-0.5051680621806618,2.798767031096614,5.144079881469261,7.966250969535779,12.210375790205246,17.120299830948635,22.608248531829336,28.28341907291925,33.6581431250139,39.3799699315238,45.0319558806018,50.76239166740339,56.43896069182176,61.90905357602669,67.27704425397684,72.46797378849466,77.43528964654573,82.90166870365418,88.67435980268846,94.37771232134764,80.12433759262233,17.957835332981578,1.86047578628616,0.0573512881099309,7.998619415709046,50.503550494368106,214.4964265604957,Narra,2
47.0,-18.9949,-25.8519702946195,5.750684260303927,-2.0817834549941483,4.825211082954221,3.798450481596924,-37.61714,-33.19124,-31.78335,-28.26172,-26.689150000000005,-25.93848,-25.2876,-24.8457,-24.45521,-24.1182,-23.775730000000003,-23.46152,-23.09825,-22.7635,-22.355500000000003,-21.84522,-21.31001,-20.98138,-20.613000000000003,100.0,100.0,100.0,100.0,100.0,100.0,100.0,100.0,100.0,100.0,100.0,100.0,100.0,100.0,100.0,100.0,100.0,100.0,100.0,777209944.0,49025.0,17681.94617222159,11632.36987337755,0.6272445434412471,-0.2600265454928769,2.481825039541697,5.582075131040783,10.02107700773319,13.84836270185447,17.81065323065398,22.54744478668173,27.544488931551808,32.552986738419804,38.819928299836576,45.10985811576286,51.15975291741764,56.796534631059735,62.029172133186194,67.34438796629705,72.61712956158472,77.92949983151529,83.45026990545041,88.98704878124926,94.52139253637752,77.18803321578888,20.77579342509385,1.9246957115231489,0.1114776475941303,10.301980623813632,50.50154042771017,260.86048507417473,Narra,2
48.0,-16.297200000000004,-22.087969028467118,5.434808624958815,-2.585699732650694,6.846552331992685,3.554216549463552,-36.1269,-27.75054,-24.76212,-22.9897,-22.1382,-21.77436,-21.45842,-21.11032,-20.8053,-20.4967,-20.18242,-19.9111,-19.63888,-19.33808,-19.1018,-18.8976,-18.6382,-18.37418,-17.89742,100.0,100.0,100.0,100.0,100.0,100.0,100.0,100.0,100.0,100.0,100.0,100.0,100.0,100.0,100.0,100.0,100.0,100.0,100.0,306260722.0,46880.0,17471.659649723315,11850.754497405404,0.5871491006322883,-0.4603766464027643,3.373840736913041,5.965679790959285,8.576470344767227,11.602659906221993,16.234421337255256,20.80653489741332,25.627551090276608,30.727068226528896,35.90940695294253,41.272391436470265,47.44035965539192,53.5830752074045,59.37241733531863,64.89364052371039,70.53802870614273,76.4625341019081,82.82409521649335,88.87594211313849,94.97225667743317,75.20109532774259,22.7223458269154,2.025215357407724,0.0513434879342803,11.727195550075104,49.612395110958985,257.4666396696361,Narra,2
49.0,-17.6507,-23.1884740522118,5.84567446835406,-2.7212385292742294,8.349425852086766,3.6064909732976207,-33.9882,-28.5533,-26.1933,-25.0583,-24.521,-23.5624,-22.6604,-22.2084,-21.792,-21.4076,-21.0935,-20.7096,-20.3896,-20.1002,-19.7623,-19.3539,-19.0661,-18.8301,-18.6188,100.0,100.0,100.0,100.0,100.0,100.0,100.0,100.0,100.0,100.0,100.0,100.0,100.0,100.0,100.0,100.0,100.0,100.0,100.0,461594912.0,46868.0,16218.506447419277,9625.12238809497,0.4900120768467765,0.0240685751347498,2.087739433315071,4.952562388729276,8.502439039016098,13.165665266258394,18.080612205708192,22.260074435135888,27.25703354373196,32.40098950657411,37.79224585560424,43.34837988855475,48.71844471283947,54.103972012585785,59.85381918594458,65.24329020333742,70.81939802664029,77.05953916580432,82.97254779966032,88.74603604816164,94.31756626468189,79.12230771933523,18.474403569797264,2.269772671374864,0.1300024595059906,8.295416202560038,49.41293225115069,256.02652107362866,Narra,2
50.0,-17.405099999999997,-24.34971125553469,6.780420692320654,-2.256709857807745,4.325490325249956,3.706196715048623,-43.159785,-34.264540000000004,-26.793565,-25.24698,-24.33475,-23.82952,-23.414095,-23.04042,-22.622565,-22.1908,-21.757135,-21.3844,-21.104099999999995,-20.8455,-20.580875,-20.32076,-20.030590000000004,-19.64293,-19.106915,100.0,100.0,100.0,100.0,100.0,100.0,100.0,100.0,100.0,100.0,100.0,100.0,100.0,100.0,100.0,100.0,100.0,100.0,100.0,1052574959.0,48146.0,17653.5448644841,11363.4368611622,0.4942270670462694,-0.5034503557169243,2.638985733271657,5.354326598605696,8.624782893015794,12.5777904811433,17.308850779909157,22.162189970928235,27.09573846132131,32.37055072293431,37.80569208848146,43.73506352814536,48.9191294736093,54.11543236228557,59.6584208688172,65.27364727094937,70.86051255756693,76.66048770213999,82.61233060552033,88.7494348989163,94.54316431253804,78.10110022809607,19.64645109351939,2.153495236817389,0.0972762645914396,7.745431225486982,49.63694471018381,226.13934905457367,Narra,2
52.0,-20.0831,-27.487261024248667,7.979136277431092,-1.379770501399375,0.5487452850251127,3.856696805067273,-45.0507,-41.8931,-40.1547,-32.2518,-29.2909,-27.8696,-26.2903,-24.8708,-23.9922,-23.5435,-23.2519,-22.9962,-22.7313,-22.4738,-22.1674,-21.7845,-21.4844,-21.2363,-20.970900000000004,100.0,100.0,100.0,100.0,100.0,100.0,100.0,100.0,100.0,100.0,100.0,100.0,100.0,100.0,100.0,100.0,100.0,100.0,100.0,141370562.0,44614.0,13235.704709296882,9487.488843477886,0.8746127678411699,0.3370770181033999,3.7765047577585498,7.801515990295066,12.427103458780902,16.53732620798381,21.1073709956674,25.89352300940842,30.758523829027435,37.24846124612562,41.250480421800965,45.953258642347336,50.71770599596258,55.24848023169066,60.33741805454519,66.02230738815341,71.70409706654488,77.48179214283664,83.02295919287637,88.67946072110826,94.2828988682948,76.82801235839341,20.831382829323097,2.2469806197921542,0.0936241924913397,3.238585018715446,48.97325558468309,190.81104215906956,Narra,2
53.0,-20.0709,-26.70517706764965,4.585566572432215,-2.380966056800514,7.229321671025866,3.74887890835713,-33.6571,-30.9756,-29.7082,-28.8958,-28.1948,-27.2513,-26.7663,-26.4129,-26.055,-25.7927,-25.4601,-25.0042,-24.5877,-24.3067,-24.0988,-23.8175,-23.1298,-22.5334,-21.840300000000003,100.0,100.0,100.0,100.0,100.0,100.0,100.0,100.0,100.0,100.0,100.0,100.0,100.0,100.0,100.0,100.0,100.0,100.0,100.0,289806058.0,41757.0,15046.262291677484,10451.58429713354,0.6693261162782287,-0.3935648932190911,2.561567915878418,6.350433847728608,10.382561430099576,14.293159806894028,18.70308867042386,23.726082013095805,29.38858683209445,35.11344956080939,40.43808980694254,45.79207174475283,51.199946965911934,57.08767999597856,63.919043748906034,69.6692737872305,74.85184902518498,79.88099855386736,85.02218576811117,89.38318673793907,94.72432939962904,75.66066144021597,22.428742017548416,1.8431026426457608,0.0674938995898447,7.084481610943073,48.544924557395774,252.10278595413195,Narra,2
54.0,-18.991200000000003,-29.12952893158483,6.357620980618803,-0.5657165445640346,-0.313215647876691,4.294983827155981,-40.59467,-38.96317,-37.477395,-34.18238,-32.70995,-31.7663,-30.77389,-29.887,-28.84581,-28.13145,-27.578845,-27.00354,-26.511235,-25.563550000000003,-24.110575,-22.87566,-21.889215,-21.0639,-20.299215000000004,100.0,100.0,100.0,100.0,100.0,100.0,100.0,100.0,100.0,100.0,100.0,100.0,100.0,100.0,100.0,100.0,100.0,100.0,100.0,657950570.0,39326.0,11147.547863508522,8222.513359696983,0.8906131884068723,0.2501718708965135,4.002646125832827,9.028921883903832,14.373083376156966,19.11227495402884,24.10322738986304,28.57255629400853,33.259745789109964,38.80550342862383,43.51683394696352,48.88132720973249,54.01124190833971,60.04766406692224,65.7327727522145,70.6377814977803,75.09392491293076,79.80942048579729,84.51946017768478,89.51674895577642,94.57365467439294,70.22635627393176,26.559587950255835,3.070041679373793,0.1338483955135373,4.278455604502711,48.239692828098,332.38706566013803,Narra,2
56.0,-20.4722,-37.316195498717775,7.284392333332279,0.2446542786035764,-1.5837267929279688,4.068319523331708,-46.32095999999999,-45.87696,-45.351490000000005,-44.79816,-44.135075,-43.48756,-42.60187,-41.4376,-40.85544,-39.83385,-38.20672,-36.84498,-31.036095,-30.08059,-29.246825,-28.77944,-28.27181,-27.773439999999997,-26.970145,100.0,100.0,100.0,100.0,100.0,100.0,100.0,100.0,100.0,100.0,100.0,100.0,100.0,100.0,100.0,100.0,100.0,100.0,100.0,193099534.0,38503.0,13031.416790390069,8473.159194995318,0.6315835983950566,-0.135736278713892,4.858201263188962,9.921714777416293,14.837247613450998,19.24202157836383,23.779937242106445,27.809070735509906,32.14584091124736,36.210814470427465,41.07442693258908,45.83347984671988,50.84405537716109,56.475298899478446,61.09566944889675,66.80965061262137,72.24811376292601,77.721215526082,83.80464657154481,89.18167094074914,94.8509508055053,69.21986772843839,25.840194358212987,4.649750303684708,0.2834390606019705,10.79463215498863,47.17265788905386,295.7182868022702,Tibig,5
58.0,-16.0412,-26.36579575165288,7.593288105558261,-1.1743183852145622,0.6243817421465145,4.211411393796615,-43.71755,-39.92182,-35.76139,-29.81568,-28.45025,-27.41988,-26.76584,-26.21846,-25.53459,-24.987,-24.32972,-23.33224,-22.01945,-21.14164,-20.657200000000003,-20.15842,-19.39885,-18.64056,-17.82963,100.0,100.0,100.0,100.0,100.0,100.0,100.0,100.0,100.0,100.0,100.0,100.0,100.0,100.0,100.0,100.0,100.0,100.0,100.0,693407839.0,40738.0,13365.86748009792,9485.600444723848,0.7432581210522424,-0.2172063183257195,3.175360554295666,6.752563695779043,10.0934802094154,14.34016972513632,18.467189408281264,23.386063133330108,29.21689842620888,34.96057000878526,40.512850475577046,45.58352159038687,50.761097755631226,55.58765928517286,59.732254916143226,64.78009992615615,70.47517644230152,76.45276519580852,81.86779310408113,87.5322903582,93.44128081021016,71.69760404017039,24.94843771082712,3.136143719038532,0.2139594055398137,9.756143646551696,48.052702162724806,234.85673740818825,Narra,2
60.0,-20.7773,-30.079398770503417,6.671555160395859,-0.8827460474158113,0.2057571789665697,4.302121582917505,-43.64856,-40.25404,-37.14431,-34.7867,-33.413,-32.440960000000004,-31.304770000000005,-30.50438,-29.741370000000003,-29.057,-28.32751,-27.52598,-26.828260000000004,-25.18528,-24.3194,-23.69076,-23.18567,-22.74072,-21.92273,100.0,100.0,100.0,100.0,100.0,100.0,100.0,100.0,100.0,100.0,100.0,100.0,100.0,100.0,100.0,100.0,100.0,100.0,100.0,445098191.0,43738.0,12609.371115329046,8953.02098814816,0.8355073063157022,0.3105518057188328,2.7128899294942315,6.058807145320436,10.040355791965014,14.381213694935012,19.174028501050454,24.110554293400845,29.16489027024601,34.06400004892404,40.19057808302798,46.58704667707805,52.39464767898821,58.5754820558235,63.93828345170696,68.13314323265807,72.3760989179127,77.37036275665294,83.05809312983705,88.68801019233979,94.32354174631998,72.75560214170373,24.162157568203067,2.8811014476330774,0.1898070766877248,9.24235473510652,48.92548608742458,235.55653962125808,Narra,2
61.0,-20.3738,-29.5366453838228,7.428781832865495,-1.2077110224608945,0.3716018614704444,4.219006035297923,-45.9927,-43.2343,-39.78715,-33.8077,-32.0309,-30.3229,-29.3978,-28.6261,-27.919600000000003,-27.092900000000004,-26.4071,-25.8198,-25.2749,-24.650800000000007,-24.06315,-23.4545,-23.003300000000003,-22.5694,-21.98695,100.0,100.0,100.0,100.0,100.0,100.0,100.0,100.0,100.0,100.0,100.0,100.0,100.0,100.0,100.0,100.0,100.0,100.0,100.0,2934960266.0,44202.0,16000.350355174423,8512.935229258752,0.3339054521183875,-0.2144317765834937,2.8974675734162054,6.085352536762417,9.785005586852463,12.610202539621026,17.322523166315328,22.34102078300504,27.86716108135551,33.327778482436194,38.72099674278861,44.50257293534344,49.98677058751023,55.51473448806138,60.98614361956749,66.54830648395566,72.0919069846106,77.92104286702462,83.58270298981962,89.37456245617193,94.83133459224828,84.38922537629954,14.48119456362338,1.0941443921692626,0.0348905037861648,4.190635376963131,48.78215042713609,269.86047275891906,Rain Tree,4
66.0,-24.2172,-32.74568753035077,6.004231797183969,-0.761281508816245,-0.0317764890239518,4.313752596923004,-43.65348,-40.87916,-39.45236,-37.96354,-36.77889999999999,-35.555800000000005,-34.46952,-33.51544,-32.604319999999994,-31.4447,-30.68788,-30.064380000000003,-29.49878,-28.59426000000001,-27.6455,-26.73858,-26.28892,-25.90428,-25.33932,100.0,100.0,100.0,100.0,100.0,100.0,100.0,100.0,100.0,100.0,100.0,100.0,100.0,100.0,100.0,100.0,100.0,100.0,100.0,2045678103.0,47223.0,17186.9615879017,8742.01521992558,0.432481314522368,0.3909022569961493,3.041216744157524,6.369538189264179,10.953664297006949,15.426166977943156,20.10983088672187,24.838548120295343,30.06087918222196,35.62656529056077,41.39440578447645,46.79655687745316,52.149447287699694,57.600357664873535,63.19454366276707,68.52987793847447,73.77467323851,79.12569150670524,84.42459751938792,89.73444635829883,94.94255494800102,85.91724427641252,13.20142827137156,0.8611636210880067,0.0201638311279143,3.2592380454030736,49.160937802142406,251.0586842033337,Rain Tree,4
67.0,-26.9256,-32.04720377176016,4.914067173271228,-1.5875386967379226,2.631998834107206,3.8517296067600912,-40.90147999999999,-38.79066,-37.087575,-35.70571999999999,-33.8341,-33.2568,-32.81656,-32.14134,-30.60302,-30.1732,-29.799730000000004,-29.223920000000003,-28.8647,-28.625,-28.447175,-28.23652,-27.93732,-27.64808,-27.410695,100.0,100.0,100.0,100.0,100.0,100.0,100.0,100.0,100.0,100.0,100.0,100.0,100.0,100.0,100.0,100.0,100.0,100.0,100.0,163147872.0,50179.0,19722.905222437137,12948.381834424568,0.5738566796900356,-0.4533130143837693,2.416014963406939,5.821350216569175,10.160908503912328,14.977983899170932,19.098892077489065,22.903322943740264,27.506746149897683,32.63676831776267,36.011131055390045,39.98729937464339,43.95229378168046,48.96666871634097,54.41363525722236,60.43115168550896,66.48870663786532,72.56979300349073,79.53868500350406,86.45217756808988,93.27284268838028,80.04110251450676,18.338974854932303,1.5836557059961316,0.0362669245647969,1.6804732167826597,49.953104327853,283.16744011129094,Narra,2
68.0,-20.330600000000004,-27.63649305376705,6.727430070884432,-1.575402652513707,1.6122985912040928,3.943961720134967,-44.22742,-38.56102,-34.26554,-32.33688,-29.19675,-28.039520000000003,-27.21766,-26.35302,-25.4101,-24.6546,-24.1557,-23.816700000000004,-23.5748,-23.336820000000003,-23.10785000000001,-22.9122,-22.71993,-22.4376,-21.721370000000007,100.0,100.0,100.0,100.0,100.0,100.0,100.0,100.0,100.0,100.0,100.0,100.0,100.0,100.0,100.0,100.0,100.0,100.0,100.0,854022606.0,47562.0,15938.312636470522,9208.633041222842,0.4282650811318763,0.0470158050231916,2.7208825430084693,5.018667503515709,7.063325440825626,9.769196905778394,12.95555530060524,17.887636337345384,23.440355512088164,28.838326324116064,34.386239771269004,39.65189617006462,45.28012552398408,51.224793105769386,57.360496965580325,63.63306945062295,69.85797949709074,75.85298005565909,81.73696060218809,87.50170929316127,93.9349274087014,81.09848272773081,16.977399548364218,1.840135863986712,0.0783830692570404,2.955888654392416,49.27529944385345,264.7258670059817,Rain Tree,4
69.0,-20.4545,-26.346466899000777,4.53678962013002,-2.1468294256147624,6.24548670504686,3.7988582576961543,-36.0575,-31.3253,-29.4253,-28.6537,-28.106200000000005,-27.1945,-26.538300000000003,-26.0081,-25.5332,-25.0589,-24.725700000000003,-24.4616,-24.1489,-23.8233,-23.5135,-23.1468,-22.6961,-22.1634,-21.6557,100.0,100.0,100.0,100.0,100.0,100.0,100.0,100.0,100.0,100.0,100.0,100.0,100.0,100.0,100.0,100.0,100.0,100.0,100.0,825508079.0,49655.0,15592.98235771897,9362.545644936708,0.4436387966471599,0.1578065055457793,2.9851117907714624,5.549419583572603,8.524822323392428,12.940753181895872,18.158960985771287,22.728362904368375,26.629607945968992,31.154435739931746,36.243847590497055,41.41517456911527,46.941488261315975,52.51438938370463,57.993663318224165,63.65874621561396,69.49155406145941,75.34416607447885,81.46924556022425,87.28186947277592,93.36451957364793,76.39069908010805,21.40684913394156,2.130673768912563,0.0680002266674222,3.3156577214104117,49.71772718309062,277.59970033654884,Narra,2
78.0,-24.8303,-29.82524055534233,3.5188555728337856,-1.4630114877790354,2.358557507550044,3.775389864406289,-37.20659,-34.79395,-33.4876,-32.29846,-31.19255,-30.45787,-29.71433,-29.3045,-29.0589,-28.8564,-28.649545,-28.41964,-28.152135,-27.83649,-27.42965,-26.9985,-26.686915000000003,-26.30512,-25.8811,100.0,100.0,100.0,100.0,100.0,100.0,100.0,100.0,100.0,100.0,100.0,100.0,100.0,100.0,100.0,100.0,100.0,100.0,100.0,1238215180.0,52016.0,18278.397153907477,10736.081685173083,0.5642602171856237,0.0279940260916311,2.464934406635202,5.528407832958404,9.64734812894153,13.876702997616292,18.45702505440129,23.10640546338642,28.367097954654376,33.79101078376377,39.32696730466509,45.06410372064733,50.83560855714917,56.85164350836015,62.63853468506176,68.18758981778919,73.5540007674595,79.15777078423477,84.20975068323746,89.35011457378515,94.64903014676337,81.58306515898556,17.30684066015175,1.0909037229488354,0.0191904579138496,3.477769463883257,49.69400516666175,185.5873576896676,Narra,2
79.0,-24.6616,-32.29812356605969,4.9360300170396965,-0.5513001638326294,-0.663993754122703,4.290262834576284,-41.54051,-40.21514,-37.5676,-36.64748,-35.86815,-34.827510000000004,-34.1273,-33.441700000000004,-32.634065,-31.678,-30.648605,-29.60142,-28.8269,-28.42829,-28.031,-27.6484,-27.175145,-26.47483,-25.986915000000003,100.0,100.0,100.0,100.0,100.0,100.0,100.0,100.0,100.0,100.0,100.0,100.0,100.0,100.0,100.0,100.0,100.0,100.0,100.0,1619744557.0,50970.0,18117.13745470001,10386.713686800464,0.3907610532253324,-0.2844519875502924,3.9626866299758152,8.469967218417391,11.977002618197409,16.445261251154182,21.13160914915796,25.48867024839152,30.45238490651708,35.6607942594247,40.53025800660246,45.46103845928837,50.47237723176371,55.52937122788554,60.59584443474688,66.12593055930856,71.79892360027236,77.5632890118735,83.21043927422193,88.85738265209679,94.38234235103528,84.09914545210505,14.913202988680595,0.9641626772851328,0.0223703637421144,2.395482080420843,49.15375657017583,197.2574351962701,Narra,2
84.0,-31.0958,-35.98104788891398,4.134098003477673,-1.1191168365241302,-0.2151197796984036,3.956448984179971,-44.21163,-43.582510000000006,-42.36547,-40.61064,-37.914325000000005,-36.48436,-35.077965,-34.51736,-34.115125000000006,-33.828149999999994,-33.691720000000004,-33.55908,-33.45079,-33.33341,-33.220825,-33.11412,-32.943014999999995,-32.730999999999995,-32.00058,100.0,100.0,100.0,100.0,100.0,100.0,100.0,100.0,100.0,100.0,100.0,100.0,100.0,100.0,100.0,100.0,100.0,100.0,100.0,184103419.0,51458.0,20783.858545947165,11000.390012494085,0.3160293684360237,-0.3629891466513282,4.006293875509178,7.532919309879846,11.212533212107267,15.964596507574909,20.59794826515416,24.670032336553184,28.42926235932642,32.813669799364234,38.19457367057371,43.92587136037924,49.08196626158257,54.39259930311234,59.815952141551485,65.44589158336055,71.23149733574475,77.13076800599777,83.43947811202789,89.67769903284632,95.2285758473611,87.18672386543238,12.361706931587266,0.4402799729058478,0.0112892300745089,3.0522067123832266,49.05959783246782,135.76185699158714,Mahogany,1
85.0,-26.5116,-31.38175195163864,4.217461356364248,-1.145602234807073,0.4726099692038907,4.026998590557708,-39.84971,-37.11226,-36.156735,-35.36712000000001,-34.24835,-33.5883,-31.30826,-30.67662,-30.067390000000003,-29.41645,-29.077395,-28.79904,-28.611500000000003,-28.42169,-28.212850000000003,-28.01672,-27.780745000000003,-27.51285,-27.227695,100.0,100.0,100.0,100.0,100.0,100.0,100.0,100.0,100.0,100.0,100.0,100.0,100.0,100.0,100.0,100.0,100.0,100.0,100.0,303035084.0,52866.0,18597.95532097705,11862.529544731344,0.5529820936178979,-0.3630448899099154,4.0557135621959866,8.227804408284289,12.632749480584897,17.38608094632369,21.860683959617035,25.551533828340485,28.45632223891277,32.92544535866349,37.48056380164879,42.96133645040256,48.21089428707865,54.0225375356208,59.56411568503401,65.40520238904087,71.59055319152418,77.66842996964668,83.71980981581657,89.34803766814011,95.07614867458712,76.43918006628206,22.290413649196022,1.2519945992389836,0.0184116852829262,3.4989436450414457,49.04091970664049,144.17319687511483,Narra,2
86.0,-26.5693,-32.10438665625311,4.482694253459011,-1.3201845955897362,0.9393411860368616,3.875128228698739,-41.4623,-39.51142,-37.26124,-35.85814,-34.953199999999995,-33.3155,-32.213159999999995,-30.978560000000005,-30.371279999999995,-29.9224,-29.564200000000003,-29.3526,-29.181,-29.056400000000004,-28.9323,-28.78876,-28.63502,-28.42142,-28.05816,100.0,100.0,100.0,100.0,100.0,100.0,100.0,100.0,100.0,100.0,100.0,100.0,100.0,100.0,100.0,100.0,100.0,100.0,100.0,664099451.0,55899.0,22071.17056067001,13441.44221480104,0.4244268803516729,-0.6223620932972524,2.4025749420473472,6.1090791354983365,9.915679481566082,13.853178595685964,17.79481383730281,21.789061680763236,25.78798909442255,29.90773259952597,34.129276369481595,39.29993687044925,45.22949093659167,51.26325710514704,57.44965297373812,63.43275850712907,69.59191824418478,75.69272843744604,81.85173157145104,88.00007003770283,94.0351048415488,80.31838877995281,18.4618963740902,1.1931270563993486,0.0265877895576456,6.045207098245673,49.20639911927947,157.02965214776123,Narra,2
87.0,-26.0505,-30.0800811846931,3.446091139700269,-1.1489967861884602,0.3587022154772392,3.722265258423117,-36.42415,-35.6697,-35.16589999999999,-34.3088,-32.244150000000005,-30.905400000000004,-29.68515,-29.1486,-28.7393,-28.4406,-28.22445,-28.0376,-27.85185,-27.670900000000003,-27.5133,-27.363,-27.223650000000006,-27.0935,-26.934800000000003,100.0,100.0,100.0,100.0,100.0,100.0,100.0,100.0,100.0,100.0,100.0,100.0,100.0,100.0,100.0,100.0,100.0,100.0,100.0,269609906.0,52896.0,18656.83385232856,11933.891793778384,0.5673614613970469,-0.3667094265821382,2.869535513283403,6.901195982020038,11.276938021706073,15.260743052964823,19.10275915455421,22.63165582647397,25.85123559962964,30.204904637294742,35.05365934143384,39.94156282966843,45.32983665666943,51.26506071331074,57.28009860290519,63.64205512537807,69.73733190649159,75.72851496042581,81.77842063414391,87.8419801088466,93.93973788188627,74.48619472700851,24.053698705971904,1.4324268216732403,0.0276797453463428,5.153680517351482,49.44563704933914,190.6812795553659,Narra,2
88.0,-26.1825,-31.16345890499195,2.377610843563479,-3.083498933958153,20.394049007049357,3.365622992847333,-34.390134999999994,-33.49964,-32.790175,-32.45232,-32.147425,-31.708,-31.40377,-31.21048,-31.075935,-30.95405,-30.833255,-30.6912,-30.503765,-30.303,-30.037025000000003,-29.763320000000004,-29.400025,-28.74478,-27.836170000000006,100.0,100.0,100.0,100.0,100.0,100.0,100.0,100.0,100.0,100.0,100.0,100.0,100.0,100.0,100.0,100.0,100.0,100.0,100.0,273132168.0,53224.0,21991.317874396136,12625.438555702249,0.3784298120641845,-0.5406567981669657,2.745105805333043,6.199092960738334,10.659678137948218,15.133750924570702,19.929326303300897,25.43130291412617,30.741348269164693,35.765749496046176,41.024812939646125,46.729369497041446,52.275405729580704,57.8403566144578,63.9447939358062,69.40763015508301,75.222413201802,81.02254876108185,86.34945811289427,90.41441943960258,94.71956228897945,83.42995169082126,15.547504025764896,0.9742351046698872,0.0483091787439613,3.2356681267094105,50.01988375201288,221.26587647427357,Narra,2
89.0,-25.3101,-29.425101612600084,2.938641481913607,-2.520194446214026,8.437237596105435,3.496812638335685,-35.601769999999995,-32.45346,-31.463,-30.67962,-30.07785,-29.5748,-29.28033,-29.0535,-28.80092,-28.5914,-28.44075,-28.30528,-28.15597,-28.017100000000003,-27.846650000000004,-27.56278,-27.26166,-26.93016,-26.52515,100.0,100.0,100.0,100.0,100.0,100.0,100.0,100.0,100.0,100.0,100.0,100.0,100.0,100.0,100.0,100.0,100.0,100.0,100.0,646625748.0,56144.0,24306.497312333195,13965.962919325902,0.2605290168116456,-0.7987011635224333,3.0220083348737914,6.079243537948322,9.997098043179069,14.575283043013004,19.128789625618182,24.13259593863249,29.21388246358541,34.46342875910348,39.741326075373046,45.33622546066631,50.756664889255234,56.04276447711142,61.525589451164265,66.88008362450795,72.32085970074918,78.10607520070482,83.3879669449847,88.48919421625011,94.34028630731234,84.73480434537458,14.52843664248393,0.7217231139345187,0.0150358982069691,5.068323223953709,49.61836429350074,153.2959336844732,Narra,2
91.0,-24.1616,-30.04437487406997,2.8195910412945184,-2.2488835797665607,7.358940107595668,3.44097302884184,-35.97227,-33.642959999999995,-32.05142,-31.395840000000003,-30.88255,-30.30636,-29.94833,-29.66174,-29.42587,-29.2466,-29.06802,-28.88176,-28.71473,-28.56914,-28.4094,-28.25026,-28.05318,-27.8288,-27.2688,100.0,100.0,100.0,100.0,100.0,100.0,100.0,100.0,100.0,100.0,100.0,100.0,100.0,100.0,100.0,100.0,100.0,100.0,100.0,499491171.0,57345.0,23082.913766809925,14808.57329659889,0.4406425178642793,-0.7483803994141449,2.4183512545009527,5.076153187900893,7.730476381133071,12.38161825286798,17.869292027986617,23.15106466616604,28.22098270882149,33.81955353921561,39.60451805463444,45.37033868812868,50.942983534738,56.28039139054172,61.6244139778799,67.37285852846436,73.02764236447334,78.8255062069956,84.49386846119047,90.16598733834276,95.2165038368616,76.76417579370582,21.53981237580295,1.682147973566246,0.0138638569249965,9.263909295107135,49.520312431258375,192.2718114626826,Narra,2
92.0,-24.1604,-31.041179911470124,5.437137407657894,-1.4029552183357266,1.2218169140961237,4.131302172211555,-43.956975,-40.67405,-36.415125,-33.6967,-32.4224,-31.547,-30.9255,-30.3206,-29.842275,-29.4221,-28.990525,-28.6366,-28.2366,-27.8199,-27.3756,-26.8951,-26.4367,-25.88615,-25.3103,100.0,100.0,100.0,100.0,100.0,100.0,100.0,100.0,100.0,100.0,100.0,100.0,100.0,100.0,100.0,100.0,100.0,100.0,100.0,2103238484.0,60174.0,21451.548089672197,13987.650657664804,0.5665189116332564,-0.4441098598234441,4.990147327486805,10.324446640355408,14.663219808220283,19.2031693539514,23.72191260266042,28.46434460734221,33.25319127243584,38.365259391098135,43.44214524176613,48.15306512811031,53.14105682748623,57.999331758138375,63.41745309182922,68.84676212495549,73.90840020403506,79.22397044728096,84.26254628193652,89.2610553335615,94.82355349484942,77.52789506966118,21.20331273075903,1.242274034636803,0.0265181649429859,2.769959973204181,48.895955771780606,172.01289670853913,Narra,2
93.0,-16.696199999999997,-25.14419556972449,8.382048383916324,-1.4148372597456165,1.225280215608989,3.9743454905113778,-45.1601,-37.081,-33.0917,-31.37308,-30.1974,-27.39096,-24.337940000000003,-23.28046,-22.4325,-21.8662,-21.27519,-20.34806,-19.77635,-19.30412,-18.9796,-18.62212,-18.22403,-17.934599999999996,-17.651400000000002,100.0,100.0,100.0,100.0,100.0,100.0,100.0,100.0,100.0,100.0,100.0,100.0,100.0,100.0,100.0,100.0,100.0,100.0,100.0,727072413.0,57508.0,17106.37867915206,11051.966331172862,0.710113080345421,0.4400602884031515,5.367506633758088,8.990417849893035,11.883240851279554,14.962956516409598,18.539789791199244,22.787915624024645,26.248761552172933,30.99243843817796,36.10199566188189,40.98746007572701,46.49976727971386,52.06218641113537,57.339037425423534,62.78850150789589,68.28980953235533,74.14811556053358,80.7968907218049,87.4562217780088,93.86196351256692,71.25614662494412,25.51349316518834,3.089193703973837,0.1388137307954732,3.489046134226326,50.00002597463708,176.89738012564996,Narra,2
94.0,-22.1302,-27.76457701373356,5.20339534430622,-1.912643764081696,3.790611739455689,3.790851450402268,-36.78304,-34.84198,-32.88098000000001,-31.10922,-29.818,-28.079680000000003,-27.036,-26.489700000000003,-26.07306,-25.7078,-25.45132,-25.215020000000003,-24.96936,-24.67558,-24.3509,-24.064039999999995,-23.8449,-23.58316,-23.219960000000004,100.0,100.0,100.0,100.0,100.0,100.0,100.0,100.0,100.0,100.0,100.0,100.0,100.0,100.0,100.0,100.0,100.0,100.0,100.0,997456884.0,61721.0,23990.59297207591,15371.329180280449,0.3879962070394807,-0.8161793946697347,2.480667826039085,6.963032399102677,10.15891239264834,13.294459753309996,16.588609357875765,19.361268551834467,23.337140756050964,28.61398768991804,33.54348617639096,38.729758568692176,44.32922766815052,50.06227467171404,56.02215333449941,62.01534170774242,67.94369489759319,73.82456793992111,80.01437212999375,86.57855019626092,93.36115404462936,73.88941001034226,23.94833682083845,2.13339105755586,0.0288621112634389,5.680925567304259,49.37360038242298,161.3626587027857,Narra,2
95.0,-22.8401,-30.331486516262803,4.340921646647344,-1.4310368102171738,3.1694153470805317,3.8898042170385314,-38.54076,-35.32116,-34.36,-32.1592,-31.7764,-31.55728,-31.2717,-30.406820000000003,-29.96066,-29.672400000000003,-29.30942,-28.9453,-28.6481,-28.2721,-27.9163,-27.3824,-26.17496,-25.4525,-24.46682,100.0,100.0,100.0,100.0,100.0,100.0,100.0,100.0,100.0,100.0,100.0,100.0,100.0,100.0,100.0,100.0,100.0,100.0,100.0,803982913.0,63828.0,24881.097793457742,15732.787579260788,0.5061947947957455,-0.6110853833303258,2.266876783735825,4.76014419973127,8.180641147531452,10.994650579097568,15.564548447063824,20.89272785328461,26.272940330511723,31.28057635722415,36.551235884288005,42.13255810823433,47.89821024467469,53.44475523698101,59.29863748236152,65.77703598534065,71.73970574173136,77.97107399470316,83.49895441123635,89.06904206806196,94.2804520772197,79.37362671370656,19.326586822641044,1.2502707888465945,0.0495156748058057,4.450629377785288,49.33567026274255,206.84985389238597,Narra,2
96.0,-23.084,-31.157521487437688,4.019800499755974,-0.4348773357410747,-0.4529737733618941,4.058792593837546,-39.01089999999999,-37.5676,-36.116800000000005,-34.2238,-33.421600000000005,-32.946,-32.1671,-31.5389,-31.1593,-30.7817,-30.2555,-29.8065,-29.2865,-28.815500000000004,-28.3676,-27.662,-26.6168,-26.0889,-25.5824,100.0,100.0,100.0,100.0,100.0,100.0,100.0,100.0,100.0,100.0,100.0,100.0,100.0,100.0,100.0,100.0,100.0,100.0,100.0,1008627567.0,62587.0,25265.5887127076,15292.073976926198,0.3520944593716134,-0.7085278761182816,3.1507951041357964,7.153589229630882,10.734018635046883,14.25428886775608,18.713818477261587,22.846998390635896,27.13401397643933,31.672416008831927,36.52835596154195,41.69623593085871,47.03624246669038,52.462253294728754,57.7676288119934,63.646827431993046,69.4023777361223,75.54512348560468,81.15526342737766,87.4741714252591,93.61579971569428,82.94130908544375,16.279652313318806,0.7589990230705643,0.0200395781668795,1.7599532917545495,49.01069790586409,183.1148101234892,Narra,2
97.0,-17.424100000000003,-23.70741026537588,5.827437586627404,-2.023197860148339,4.479955980004987,3.80241872379414,-36.54067,-30.25144,-28.66863,-26.9795,-25.27765,-24.171399999999995,-23.51086,-22.90382,-22.2416,-21.815100000000005,-21.43369,-21.03746,-20.5429,-20.2112,-19.855000000000004,-19.50484,-19.1281,-18.83422,-18.47973,100.0,100.0,100.0,100.0,100.0,100.0,100.0,100.0,100.0,100.0,100.0,100.0,100.0,100.0,100.0,100.0,100.0,100.0,100.0,755725040.0,61644.0,19719.882055162696,12369.580188314663,0.7050785488880034,0.3999413502670905,4.398186938466403,7.106825254857243,10.95011077044635,15.22482767012722,19.785830042101026,24.91612002164173,29.522730912819828,34.44350156771304,39.26929336627512,44.235053399845,49.308128125541536,54.39759637976267,59.55475446466615,64.93953793035627,70.72558916401658,76.68513286260834,82.73119440372123,88.31121752959251,94.03196776436045,77.21994624637945,20.695143908357903,2.011846671711505,0.0730631735511311,5.6854592144458,49.7459226521932,185.6971257162039,Narra,2
98.0,-18.4507,-24.55321924686192,5.643259240319879,-1.0303389321366565,-0.1927092338294138,3.943094395298652,-36.8463,-33.2496,-32.61409999999999,-30.7713,-26.6973,-25.7478,-25.2147,-24.399400000000004,-22.760500000000004,-21.8926,-21.527899999999995,-21.242,-20.948600000000003,-20.4678,-20.0494,-19.7561,-19.5709,-19.4006,-19.027899999999995,100.0,100.0,100.0,100.0,100.0,100.0,100.0,100.0,100.0,100.0,100.0,100.0,100.0,100.0,100.0,100.0,100.0,100.0,100.0,159237205.0,60797.0,17083.704001716553,9842.153931732442,0.453972782469825,0.4348302901347383,3.108900963188848,6.923505722170896,11.724609208005129,14.504063293499785,17.617718170825718,21.424263255562668,25.61582137792484,29.881401774164523,33.521931636516726,38.18381388947388,43.93016380813768,49.66111782733187,55.34412702106898,61.08226654694171,67.42268743036529,74.01996537178607,80.46843826478869,86.67383793881586,93.05685062733926,77.28784465186139,20.695204377212743,1.9633086578693275,0.0536423130565389,2.313754775504206,50.13570451668275,135.50640929846713,Narra,2
99.0,-17.803399999999996,-24.44686788200199,7.012236074272139,-2.06768142634937,3.3807687101236468,3.5039411936976035,-42.5041,-34.288380000000004,-30.286660000000005,-26.50412,-24.846775,-24.04475,-22.692665,-21.9831,-21.567454999999995,-21.36355,-21.219760000000004,-21.10012,-20.9379,-20.792620000000003,-20.637025,-20.4536,-20.13434,-19.62734,-19.24955,100.0,100.0,100.0,100.0,100.0,100.0,100.0,100.0,100.0,100.0,100.0,100.0,100.0,100.0,100.0,100.0,100.0,100.0,100.0,226101487.0,61439.0,18735.622058336096,10854.653724532476,0.5368213566752236,0.4801560613822713,4.54355835351052,8.781835654181256,10.902856202798878,13.332538586975328,16.556573110905724,20.211045759287728,24.84633548650655,30.413038371569844,35.97526627500685,41.3674293968708,46.91209394832507,52.542431974363794,58.155012045542186,64.00203329932103,69.83986487448443,75.5735551619791,81.35164055776423,87.92601129598056,93.8650124844159,74.86741796486575,22.50580046403712,2.5522041763341066,0.0745773947630096,7.914708346491093,50.30202283725554,91.70311461962164,Narra,2
100.0,-22.0772,-30.062994608902333,6.715602338659767,-1.0920712715149137,-0.1923980446893729,3.6013229887518943,-43.088075,-40.04,-39.57045,-38.299400000000006,-36.701175,-30.69765,-29.555375,-27.0299,-26.4588,-26.28915,-26.151225,-25.9878,-25.802299999999995,-25.6322,-25.434925,-25.1128,-24.73765,-24.50705,-24.166875,100.0,100.0,100.0,100.0,100.0,100.0,100.0,100.0,100.0,100.0,100.0,100.0,100.0,100.0,100.0,100.0,100.0,100.0,100.0,171977848.0,62508.0,18580.1477960242,11309.894432758994,0.6022504480586555,0.2586990577325316,3.394724418228562,6.678610724330031,9.822290019584385,13.145298806157871,16.996940792048985,21.21826701773824,24.5158260149877,28.680372834994422,33.506551378640346,38.7811149956941,44.49430312676084,49.74046134127693,55.51790425939043,61.70859749332368,68.46406346473181,74.97085264144019,80.75868410680427,86.68986601111557,93.59521872840274,71.96413137424373,25.334917891097668,2.6361279170267933,0.0648228176318063,2.3172144685548246,49.974571780466725,161.27320390928247,Mahogany,1
102.0,-24.6715,-30.1206953808648,4.435743548434012,-3.055994110639886,9.283706555316492,3.449854368555043,-44.0833,-32.2542,-31.580500000000004,-31.0639,-30.4845,-30.0363,-29.7099,-29.4656,-29.2209,-28.9588,-28.7798,-28.5826,-28.352300000000003,-28.1287,-27.9125,-27.6783,-27.426900000000003,-27.1811,-26.8577,100.0,100.0,100.0,100.0,100.0,100.0,100.0,100.0,100.0,100.0,100.0,100.0,100.0,100.0,100.0,100.0,100.0,100.0,100.0,527562484.0,65535.0,22563.72627346991,15213.854675638651,0.7884676257617909,0.0170157715847114,2.640421641505501,5.445917757866953,10.260070350263952,16.48304829044667,20.760327794650387,25.41475845352188,30.592013438165555,36.15851198395677,41.465528659539785,46.98429219618278,52.36395239961757,57.55457565856786,62.53530529665184,67.35817041152607,72.54733469637694,78.21225305323264,83.91198813902014,89.27462874710402,94.59976839444862,78.1489243402763,20.42684230785681,1.3600786963774003,0.0641546554895,3.659041773873649,49.82857168641204,216.597816620794,Narra,2
103.0,-22.1778,-25.878115925470205,3.3941649950197204,-2.393297775561699,7.255233288914056,3.341816038236218,-32.76488,-29.56234,-27.73542,-26.91234,-26.5498,-26.34682,-26.15682,-25.82434,-25.0601,-24.7878,-24.61192,-24.4626,-24.302460000000004,-23.9771,-23.6288,-23.3999,-23.25336,-23.11056,-22.94312,100.0,100.0,100.0,100.0,100.0,100.0,100.0,100.0,100.0,100.0,100.0,100.0,100.0,100.0,100.0,100.0,100.0,100.0,100.0,103176746.0,62244.0,18136.183160485147,10786.36947736871,0.5725794251705815,0.5787731339100164,2.274736402328486,6.106792706953561,9.340221875188814,13.10506245273523,17.40822394224373,21.84464995629926,26.56404089347807,31.45168098245704,37.33543990619747,42.83424871724487,48.24196238947098,53.64350897439623,58.69360233554952,64.5395465369687,70.5018754904327,76.47029205592509,82.59434640437294,88.93697325945907,94.8040336530869,78.34417296537177,19.79258217612937,1.845667076814906,0.0175777816839514,1.2124827950904515,50.266395306732285,191.7953454113976,Narra,2
104.0,-21.9036,-31.385451097198317,6.553793012058071,-1.1419104299681333,0.3077033412083296,4.08243302496189,-46.599540000000005,-42.54062,-38.17916,-36.49236,-34.9042,-33.99358,-32.1681,-30.76948,-29.43192,-28.4103,-27.91216,-27.48532,-27.15998,-26.79512,-26.3835,-26.068600000000004,-25.78022,-25.43348,-24.80764,100.0,100.0,100.0,100.0,100.0,100.0,100.0,100.0,100.0,100.0,100.0,100.0,100.0,100.0,100.0,100.0,100.0,100.0,100.0,509437203.0,65535.0,15947.322053529504,12046.382339400783,1.2577990976187567,1.735842760969108,3.847309321851785,7.761181705451535,11.562549349188382,15.215337149218763,19.04764678130505,23.349331242304263,26.85542559403539,30.378267054045523,33.99930864491654,38.59761749673394,43.80605925240996,49.26854880678984,54.99895538646007,61.14246548263967,67.87027212851591,74.48350233659711,81.04102813237219,87.48159682401523,93.73554271025628,61.652840820159646,33.63593676631711,4.520269212709344,0.1878228204726874,3.915881325229457,50.11124050086086,191.09758324289703,Narra,2
105.0,-20.1838,-23.773252923728812,4.285764928045562,-2.803018067097581,8.573014178734077,2.977866130680608,-36.094755,-29.77209,-24.00316,-23.54392,-23.369775,-23.25508,-23.122585,-22.95636,-22.78945,-22.66775,-22.56403,-22.3874,-22.19573,-21.93672,-21.735825,-21.426700000000004,-20.88667,-20.734980000000004,-20.610475,100.0,100.0,100.0,100.0,100.0,100.0,100.0,100.0,100.0,100.0,100.0,100.0,100.0,100.0,100.0,100.0,100.0,100.0,100.0,43838397.0,60425.0,18575.591949152546,9866.123753333224,0.3343484337224868,0.3602334634484951,1.855293659574277,3.899225603527428,6.113982680525476,11.2629186692205,16.038823226132102,21.34289946778848,27.16707228140664,33.02522443966188,39.22355098887398,45.03257498215548,50.22088284843079,56.10413172726183,61.49061746030541,66.97767256407666,72.3104177372179,77.55751424943755,84.28954644486659,89.93121258516821,95.19871358434936,83.55932203389831,15.38135593220339,1.059322033898305,0.0,1.622687106837802,50.21555516949152,176.6013070228946,Narra,2
106.0,-15.8836,-23.214130851381945,6.449068713186291,-1.6796672930748044,2.869852007443617,3.759697493438619,-36.11698,-34.64106,-29.97334,-28.63802,-24.8331,-23.06338,-22.46662,-21.91862,-21.52642,-21.1947,-20.53488,-20.07218,-19.685900000000004,-19.3385,-18.9489,-18.497960000000003,-17.96584,-17.5931,-17.069480000000002,100.0,100.0,100.0,100.0,100.0,100.0,100.0,100.0,100.0,100.0,100.0,100.0,100.0,100.0,100.0,100.0,100.0,100.0,100.0,427356109.0,61099.0,18256.06001965056,10268.41132663476,0.4474225723290076,0.63365094635656,3.3621751736793355,7.576118679047594,10.406042657038512,12.91077928641474,15.804463672707204,20.17583607304886,24.94032277891224,30.03607162662556,35.30555778249095,40.54385308904055,46.53774798384829,52.50708864910598,58.31185368640652,64.31657257530861,70.16201188784224,75.62171037082331,81.63611205099211,87.491985518803,93.7516543141308,78.2476825152719,19.778717587252768,1.8838908112264516,0.0811653637489854,1.2128981726260804,50.2377410867615,196.88844248129365,Narra,2
107.0,-15.497700000000002,-21.01423839091971,6.26817716255533,-2.19593377139468,5.616317329130558,3.38643252377191,-31.97056,-30.624700000000004,-28.9145,-25.99312,-21.0228,-19.82554,-19.46164,-19.1868,-18.9162,-18.6595,-18.33342,-17.99814,-17.716720000000002,-17.437759999999997,-17.2003,-16.909660000000002,-16.6965,-16.48012,-16.25238,100.0,100.0,100.0,100.0,100.0,100.0,100.0,100.0,100.0,100.0,100.0,100.0,100.0,100.0,100.0,100.0,100.0,100.0,100.0,330381022.0,60245.0,18382.074333722805,10408.37389060151,0.4091694281957567,0.4177575018868871,2.861006344365628,5.655226770259219,7.853609097437807,9.948987929458006,12.349123067970895,17.39691755054865,22.979154050803803,28.58068070265852,34.01207924104067,39.72802045512166,45.50076093656493,51.40320408597804,57.12123319238355,62.98640937069321,68.8867358731035,75.4618084570245,81.58454119680034,87.60007377179188,93.80342161421125,76.169810270962,21.576809658932845,2.197741056028488,0.0556390140766705,3.238445144632074,50.26943515829299,39.74313051028932,Narra,2
108.0,-15.185699999999995,-23.062562926568308,7.91618747139549,-1.5313267500244383,1.802833502544381,3.712534841671751,-39.066775,-35.2469,-31.177125,-29.8408,-28.238225000000003,-24.70785,-22.529625,-20.605,-19.551,-18.8978,-18.48725,-18.256300000000003,-18.032599999999995,-17.844900000000003,-17.654174999999995,-17.4332,-17.1946,-16.8527,-16.552774999999997,100.0,100.0,100.0,100.0,100.0,100.0,100.0,100.0,100.0,100.0,100.0,100.0,100.0,100.0,100.0,100.0,100.0,100.0,100.0,599159757.0,58386.0,16870.136192138754,10172.601046273016,0.4916467326079513,0.351652019636318,3.6407371732077127,6.603163937126705,9.82351940569333,13.07660187197786,16.46690750627299,19.57617690935808,24.88392323718764,28.74113272597512,33.02629402061127,38.29596936698137,43.91367926935053,49.75322383008444,55.75250592138817,61.99851002342937,68.29815457716063,74.35240831770349,80.26330863873423,86.74089454909769,93.39517774055042,73.10507940083343,24.04831625183016,2.753688478432256,0.0901002365131208,7.990445991363724,50.42607824642415,90.68267519306588,Narra,2
109.0,-21.4304,-26.1019999480452,3.9581078523768176,-1.3758297586993666,1.649946348517077,3.5983389880470025,-33.78728,-31.62634,-30.6621,-29.72632,-28.70475,-26.66446,-25.56005,-25.30036,-25.066980000000004,-24.868500000000004,-24.660129999999995,-24.3216,-23.692520000000005,-23.39174,-23.1758,-22.9254,-22.69467,-22.43574,-22.13816,100.0,100.0,100.0,100.0,100.0,100.0,100.0,100.0,100.0,100.0,100.0,100.0,100.0,100.0,100.0,100.0,100.0,100.0,100.0,137449714.0,59331.0,17852.9307702299,11573.47554475302,0.5637322525540273,0.1159967400422736,1.4600874324118274,3.821777322868784,6.601484816476227,9.81543257339917,14.551243809790684,18.852947194928323,23.94551071965126,29.263866638529347,34.63452823190305,39.89266067152384,45.397062084829074,50.832293474251976,56.43056921893631,61.75230019030814,67.82722297988921,74.44449466078919,81.2043122912573,87.5099747388343,93.77907908924423,79.85452656189116,18.158202363943367,1.896350175347448,0.0909208988180283,2.3461792048351064,50.30252932848422,154.55391133125096,Mahogany,1
114.0,-21.9488,-30.065624469353686,3.4713142109397666,-2.039289200395152,5.8762126941954005,3.531927001720437,-38.64119,-33.76554,-32.72625,-32.11708,-31.4167,-30.64098,-30.16612,-29.93044,-29.68969,-29.384,-28.95462,-28.5363,-28.2033,-27.94684,-27.68665,-27.4144,-27.16824,-26.855,-26.570290000000004,100.0,100.0,100.0,100.0,100.0,100.0,100.0,100.0,100.0,100.0,100.0,100.0,100.0,100.0,100.0,100.0,100.0,100.0,100.0,235754450.0,64848.0,18741.90714683202,12882.969356088724,0.8226743088495792,0.4900169763080644,2.154262199504612,4.783465593120299,7.616947633438096,11.340910001910888,15.289478947269076,19.2039887264058,24.008868125288835,29.57821580886384,35.49170206543291,41.193320423007926,46.69549524940038,52.85548077671493,58.95437901596343,64.84215674401904,71.18021356542793,77.30844062540496,83.39009634812832,89.21215527426948,94.39930190077006,73.92479529374354,22.76810557278003,3.0527068924397804,0.2384927259718578,2.156923945765002,50.33172783210112,200.3550280255305,Mahogany,1
115.0,-20.361100000000004,-26.306514699522666,6.245748895258662,-2.353806311350381,5.615885339321251,3.6944959587528583,-39.7158,-33.988299999999995,-29.179,-27.801,-27.35075,-26.8316,-26.03555,-25.1923,-24.6337,-24.2033,-23.84775,-23.4368,-23.05695,-22.7336,-22.4413,-22.1977,-21.973750000000003,-21.732600000000005,-21.4157,100.0,100.0,100.0,100.0,100.0,100.0,100.0,100.0,100.0,100.0,100.0,100.0,100.0,100.0,100.0,100.0,100.0,100.0,100.0,601734098.0,65535.0,24549.553180204806,15542.845828995083,0.5443204397633225,-0.3553083495504214,3.311647963150661,6.228684085640764,9.181808074968025,12.54895347479544,16.834831088465258,21.39126657901311,25.789701217829275,30.633154845747168,35.68453037873217,40.92149436411031,46.21331646723467,51.76049338656558,57.30614770645754,63.01869202034152,68.93753875320525,75.33168861572474,81.65029547652458,87.87241137862193,93.98987707025373,79.82130472032965,17.94704418424381,2.133735873689364,0.0979152217371792,7.106641286062316,50.96364835380033,240.1601723018261,Mahogany,1
116.0,-20.7037,-28.469549801831352,4.527648272453106,-1.5557308100977898,1.7837209431062258,3.6106152734298913,-39.5674,-35.388600000000004,-33.40184,-31.1276,-29.750499999999995,-28.94178,-27.50644,-27.09876,-26.74218,-26.525700000000004,-26.32982,-26.16542,-25.916120000000003,-25.74332,-25.5606,-25.416,-25.29142,-25.14576,-24.903740000000003,100.0,100.0,100.0,100.0,100.0,100.0,100.0,100.0,100.0,100.0,100.0,100.0,100.0,100.0,100.0,100.0,100.0,100.0,100.0,150314956.0,64338.0,20543.249419160857,14630.495829565933,0.804239759346914,0.1715125699314268,3.0821277691090163,5.266515861535429,7.779988306685863,10.66002108266592,13.261720942791614,16.741033407214648,20.054400973912404,24.47581263969501,30.02735137014576,35.82929166409762,42.024870100085046,48.53296500981579,55.55505800766758,61.91347918832509,68.61197763980319,75.33692854887973,82.13854248808083,88.47008943008971,95.26470539631464,65.98332649993166,29.738964056307232,4.072707393740604,0.2050020500205002,2.0707783809154776,50.44897237939046,218.2413868891964,Mahogany,1
117.0,-21.1297,-27.18502913455436,5.070648623475928,-2.8114563517780224,9.350931104135604,3.632617315041767,-36.2157,-32.21685,-30.055950000000003,-28.8659,-28.08575,-27.266450000000003,-26.823975000000004,-26.4652,-26.1961,-25.91605,-25.600524999999998,-25.1465,-24.795425,-24.49825,-24.2551,-24.0357,-23.78795,-23.4176,-22.852325,100.0,100.0,100.0,100.0,100.0,100.0,100.0,100.0,100.0,100.0,100.0,100.0,100.0,100.0,100.0,100.0,100.0,100.0,100.0,1109311781.0,65535.0,25145.3391286608,16224.18362054403,0.5612709043592363,-0.4113192025489876,3.049090668586346,6.745668195513376,10.210626168406302,13.867907889819842,18.379491455161965,22.854022678048167,27.72979934664554,33.091056841485035,38.4274669485368,43.533783853324096,48.87506139268163,54.54043861813093,59.67149978370237,65.32937217584639,71.39392121897964,77.5363837950622,83.55283463810973,89.59506777292579,95.39161416334044,78.8580106990661,19.35578928279989,1.7295312358328043,0.0566687823012059,3.63155305261435,51.13900231888657,162.4657573137773,Mahogany,1
119.0,-23.7297,-28.57299013424586,3.9104791418279863,-2.011809328817032,5.728101139722117,3.642934027974968,-33.752500000000005,-32.79526,-32.15415,-31.48964,-30.7523,-29.6148,-28.988750000000003,-28.3792,-27.9899,-27.5643,-27.14813,-26.67946,-26.33018,-26.02652,-25.7337,-25.48244,-25.24862,-25.00624,-24.6949,100.0,100.0,100.0,100.0,100.0,100.0,100.0,100.0,100.0,100.0,100.0,100.0,100.0,100.0,100.0,100.0,100.0,100.0,100.0,527391745.0,64560.0,27764.76678073177,17688.128031098782,0.3437628208524323,-0.9622757666742996,2.1395306443410487,6.375499677189676,10.963461136465078,15.642145289930545,19.978284453428447,23.976345325617487,28.49227190691049,32.82364971412285,37.64838203904765,42.84491047541899,47.77007421684235,53.39201962670083,58.601892413010745,64.00735263689043,69.95387650597375,76.05340940632281,82.17214397240897,88.34604303486017,94.27759074992728,79.71571466175308,18.55751513556199,1.668860226375362,0.0579099763095551,3.418430806126652,51.91413315609371,139.93320935443626,Mahogany,1
120.0,-26.5594,-30.27450349339588,2.0118589710689245,-1.6061488744822028,8.478891020130655,3.456688710763027,-33.734399999999994,-32.9294,-32.458,-32.0154,-31.4312,-31.0376,-30.6545,-30.3912,-30.1838,-29.9886,-29.7703,-29.5332,-29.2788,-28.9966,-28.7393,-28.515500000000003,-28.324900000000003,-28.0249,-27.7258,100.0,100.0,100.0,100.0,100.0,100.0,100.0,100.0,100.0,100.0,100.0,100.0,100.0,100.0,100.0,100.0,100.0,100.0,100.0,210767923.0,63548.0,26017.51919516109,15892.183015574876,0.4507244060192577,-0.6158376784998159,2.633348529035892,6.196366512564628,10.622185141521747,14.874525285330066,19.68351749616093,24.474416821007438,29.35541904068581,34.69380300341054,39.69618754557827,44.49495097031439,49.39699244462357,54.84029275175806,60.66893680021699,66.59349250217738,72.30847551693148,77.8159060759924,83.19913367462468,89.04550290605654,95.14273241664009,83.94025428959388,14.936427601530674,1.098629798790273,0.0246883100851746,3.402832230448022,52.201617676830026,150.36649358082866,Mahogany,1
121.0,-21.4722,-26.815645660400392,4.962627871667921,-1.7718327813247898,2.3523152469247544,3.7721682408024817,-38.19882,-35.59739,-32.152665,-28.6475,-27.303825,-26.52914,-25.865295,-25.48568,-25.1122,-24.8422,-24.605635,-24.39556,-24.218025,-24.04509,-23.867575,-23.64216,-23.35399,-22.96234,-22.50374,100.0,100.0,100.0,100.0,100.0,100.0,100.0,100.0,100.0,100.0,100.0,100.0,100.0,100.0,100.0,100.0,100.0,100.0,100.0,389363940.0,63118.0,23764.888916015625,16541.137841433076,0.5698149560646485,-0.6471397442214979,2.53248747174687,4.707694297525344,7.08777345945287,9.540436384530114,12.690208035186822,16.62841530728295,21.29413370945445,26.16508426537907,31.002759012557764,36.21885221317619,42.23788931250285,48.48719863477856,54.66588123183672,60.78958544543185,66.82654048549026,73.3012584575757,79.78925500907968,86.40043245915376,93.11471935485346,72.64404296875,23.79150390625,3.411865234375,0.152587890625,8.79104041178682,51.52494274902344,197.862716161464,Mahogany,1
122.0,-22.1595,-27.1829971371252,4.823959156021618,-1.7063888882464673,3.175311731817711,3.521352387777399,-36.30809,-33.70878,-32.86766000000001,-32.18018,-30.0889,-27.00054,-26.1835,-25.64712,-25.2999,-25.067,-24.8759,-24.70946,-24.50488,-24.22934,-23.9566,-23.67368,-23.433,-23.2464,-23.01862,100.0,100.0,100.0,100.0,100.0,100.0,100.0,100.0,100.0,100.0,100.0,100.0,100.0,100.0,100.0,100.0,100.0,100.0,100.0,498341342.0,61064.0,27020.62256682752,14296.45982807462,0.2199447184827809,-0.5740004147964126,1.9069367116645923,5.570009682239046,10.827534152283915,16.578333972540452,20.916312016513373,25.09847236394848,29.297684276814422,34.46122778230188,39.631605759892985,44.97272815065783,50.414096689573874,56.0995487305968,61.8203016758742,67.30948643630694,72.70693628304272,78.30401114904892,83.45362223630244,88.94356591430459,94.51780502690062,85.94588732852573,12.628097381120206,1.3501057311717182,0.070487447812178,19.746604870939084,51.65008878165158,190.3734679126526,Narra,2
123.0,-23.6748,-30.806069365538796,5.474686510401781,-1.43184052332628,1.8986882271492125,4.043838559489723,-43.8262,-38.3975,-35.9733,-34.2366,-33.157,-32.259,-31.2155,-30.3729,-29.8178,-29.2892,-28.803300000000004,-28.2879,-27.8054,-27.2799,-26.7529,-26.317000000000004,-26.0051,-25.6738,-24.91,100.0,100.0,100.0,100.0,100.0,100.0,100.0,100.0,100.0,100.0,100.0,100.0,100.0,100.0,100.0,100.0,100.0,100.0,100.0,960461917.0,65535.0,24601.365666863043,17105.43059138962,0.5770432587821328,-0.6042154091098668,1.9568606175147285,4.039459796717791,7.415121384765951,11.196039332395518,15.414132239873076,19.912585456524663,24.51904430896868,29.64139618249955,35.04905910808746,40.7118667673317,45.983103669481565,51.982108937693575,58.306947426839,63.9140316898166,69.2588672414796,74.97684627093861,81.11246184891681,87.32284957426376,93.64094276733309,74.5114110806588,22.653108270792245,2.6920416997515435,0.1383161291975103,5.551057814456541,52.351708419354,156.58157044614586,Narra,2
140.0,-27.886,-37.62535116483814,6.302455288427372,-0.7717723316062786,-0.4401446834603462,4.188999023139159,-51.705875,-46.6828,-45.66,-44.71,-41.1908,-40.42255,-39.331225,-38.2113,-37.41555,-36.1507,-34.38685,-33.748,-33.127175,-32.66155,-32.326425,-31.930200000000003,-31.574075,-31.1516,-30.67235,100.0,100.0,100.0,100.0,100.0,100.0,100.0,100.0,100.0,100.0,100.0,100.0,100.0,100.0,100.0,100.0,100.0,100.0,100.0,126361898.0,59231.0,8557.625490992821,8059.519954315129,1.9619932518966932,4.730095720811789,7.458838581231188,12.97908092516939,20.296489215443724,28.190495365936968,32.61522868230422,36.09475460712057,39.50633679149074,43.84882063104181,48.06575238368136,51.564026839799446,54.60338843596667,58.16612298748473,62.312748736965,66.79577810709998,72.37949528108544,78.67579513565079,84.16836695504526,89.19234182443192,94.14397605835264,62.61682242990653,30.08939455505892,6.603006907761073,0.6636868481647027,3.951395860921001,52.59797824732494,213.59784105778365,Teak,3
142.0,-22.227300000000003,-28.970753386086383,4.994598906329918,-0.8470029116776656,0.4125398281113508,3.915002772902868,-38.3779,-35.5792,-34.83986,-34.02182,-32.573899999999995,-31.74388,-30.13016,-29.281119999999994,-28.72418,-28.0655,-27.43272,-26.59694,-25.4279,-24.98052,-24.5948,-24.25766,-23.84708,-23.49136,-23.19416,100.0,100.0,100.0,100.0,100.0,100.0,100.0,100.0,100.0,100.0,100.0,100.0,100.0,100.0,100.0,100.0,100.0,100.0,100.0,243055390.0,56810.0,16027.391361688098,10592.44187112736,0.7822131493793453,0.5270489930895246,2.4642897242476294,6.434616405750146,10.219007692032667,13.400505127658349,16.836916062630827,21.24096034241413,25.754898091336297,30.96935846598588,37.11184845561335,42.50322652791201,48.3534794270557,53.267538728517806,58.65242733353907,64.19657634418229,69.78645814026177,75.53588710787282,81.90124687216358,88.46211145533535,94.83652553436482,66.15232443125618,28.809759314210357,4.754368611935378,0.270359380151665,8.75129707953321,51.57312024398286,200.07943989351585,Narra,2
143.0,-21.0705,-27.8195848546061,6.517082664927066,-1.2297225034243746,0.4962247925628986,3.751586006369653,-43.53134,-36.53934,-34.85135,-33.8611,-32.92485,-31.1964,-27.242960000000007,-25.45334,-24.73673,-24.3269,-24.0578,-23.79424,-23.49772,-23.297,-23.1064,-22.94784,-22.787280000000003,-22.53358,-22.08718,100.0,100.0,100.0,100.0,100.0,100.0,100.0,100.0,100.0,100.0,100.0,100.0,100.0,100.0,100.0,100.0,100.0,100.0,100.0,331826590.0,55253.0,15588.22708695448,10346.869017086494,0.7569894942865216,0.536649301111165,3.5741984992824114,6.2396274511937095,9.224964461106024,12.805414418416555,17.4760298745197,22.32425767928965,26.111080489360425,29.783297354199373,35.0137042965725,40.47193475363141,46.11952857665807,51.812359582154045,57.7955772019355,64.02435922931915,70.45780478291387,76.56053904540923,82.61571232130613,88.59239821618876,94.74286072131832,69.34279137501763,26.866162446563628,3.6078357683092968,0.1832104101094565,6.348857110626294,51.55627078968385,190.5348215918717,Narra,2
146.0,-24.7017,-33.79951942162616,6.90594977094987,-0.8788464523859302,-0.3837592659882611,3.932607863899815,-46.63927,-43.94383,-41.32484,-40.66514,-39.9171,-39.0079,-37.095635,-32.182140000000004,-31.331480000000003,-30.613550000000004,-29.774355,-29.31392,-28.995625,-28.55816,-28.23515,-27.867280000000004,-27.613000000000003,-27.29952,-26.927290000000003,100.0,100.0,100.0,100.0,100.0,100.0,100.0,100.0,100.0,100.0,100.0,100.0,100.0,100.0,100.0,100.0,100.0,100.0,100.0,197445314.0,58309.0,16550.31969823973,11227.775370027734,0.7590681446806296,0.4584002660334758,3.372844796914248,6.4327842189255495,9.981669152198773,13.254123113805576,17.184112558883015,20.235755506458865,23.27226413689413,28.508409168930694,34.0600167396224,39.6799115728824,45.376173880733376,51.251038553389016,57.07807124761645,64.03970113972926,70.47983270952685,76.44964671078495,82.47163465221566,88.98078938454827,94.94124484514228,65.28080469404863,28.62531433361274,5.557418273260687,0.4945515507124895,5.501383283835926,52.38569127409892,256.0171015943195,Narra,2
150.0,-23.246800000000004,-31.308836535522296,6.787680458583794,-1.4050692241234293,0.978571023803286,4.052299633019243,-47.513375,-42.44655,-40.285,-35.5134,-33.08475,-32.03845,-30.7508,-29.883099999999995,-28.99995,-28.43805,-27.990075,-27.6627,-27.338325,-27.02385,-26.6519,-26.280500000000004,-25.9486,-25.5762,-25.115275,100.0,100.0,100.0,100.0,100.0,100.0,100.0,100.0,100.0,100.0,100.0,100.0,100.0,100.0,100.0,100.0,100.0,100.0,100.0,1315597016.0,52878.0,17334.20754716981,11944.683746802044,0.7540606784073886,-0.0421321375815626,4.538128034185204,8.106675805959718,12.251645225683609,16.774191512760318,21.293733232365437,26.237319392034863,30.916797169141645,35.28636370820105,39.87181869679765,44.53382478635844,49.80891709471618,55.19267816581913,60.8480458882403,66.45969513205402,72.25305655451562,78.2645221506036,83.94926117710197,89.78014617205548,95.27093044121042,75.6732897649415,22.74691683356172,1.5508063666069358,0.0276694423948561,8.69806203118196,51.1981011410351,224.63093042817536,Narra,2
151.0,-21.1364,-27.247445579020656,4.974911743420813,-1.7325534297834624,3.2109094244274567,3.849592666280015,-40.00939,-32.86206,-31.54074,-30.22484,-29.1773,-28.32386,-27.53875,-26.93092,-26.32765,-25.7337,-25.26213,-24.70456,-24.3211,-24.06334,-23.8176,-23.49676,-23.08622,-22.747,-22.42047,100.0,100.0,100.0,100.0,100.0,100.0,100.0,100.0,100.0,100.0,100.0,100.0,100.0,100.0,100.0,100.0,100.0,100.0,100.0,1105041093.0,53509.0,17096.636388953353,12477.33512466755,0.8560563670704293,0.0376247453941709,3.0298761930295024,7.046123758946944,11.671476456124877,16.8389762316287,21.365276956266097,26.899698471213323,32.667848760263254,38.2423042615303,43.38196081908061,48.38059456672169,53.56077839541484,58.48367532156562,63.63545142841127,68.78464509735657,73.81355111289061,79.03626069044294,84.62719177810702,90.14284964694974,95.56419636242433,72.37100642066991,24.93540651349888,2.5806451612903225,0.1129419045408834,4.669218199696757,50.80420310048735,211.50093335766627,Narra,2
153.0,-24.2622,-36.01123843652622,8.926701984220893,-0.3188487306703356,-1.4818838278807267,3.9459452875527545,-51.167275,-49.14859,-45.986855,-44.11978,-43.44955,-42.8618,-41.842220000000005,-41.3289,-41.008655,-30.93625,-29.828035,-29.28252,-28.539705,-28.02872,-27.68285,-27.3158,-26.948130000000003,-26.5903,-26.150485000000003,100.0,100.0,100.0,100.0,100.0,100.0,100.0,100.0,100.0,100.0,100.0,100.0,100.0,100.0,100.0,100.0,100.0,100.0,100.0,228672329.0,56567.0,15490.606218669556,10214.833666909237,0.8363888794500645,0.7316171283686672,7.062190720942016,13.332745213785794,17.915070957273542,22.75951717796166,27.23315683726648,31.5168495966121,35.72213278153125,40.42148055438749,45.6293135493451,50.6453397778618,55.544757232082944,59.3152930191217,63.734761716622046,68.53771537875927,73.40138342667599,78.72644004950857,84.4582822261805,90.05275185700322,94.80049770254448,79.05432868175043,19.58406719956645,1.3277333694621325,0.0338707492209727,4.776107916176804,52.294640482319465,225.4634611175404,Narra,2
154.0,-22.707700000000003,-33.214404050999185,9.439309197828324,-0.2954666444097028,-1.700266344482127,3.363381388511184,-45.03659,-44.08166,-43.32424,-42.89962,-42.6538,-42.4622,-42.21824,-41.648,-29.20486,-26.0872,-25.574120000000004,-25.30398,-25.09356,-24.89958,-24.67595,-24.36338,-24.1468,-23.951400000000003,-23.68418,100.0,100.0,100.0,100.0,100.0,100.0,100.0,100.0,100.0,100.0,100.0,100.0,100.0,100.0,100.0,100.0,100.0,100.0,100.0,193742263.0,55099.0,17518.967628176146,10276.292361493892,0.5758547799008098,0.4094043079565024,2.697213255943026,7.439467144037644,12.41762619444576,17.698907542955663,22.34510598237412,26.912874967296112,31.36010700979579,35.58505456292724,39.63216740169903,43.0464534214716,48.17053933142094,53.56129447089199,59.23882957844877,64.69207392297261,70.4826850298533,76.90623496020586,82.90859336148046,88.46859345294217,94.22919200649577,79.50085902884528,18.744913644995027,1.6909304638755764,0.0632968622841124,4.981184994016108,51.92733087982639,222.71311073841707,Narra,2
155.0,-21.9186,-32.137208204104176,8.671304640633421,-0.9218307478627265,-0.5871802966562503,4.151301925759702,-49.0132,-46.29576,-44.54258,-42.82992,-40.776300000000006,-33.3586,-30.81578,-29.41548,-28.83828,-28.4066,-28.08794,-27.7952,-27.28592,-26.486680000000003,-25.8334,-24.99474,-24.0554,-23.59946,-23.21464,100.0,100.0,100.0,100.0,100.0,100.0,100.0,100.0,100.0,100.0,100.0,100.0,100.0,100.0,100.0,100.0,100.0,100.0,100.0,362247134.0,57632.0,15390.539745931936,10281.008235545549,0.7033820689104128,0.3757842656651453,6.067712878026525,10.16155534304379,15.13309281281988,20.0623533435602,25.09399618880077,30.30918141094251,34.17590461875124,37.83500603209741,42.45051832487376,47.767024707502586,53.27631991699898,58.80898729208441,64.48009302952829,69.20465739281735,74.51176715175889,78.78737199339719,83.71437053246638,88.78991627853708,94.2235087496924,73.10617325912393,24.34889748056252,2.442962144708332,0.0977184857883332,4.7851611854019644,52.24860633895568,188.13691697147604,Narra,2
177.0,-47.9387,-50.45947108508977,0.7976733138911515,-0.014410986718463,0.1586774902582552,4.164404619352208,-51.83214,-51.49112,-51.21034,-51.02074,-50.9157,-50.8099,-50.73372,-50.65708,-50.57782,-50.5071,-50.4262,-50.32606,-50.21032,-50.086940000000006,-49.9445,-49.79028,-49.6229,-49.38714,-49.15894,100.0,100.0,100.0,100.0,100.0,100.0,100.0,100.0,100.0,100.0,100.0,100.0,100.0,100.0,100.0,100.0,100.0,100.0,100.0,153663114.0,52508.0,23991.11850117096,11566.741135829408,0.2739077070155746,-0.2831043589837709,4.277918642205832,8.746985304488883,13.072126730426668,17.96305390505102,23.07257680590802,28.31960245189356,33.627385033990656,38.80186757115959,44.28331382116856,50.01956162361776,55.67104347501379,60.95350703357476,66.22695606702335,70.98178551815629,75.8139503797899,80.5276958008283,85.20244943103262,90.25203537135138,95.31411097135518,90.17954722872756,9.695550351288055,0.1249024199843872,0.0,8.910095516605022,52.77643856362218,178.01490657414587,Tibig,5
184.0,-44.2334,-47.62168518264448,1.9277995787401496,-0.5095523260582574,-0.4197768742033854,4.30737249287161,-51.2059,-50.1538,-49.571250000000006,-49.1954,-48.9653,-48.6903,-48.5083,-48.2766,-47.85640000000001,-47.3996,-47.1133,-46.7507,-46.3548,-46.071000000000005,-45.926100000000005,-45.7772,-45.58425,-45.3936,-45.11725,100.0,100.0,100.0,100.0,100.0,100.0,100.0,100.0,100.0,100.0,100.0,100.0,100.0,100.0,100.0,100.0,100.0,100.0,100.0,115389315.0,52947.0,19788.941004973414,11879.8958269981,0.5839596371796959,-0.1406364457651712,4.716606559281507,8.891713240519714,13.201070653725608,17.75129612304224,22.36974714686537,27.655537256634204,33.21935137581846,38.87555533196466,43.89273998203386,48.63213894631405,53.16291200792725,56.73448013795731,61.54957848566828,66.97994870668917,72.10840709124584,77.60557032512065,83.33104672646682,89.07868462517521,94.73959178975974,81.35825758874978,17.97290344709312,0.6688389641570914,0.0,6.820441926648539,53.02835453610016,149.53318626627512,Tibig,5
186.0,-44.3534,-46.98120928681375,1.317728688525236,-0.9252889563500604,1.1838765724404094,4.064874193299408,-49.40924,-48.74568,-48.446090000000005,-48.13472,-47.641275,-47.35245,-47.129795,-46.96444,-46.8407,-46.7355,-46.632925,-46.5248,-46.38788999999999,-46.22263,-46.04765,-45.92838,-45.81721,-45.69149,-45.016565,100.0,100.0,100.0,100.0,100.0,100.0,100.0,100.0,100.0,100.0,100.0,100.0,100.0,100.0,100.0,100.0,100.0,100.0,100.0,81597870.0,50490.0,20933.265777321703,11541.572414115111,0.3501357258332947,-0.4511771605775823,2.7846351871684885,7.188214594327033,11.620325383493466,16.220207708853184,21.27092778279629,25.449464550974188,29.761870009597065,34.871254605052805,40.246467217833015,45.3600541288639,50.93359667354061,56.811160634462645,62.75820067362052,68.85864790343179,74.54339923333782,79.43217022699245,85.20468977927978,90.76242063671516,96.25623561007168,86.42893791688046,12.955361723961008,0.6157003591585428,0.0,5.401804122141428,52.257862570549,177.73779325537166,Tibig,5
187.0,-30.0751,-35.60376570081323,2.351523571448664,-0.306722834960207,-0.4370583455565162,4.204635077097029,-39.59945999999999,-38.68624,-38.18335999999999,-37.73506,-37.3848,-37.00222,-36.458400000000005,-35.97304,-35.6302,-35.3523,-35.12968,-34.88412,-34.63174,-34.3275,-33.883,-33.36218,-32.91804,-32.45032,-32.01012,100.0,100.0,100.0,100.0,100.0,100.0,100.0,100.0,100.0,100.0,100.0,100.0,100.0,100.0,100.0,100.0,100.0,100.0,100.0,170949366.0,49157.0,11682.455135652292,10088.776883679491,1.502462621297525,2.0181341868003555,3.5999958022658007,9.313437289963392,14.691188734797649,18.425972401675946,22.295080053119356,26.36572749851556,31.034339138759957,35.80924307142502,40.14665956702056,44.1774940539996,48.75616853706261,54.07485044431226,59.58716805068467,64.71884312223773,69.55109561506066,74.41122536833508,79.30536928695014,85.36335139142896,92.25053458226922,72.45267545957766,25.32631722818288,2.1321670197498803,0.0888402924895783,3.3074138316954107,50.57831960636917,102.5990123525699,Teak,3
189.0,-45.5039,-49.59251685043145,1.7130107426778285,-0.1865755388614721,-1.09790122834126,4.362292202455282,-52.34031,-52.13367,-51.89686,-51.6184,-51.2104,-50.472930000000005,-50.11519499999999,-49.83716,-49.63636,-49.43965,-49.252935,-49.042840000000005,-48.69874,-48.34086,-48.0584,-47.857400000000005,-47.687035,-47.49255,-47.14985,100.0,100.0,100.0,100.0,100.0,100.0,100.0,100.0,100.0,100.0,100.0,100.0,100.0,100.0,100.0,100.0,100.0,100.0,100.0,175419875.0,52567.0,21023.47495206136,11187.474440808784,0.3659627355602686,-0.1715698514248007,5.296629586584759,10.865327546265782,16.19679412039257,20.88579643555213,25.17894337799522,28.76394593258033,33.14858706859756,37.57448122682791,42.453470565977774,47.69248296408831,52.96691894233764,57.90766126130234,62.82702686910477,68.33125379892103,74.09635196695928,79.39751524734582,84.59698651592358,89.99077157021118,95.54132335346836,84.38398849472675,15.148609779482264,0.4554170661553212,0.0119846596356663,7.331739016651012,52.53245891658677,317.4367477354298,Tibig,5
190.0,-47.2672,-48.9349460459899,0.6784552136270271,-0.8856823006306049,1.9331130958472835,3.925924432660398,-50.09246,-49.75666,-49.6004,-49.4565,-49.3312,-49.21412,-49.12524,-49.05286,-48.97576,-48.8776,-48.76634,-48.68392,-48.60822,-48.5341,-48.4528,-48.37574,-48.29062,-48.1561,-47.95602,100.0,100.0,100.0,100.0,100.0,100.0,100.0,100.0,100.0,100.0,100.0,100.0,100.0,100.0,100.0,100.0,100.0,100.0,100.0,124989076.0,51636.0,23366.811740512247,9941.517672143753,0.3428901148913726,0.1822349250428296,3.1443867942507238,7.350637586919996,11.971675028624102,16.764297065449142,21.70491203567262,26.870071429282348,31.92361626867295,37.178471500981416,42.391417470755606,48.05416834988044,53.436073885369,58.90089786726641,64.066656513246,69.37287463426004,74.37088262017394,79.67382845521635,84.94611481086555,89.9981275163599,95.02849273003666,92.95195363619368,6.861095531875117,0.1869508319312021,0.0,5.20269919742522,52.38710615068237,199.14707465423223,Tibig,5
191.0,-44.2477,-48.084073522321056,2.2745376404257214,-0.7050716357246138,-0.6992762402423862,4.294595625666722,-52.53542,-51.59846,-50.85856,-50.40234,-49.9055,-49.38014,-48.83798,-48.14708,-47.66322,-47.2334,-46.93214,-46.663520000000005,-46.48877999999999,-46.32227999999999,-46.1922,-46.052600000000005,-45.90688,-45.7492,-45.54538,100.0,100.0,100.0,100.0,100.0,100.0,100.0,100.0,100.0,100.0,100.0,100.0,100.0,100.0,100.0,100.0,100.0,100.0,100.0,261475229.0,49351.0,21737.071161360047,11679.522941204015,0.3081755069666053,-0.5084050484980192,4.204870970779416,8.193709622872154,12.029827116051592,16.70348398471046,21.357236482236715,26.19613424260545,30.791983740838408,35.16765788930622,39.750885924264736,44.90512368955608,50.27467056927216,56.01941207210876,61.64433687139059,67.31855544144108,72.97899909287392,78.56692535873063,84.06137852545872,89.56461761048882,94.93119900853016,83.60628481170505,15.495884944716934,0.8728905145897414,0.0249397289882783,5.609644264329319,53.78880793083382,136.71657672598354,Tibig,5
192.0,-26.4338,-40.26903454013094,7.732284243501576,-0.2411912196823556,-1.2101177321813197,4.495090721373007,-52.87592,-51.84352,-50.79946,-49.113760000000006,-46.6213,-45.40232,-44.0291,-42.35746,-40.0146,-38.565000000000005,-37.55774,-36.85728,-36.001760000000004,-35.0179,-33.8589,-32.56704,-31.380360000000003,-30.37042,-29.424480000000003,100.0,100.0,100.0,100.0,100.0,100.0,100.0,100.0,100.0,100.0,100.0,100.0,100.0,100.0,100.0,100.0,100.0,100.0,100.0,920169976.0,48102.0,11563.26546615228,9276.60856637704,1.1986383703434658,1.207600900967094,6.095905263485798,12.333524235744028,18.103741411358545,23.23943984018883,28.393304369235363,33.57955389320375,38.537117733561,43.02169841716288,46.11772847063639,49.4566776649535,53.00635922943872,57.2629865941203,61.96295215787393,66.20280490438432,70.60701598027363,75.15928046319999,80.27819166749252,86.10835874523252,92.9874227932862,65.53024115008105,28.87517750103673,5.211304773992485,0.3669401962878721,12.333066155906174,53.35409757090617,145.68203222577392,Teak,3
193.0,-29.0025,-46.33147735053039,2.1030835958900465,-0.1319400081596668,3.539236047797892,3.457947037186782,-50.211615,-49.19396,-48.58857,-48.10404,-47.49105,-47.07597,-46.745235,-46.42912,-46.137105,-45.9302,-45.7738,-45.62286,-45.458485,-45.2974,-45.03375,-44.73272,-44.377265,-44.03632,-43.46241500000001,100.0,100.0,100.0,100.0,100.0,100.0,100.0,100.0,100.0,100.0,100.0,100.0,100.0,100.0,100.0,100.0,100.0,100.0,100.0,331529173.0,49903.0,19981.266453712637,11181.6262835918,0.4685684405007145,-0.2959266666485791,3.6225300752039695,7.486375263874591,11.722531277813069,15.68997579588569,19.81339844261609,24.335338054850457,29.115653119310856,34.388994479227925,39.84715637679342,45.76034580220788,51.44238935497842,57.52761281131661,63.25236633097142,68.83648185012062,74.43048639342518,80.11539093122282,85.15136192856247,90.02362757379424,95.11303248115664,83.32931533269046,15.555689488910318,1.0788331726133076,0.0301350048216007,13.60028816124715,52.689319081485046,138.3191857735535,Tibig,5
194.0,-44.5914,-47.245910303789536,2.2836335356846047,-1.3767446967722794,1.190789793695732,3.952522995062549,-51.924925,-50.50705000000001,-50.037525,-49.1984,-48.367325,-47.67775,-47.2336,-46.8181,-46.38225,-46.2391,-46.09645,-45.9485,-45.836175,-45.7323,-45.6275,-45.5271,-45.4063,-45.26915,-45.1139,100.0,100.0,100.0,100.0,100.0,100.0,100.0,100.0,100.0,100.0,100.0,100.0,100.0,100.0,100.0,100.0,100.0,100.0,100.0,139951039.0,51001.0,21915.28953961792,12578.981125646864,0.3047284003336983,-0.7293129112972676,2.5706154278711715,4.589165643850633,6.463811962124839,9.182372701070122,13.325648836376269,17.769658716145724,21.86389770210995,26.406652829494178,31.16448102968353,36.8187105777757,42.96393612340385,49.52684059744637,56.079276410373765,62.329367915589394,68.66788748885244,74.98919532851771,81.26211910438192,87.71333594743803,94.19028750476086,86.9245223927341,12.730974005637332,0.3445036016285625,0.0,10.05790754072359,54.3779172878171,132.83901641563534,Tibig,5
198.0,-43.1019,-46.371124909420296,1.953141141035076,-1.8794027373417752,4.761498054739506,3.8878951157965354,-50.690595,-47.98629,-47.585,-47.2987,-47.013675,-46.75476999999999,-46.551555,-46.37555999999999,-46.20101,-46.05445,-45.908315,-45.740860000000005,-45.58569,-45.39882,-45.2223,-45.06374,-44.837715,-44.44289,-43.9269,100.0,100.0,100.0,100.0,100.0,100.0,100.0,100.0,100.0,100.0,100.0,100.0,100.0,100.0,100.0,100.0,100.0,100.0,100.0,255019869.0,50076.0,19249.688179347828,11735.369655834244,0.5279517613611924,-0.4266249189059161,2.9174546395833967,6.095627003870824,9.810754392631264,13.925604361438989,18.522597154969127,24.345134849081116,30.01861004014554,36.01722538725012,42.464004245880936,48.43147417662582,54.08386512817164,59.844644497092105,65.91012404606012,71.44285647797898,76.7234128725868,81.92105219848575,86.93815108186728,91.39272359990116,95.4682456526554,77.83061594202898,20.07850241545894,2.022946859903381,0.0603864734299516,11.603347677639858,54.329276977657,185.321621960538,Tibig,5
200.0,-44.3451,-48.595079143303614,2.1408214943208765,-0.6875126043642957,0.0867000190099469,4.320906053382387,-53.10716,-51.50648,-50.79377,-50.34176,-49.942875,-49.56817,-49.177,-48.82106,-48.452175,-48.10785,-47.9063,-47.710080000000005,-47.508285,-47.30593,-47.09325,-46.86848,-46.5519,-46.110240000000005,-45.547785000000005,100.0,100.0,100.0,100.0,100.0,100.0,100.0,100.0,100.0,100.0,100.0,100.0,100.0,100.0,100.0,100.0,100.0,100.0,100.0,427961115.0,53515.0,19669.13847780127,12254.082931210422,0.6193309976182482,-0.1755877058526405,3.72628340310778,8.49629083707757,13.711066716890857,19.143027281812746,24.63699418111853,29.82502557504553,34.574712003916524,39.32558218519456,44.15408535422664,49.06168122307093,54.31059011050572,59.56262474921349,65.25266156482465,71.1328359820728,76.9880039218049,82.66005872986848,87.83133906920492,92.11683379224768,96.18184750266389,79.58911664675063,18.71495541869657,1.5488555933449766,0.1470723412078316,9.28363420107042,54.24099166743267,182.5955610083795,Tibig,5
201.0,-24.9145,-34.5894434070871,5.744846171311884,-0.6727575522902663,-0.1983270270565822,4.23344795652167,-43.8228,-42.07314,-41.195255,-40.67514,-39.649525,-37.50634,-36.425535,-34.99228,-34.1389,-33.297349999999994,-32.53227999999999,-31.78042,-31.24231,-30.64178,-29.983125,-29.23696,-28.50147,-28.04799,-27.29833,100.0,100.0,100.0,100.0,100.0,100.0,100.0,100.0,100.0,100.0,100.0,100.0,100.0,100.0,100.0,100.0,100.0,100.0,100.0,481829347.0,48312.0,13529.211742573145,10641.413829999352,1.0478661809940624,0.5014968362948449,3.6476097002866874,7.64115059185052,14.087810222153196,21.3242918140476,28.2162034850069,33.698314976235764,38.45579937246952,42.544419570192765,46.22782015807767,50.969832271341495,55.48091407558038,59.52795980274735,64.34514915505967,69.33724130340279,73.73119865195757,78.49539870389007,83.54137279230524,89.02299904949543,94.54286747710285,72.07558825181108,24.380861458976806,3.34419048688718,0.1965519177851406,5.547874923366541,51.90274773965295,142.96493147964577,Teak,3
209.0,-43.714,-47.62189892909897,2.327367745682146,-0.2139871605672481,-1.0726968643464392,4.474517191915548,-51.71619,-51.01744,-50.07715,-49.73768,-49.431675,-49.14652,-48.82986999999999,-48.45474,-48.13815,-47.65195,-46.968585,-46.56748,-46.162485,-45.78459,-45.49355,-45.23734,-44.955145,-44.6955,-44.29649,100.0,100.0,100.0,100.0,100.0,100.0,100.0,100.0,100.0,100.0,100.0,100.0,100.0,100.0,100.0,100.0,100.0,100.0,100.0,145159179.0,51283.0,17867.94423929099,10859.410869112357,0.7145146170427472,0.2070088340767979,3.699856968741881,7.811755397156111,12.44216530048024,16.96221910982288,21.699922262580447,26.621343731904133,32.23338566829453,37.49147547879146,42.6354850078065,47.9155059150617,52.65252843569748,56.48834580416028,60.38271820206423,65.69656266793848,71.29997201210404,76.73031961692206,82.50136355483245,88.40867720807375,94.39232154929728,83.00098473658296,16.309699655342197,0.6893156080748399,0.0,6.305388419442968,52.46470805022157,204.16458384227784,Tibig,5
211.0,-29.9392,-34.590527255703094,5.668005644935228,-1.93309927657827,2.6100886245286192,3.5815086152262734,-48.5626,-45.07119,-40.69805,-35.49735999999999,-33.828199999999995,-33.4072,-33.03709,-32.731680000000004,-32.48712,-32.28715,-32.11436500000001,-31.928400000000003,-31.75401,-31.564560000000004,-31.3655,-31.17942,-30.964685,-30.79442,-30.58716,100.0,100.0,100.0,100.0,100.0,100.0,100.0,100.0,100.0,100.0,100.0,100.0,100.0,100.0,100.0,100.0,100.0,100.0,100.0,123483872.0,60948.0,21022.10963568267,13092.11434084426,0.628148138875428,0.1148608196129363,2.3252348290471487,4.861259938463867,7.389400617434477,10.120338630133013,12.995911725217038,17.425918584736312,22.85692499179164,28.279301122012114,34.31819906003595,39.68242265678226,45.26661829975659,51.24275662492993,57.365019295799215,64.18710291170656,70.9393377298697,77.09187237018288,83.09975654148583,88.57576882590789,94.69294014363268,76.79605039155601,20.684371807967317,2.383384405856316,0.1361933946203609,9.28949514517611,54.49937960503916,236.70010364972825,Tibig,5
228.0,-27.309100000000004,-31.23174617117117,3.27939358001509,-1.1099124626047023,1.7162388804673228,3.465091200472782,-36.719565,-35.76168,-35.07762,-34.67306,-34.072525,-33.2962,-32.146375,-31.83816,-30.53859,-29.2814,-29.032625,-28.90272,-28.818600000000004,-28.73399,-28.658300000000004,-28.56916,-28.45597,-28.1348,-27.815055000000005,100.0,100.0,100.0,100.0,100.0,100.0,100.0,100.0,100.0,100.0,100.0,100.0,100.0,100.0,100.0,100.0,100.0,100.0,100.0,29686086.0,59819.0,13372.110810810813,10134.352745242417,1.022193094177395,0.9706342815711316,2.117800238131763,5.3902356814569625,8.739606157578335,11.93322016246938,14.806751553572944,17.197177829370972,20.4503348807923,24.606039341124323,28.96406754329284,32.67539546978339,38.05866155612431,44.177383303410224,50.57884020143308,56.46031275392789,63.09368301365158,69.42532269158016,76.30075584905333,84.40861823279768,92.825355959691,75.67567567567568,21.44144144144144,2.7927927927927927,0.09009009009009,3.10991879182553,52.72434563063063,293.97357119487424,Tibig,5
243.0,-25.4035,-32.69033831942649,6.129287580209317,-1.5445832325886737,1.997915741365473,4.041857846622505,-46.77068,-41.76868,-38.2536,-36.22734,-34.54730000000001,-33.636140000000005,-32.9061,-32.096700000000006,-31.37322,-30.7973,-30.14834,-29.55664,-29.15398,-28.827639999999995,-28.535100000000003,-28.139820000000004,-27.56836,-27.0222,-26.50544,100.0,100.0,100.0,100.0,100.0,100.0,100.0,100.0,100.0,100.0,100.0,100.0,100.0,100.0,100.0,100.0,100.0,100.0,100.0,902682639.0,65535.0,21217.12631331531,14295.162664000733,0.7264277576499268,0.230276881169186,3.2694353170117854,7.320491072388953,10.486739515104375,14.197297528838371,17.346839103216652,21.397492059221936,26.19601228422429,31.24501954667592,36.57973796480648,41.98735476068018,47.17614791747424,52.59866629605136,58.12546772598337,64.00667544022635,70.0618181491358,75.77290915417727,81.74969209749031,87.42621890615534,93.4954687878959,69.74497590786225,27.121870960159832,3.0250323187213537,0.1057703607944529,13.343579521195537,54.58171772006112,160.38811024633858,Narra,2
244.0,-26.4337,-35.6359309866017,6.240112195412392,-1.57962899579492,2.618821024065789,4.000666186786318,-47.410435,-43.70902,-41.78,-40.08894,-38.275825,-37.06423,-35.974999999999994,-35.135,-34.202635,-33.403,-32.8793,-32.4469,-32.02213,-31.669200000000004,-31.3792,-31.10686,-30.800239999999995,-30.218390000000003,-29.3438,100.0,100.0,100.0,100.0,100.0,100.0,100.0,100.0,100.0,100.0,100.0,100.0,100.0,100.0,100.0,100.0,100.0,100.0,100.0,1541099474.0,65535.0,23463.755694275274,13180.86785445976,0.3673735945290845,0.2365244828886541,3.905855722847389,7.747719664720358,12.71365569228661,17.69742879037541,22.247342419117587,26.681479290414707,31.400429898531,36.474562251391696,41.39482329094611,46.23163884098503,51.093570161065415,56.59707979369539,62.390415169267655,68.05972052391992,73.71552292152687,79.36265916861899,85.07646411668297,90.4703112629834,95.22993958273196,79.66352009744215,18.5931790499391,1.6793544457978076,0.0624238733252131,13.774898993432638,57.05732389159561,157.4599782663414,Narra,2
246.0,-30.0942,-37.270854303976535,4.683426668738221,-1.817193464914211,3.0326946870164884,3.777105125865747,-48.71529,-44.2271,-40.32616,-38.31044,-37.56445,-37.10292,-36.852990000000005,-36.67816,-36.514230000000005,-36.3237,-36.11641,-35.85594,-35.4631,-34.86506,-34.39215,-34.04344,-33.64068999999999,-33.16404,-32.36415,100.0,100.0,100.0,100.0,100.0,100.0,100.0,100.0,100.0,100.0,100.0,100.0,100.0,100.0,100.0,100.0,100.0,100.0,100.0,538397237.0,65535.0,28207.5358621051,17784.225147238394,0.4006227439625645,-0.7401493030225605,2.2541939605087538,4.9786234322744125,7.685143265324744,11.001850293670804,14.87553436311561,20.031809895785184,26.174410140964376,32.29360610556031,37.99209393045232,43.80748948754356,49.4034706571126,54.807881564221326,59.85331403177317,65.23843694985382,70.96439036889039,76.94275072960673,83.12580920618655,89.04444749221476,94.80943417248628,75.25017027296066,21.836852307853512,2.787237386702992,0.1257400324828417,12.860113072575665,55.81375929690365,151.0619138922556,Narra,2
247.0,-32.55329999999999,-42.05936927571285,8.062080445668155,-0.5864439152301668,-1.105430614332813,4.194446061469339,-56.28704,-54.39622,-52.32772,-50.8889,-49.5708,-47.90284,-45.81844,-43.44405999999999,-40.46182,-37.9299,-37.08684,-36.46418,-35.88922,-35.48516,-35.0572,-34.65114,-34.23252,-33.79782,-33.45232,100.0,100.0,100.0,100.0,100.0,100.0,100.0,100.0,100.0,100.0,100.0,100.0,100.0,100.0,100.0,100.0,100.0,100.0,100.0,1624461976.0,65535.0,23668.817857298967,14906.475194864464,0.5285179763251899,-0.1642312583160357,3.5445920465176832,7.283486640379203,11.01154361522587,14.855083748663873,18.82239076798188,23.193224006863428,26.882590510077904,30.072962384931813,34.48036834812316,39.45357992177467,44.9496460851602,50.32144008768107,56.320246181003874,62.43170643472175,68.75145940627422,74.97587921380808,81.259971516871,87.87731661870552,93.87604884141652,74.77889644922996,22.6042865676861,2.5104541547069195,0.1034487782844987,16.4515786731544,58.3821960208646,124.27824500737714,Rain Tree,4
250.0,-29.5601,-39.27195672190805,7.852038923538449,-0.8860587697036271,-0.5062231067535818,4.205026644034385,-54.490765,-52.46683,-50.581895,-48.09768,-44.38912499999999,-41.54289,-39.6422,-38.262,-37.263085,-36.4634,-35.56229999999999,-34.7477,-34.0266,-33.4837,-33.0025,-32.5456,-32.1103,-31.5834,-30.916300000000003,100.0,100.0,100.0,100.0,100.0,100.0,100.0,100.0,100.0,100.0,100.0,100.0,100.0,100.0,100.0,100.0,100.0,100.0,100.0,8125163087.0,65535.0,26590.359877343177,17732.817688677307,0.4573726386520622,-0.8136207981486758,2.5161628118837536,5.134809179000052,8.043755737600987,10.882837040093,13.565682032444846,16.913890814066317,21.18936429417173,25.95194831687444,31.543235939480656,37.15237925291382,42.59875497807346,48.18769315860749,54.186021792524784,60.33577674082199,66.76117468557588,73.3596966138041,79.92652326438159,86.71673452651277,93.27023179541013,70.76984500994868,25.730115718923447,3.307610744580584,0.1891559325583831,14.126434326346663,58.83002063468688,172.39558731897017,Rain Tree,4
251.0,-35.5721,-49.81618474359479,7.372427108556199,-0.2357589308385194,-0.9707930268682796,4.477745676144304,-62.71097,-60.6523,-58.796905,-57.0653,-55.408475,-54.06162,-52.8287,-51.69938,-50.418075,-49.09875,-48.02447,-47.09694,-46.0428,-44.7141,-43.538225,-42.44816,-41.4182,-40.20952,-39.09273,100.0,100.0,100.0,100.0,100.0,100.0,100.0,100.0,100.0,100.0,100.0,100.0,100.0,100.0,100.0,100.0,100.0,100.0,100.0,3485768217.0,65535.0,22864.393305521666,16297.902272959367,0.7481691629814738,-0.1198235525244166,6.126718924065512,9.882443425813127,13.66492710780259,17.040807019326838,20.35806163298895,24.025209619954488,28.257189970241782,33.095703620617414,38.1563800344904,43.28486718197649,48.07716849407489,52.97479577082276,58.02101760915792,63.26419709276958,68.89917049811692,74.627687415167,81.09383696867874,87.55167030659744,93.84895524738786,68.24812730397366,27.829378041901165,3.684390045521928,0.2322011885552363,18.56360012449921,63.35105040274443,196.7847361576748,Rain Tree,4
255.0,-28.047600000000003,-36.08011614153352,3.8963127180772887,-2.1049654875183803,5.665032816309001,3.658647402893652,-44.860665,-40.142,-38.079475,-37.14,-36.677325,-36.3109,-36.036455,-35.80002,-35.571885,-35.333,-35.103714999999994,-34.8251,-34.53848,-34.2915,-34.036975,-33.77534,-33.398505,-32.76528,-31.746605,100.0,100.0,100.0,100.0,100.0,100.0,100.0,100.0,100.0,100.0,100.0,100.0,100.0,100.0,100.0,100.0,100.0,100.0,100.0,1934143622.0,65535.0,28718.649729761837,18780.154691467644,0.3953146475901665,-0.91282211255775,2.2579705303808097,4.446866976251881,6.934329926405021,10.594496792751618,15.219214005194493,20.33110465671509,25.593701955190173,31.145574307304464,36.74259196249078,42.25442907672552,47.620176005729945,52.98417394362455,58.59840066209934,64.27600333601286,70.06952216912462,75.96796340701115,81.79257310603172,87.68215445378131,93.95045990023176,74.33628318584071,23.39935855556216,2.1841777038664847,0.078695729643048,11.13432513743381,56.17663269881808,137.4649897097329,Narra,2
257.0,-23.1679,-29.435203623206803,4.816678149647864,-2.2205607308140736,6.473874253147889,3.717114863943954,-38.512060000000005,-34.15464,-32.944379999999995,-32.12032,-31.341600000000003,-30.65662,-29.88764,-29.18944,-28.6623,-28.07,-27.537,-27.03266,-26.68784,-26.382120000000004,-26.1146,-25.86628,-25.6052,-25.28154,-24.98712,100.0,100.0,100.0,100.0,100.0,100.0,100.0,100.0,100.0,100.0,100.0,100.0,100.0,100.0,100.0,100.0,100.0,100.0,100.0,1090122835.0,65535.0,27678.62980830265,18451.67207373609,0.4777861289644326,-0.7816200086067298,2.726768584753112,5.500662134097943,9.352453478327512,14.418763368074938,19.30872469064461,24.163990473605665,29.209158984363448,34.475199393470184,39.71366456148037,44.74608487583879,49.49279289246335,54.26952348906626,59.34707376348097,64.80436986718107,70.56739665489164,76.48752316980865,82.61165421784784,88.69362093492886,94.766145229863,71.49422368922178,25.83216960771868,2.5593500063475942,0.1117176590072362,12.757634911902374,52.9634171918243,174.06845573713235,Narra,2
258.0,-22.6329,-29.15540403843125,4.010034108900784,-1.255262615414392,3.6213914328339536,3.713199309103074,-35.66327999999999,-33.20136,-32.56752,-32.06911999999999,-31.6218,-31.17986,-30.89906,-30.54526,-30.01586,-28.7844,-27.7713,-27.1689,-26.59474,-26.1671,-25.8676,-25.62778,-25.35036,-24.890899999999995,-24.00064,100.0,100.0,100.0,100.0,100.0,100.0,100.0,100.0,100.0,100.0,100.0,100.0,100.0,100.0,100.0,100.0,100.0,100.0,100.0,1115241500.0,65535.0,35131.249015593006,21190.45880037475,0.0601733268706517,-1.4054102152694834,2.456852798250424,5.733641457926377,9.865184177597408,15.105506923836677,20.625226374735877,25.27293711720735,29.945739644731656,34.802681750992946,39.73461452071143,44.11616990580068,48.68712937960074,52.97957966951553,58.26552240030522,63.69887329336292,69.90611719524425,76.08174588194575,82.66647654342131,89.08236377502092,94.3306591442302,75.78831312017641,22.179870845802487,1.9782642935895416,0.0504016380532367,9.209844484508851,52.13232217357064,114.5516577265104,Narra,2
264.0,-26.4735,-35.580698473413385,5.97446803531622,-0.1406206722839719,-1.571918997647143,3.8880045666223486,-43.457145,-42.69491,-42.27346,-41.94038,-41.5342,-41.13429,-40.599340000000005,-39.99532,-37.59623499999999,-33.361,-32.52221,-31.94362,-31.15733,-30.424820000000004,-29.776975,-29.21514,-28.840625000000003,-28.54654,-28.016145,100.0,100.0,100.0,100.0,100.0,100.0,100.0,100.0,100.0,100.0,100.0,100.0,100.0,100.0,100.0,100.0,100.0,100.0,100.0,265946572.0,65535.0,22808.4538593482,15737.654438604786,0.7518837159150243,-0.1932406046667609,2.8228534564453795,5.88327681095284,9.615684386411267,13.36001240128788,17.840207017219985,21.077466642435237,24.628642327452148,28.386330920633185,31.518363395186004,36.1755251351764,42.30038844042705,48.5813244473781,54.54331218076389,60.74796369249685,66.7300325269844,73.33930703946055,79.83222660226656,86.4474192207298,93.342161221766,59.476843910806174,33.46483704974271,6.689536878216123,0.3516295025728988,6.804033920353821,53.682355531732426,119.77219590716498,Narra,2
266.0,-25.5839,-31.66803319022296,6.838133673843043,-1.9938171524989583,2.9556268389554443,3.723973592984583,-49.16058,-44.90266000000002,-35.730619999999995,-34.33424,-32.2011,-30.63878,-29.9376,-29.59442,-29.32254,-29.0797,-28.8711,-28.623480000000004,-28.26156,-27.98574,-27.7274,-27.4954,-27.1087,-26.72606,-26.37378,100.0,100.0,100.0,100.0,100.0,100.0,100.0,100.0,100.0,100.0,100.0,100.0,100.0,100.0,100.0,100.0,100.0,100.0,100.0,491923824.0,65535.0,23999.796262867734,15772.943713035002,0.6754130172917682,-0.0990677306524743,3.676267364517804,6.502214050116832,9.33213858737608,12.188233436728204,15.633595741441464,19.605461108954135,25.12297432457754,31.182493206509143,37.22128143970519,43.0577731075696,49.02753195380917,54.94119593606022,60.78915259042221,66.30915582571988,71.88005108693415,77.5304795971825,82.59135422560871,88.50198277853687,94.54497166211652,75.17685514953408,22.169097916768308,2.53695662779919,0.1170903058984241,7.117942751668903,53.42748566619506,182.6495506461992,Narra,2
268.0,-24.3245,-34.2109888648239,5.568021618700493,-0.712751803629655,0.374540011270541,4.19087533143077,-45.08836,-41.77834,-39.38676,-38.43204,-37.5633,-36.58874,-35.929739999999995,-35.141,-34.38662,-33.7343,-33.12542,-32.26558,-31.33676,-30.56578,-29.866300000000003,-29.21668,-28.4048,-27.43156,-26.3496,100.0,100.0,100.0,100.0,100.0,100.0,100.0,100.0,100.0,100.0,100.0,100.0,100.0,100.0,100.0,100.0,100.0,100.0,100.0,1064696128.0,65535.0,28824.650837913203,17256.78716592278,0.3877817896451547,-0.6525454469058429,3.14614509427426,6.484275859036467,10.024874627890073,13.86368233321874,18.820300809810025,23.53623136309556,28.1880935890846,32.96086139236903,37.70418699221568,42.46443075258371,47.50901404611852,52.8053701158947,58.03409073729626,63.98488912321845,69.64014468548908,75.64723847666703,81.63727002865554,87.86292289399591,93.79399659092212,80.23661910821129,18.236456669464225,1.4781925982077593,0.0487316241167393,17.09937517054482,53.72869625307957,195.3746488325979,Narra,2
269.0,-20.8806,-27.69901964340176,5.433962023817984,-1.811746937308505,3.75040472272405,3.878122686953629,-38.872220000000006,-34.09286,-32.70128,-31.49002,-29.4526,-28.28958,-27.59154,-27.0722,-26.57034,-26.141900000000003,-25.66548,-25.225960000000004,-24.94096,-24.58312,-24.1382,-23.60508,-23.119119999999995,-22.670919999999995,-22.25416,100.0,100.0,100.0,100.0,100.0,100.0,100.0,100.0,100.0,100.0,100.0,100.0,100.0,100.0,100.0,100.0,100.0,100.0,100.0,1298362204.0,65535.0,30460.11035777126,18885.11121886608,0.3610169048277538,-0.940823237247212,3.136469074233772,5.616820928345509,10.509853458426766,15.51399905045295,19.21545337898638,23.346380083011105,28.037653890300707,33.42772453348465,39.06965293946588,44.38240663696954,49.8866588232878,55.2608037872304,60.931927744255255,66.73757348531073,72.59625812397724,78.44156198188284,83.81885514282885,89.28213863810225,94.73407745624732,73.45689149560117,24.10322580645161,2.357771260997068,0.0797653958944281,9.2941794903436,51.86657665454546,121.31920687202329,Narra,2
270.0,-21.1894,-25.72176335976001,4.152347870636421,-2.706874414343294,11.829924263807166,3.379467701720184,-31.3646,-30.1964,-29.8254,-29.247400000000003,-27.9546,-26.8474,-25.947000000000003,-24.7756,-24.2928,-24.0417,-23.8304,-23.6433,-23.4212,-23.2273,-23.0247,-22.819,-22.6246,-22.3771,-22.1315,100.0,100.0,100.0,100.0,100.0,100.0,100.0,100.0,100.0,100.0,100.0,100.0,100.0,100.0,100.0,100.0,100.0,100.0,100.0,466324705.0,65535.0,33306.528462252696,19536.94456080017,0.1726758943048982,-1.1511212714251466,2.442204300542044,6.51496621865659,12.47231883200355,17.104741855784802,20.963957077933497,24.73042362188381,30.258071143796684,34.67347993068478,39.34876236076748,43.92991188403797,48.96070818293875,54.567922580897786,60.40584832407711,66.2710168872567,72.01645450030361,78.20863597608452,84.02828046607567,89.69871669140926,94.9942229631604,79.99428612241982,18.69152203414042,1.2999071494893222,0.0142846939504321,9.047222012397388,51.31408402971216,94.43237998610144,Narra,2
272.0,-30.0179,-44.516576031864936,7.689743428512726,-0.1238039413820973,-1.1539779220855622,4.493115326381871,-56.878415,-54.862,-53.467385,-52.1774,-51.08375,-50.00014,-48.900865,-47.42166,-45.744265,-44.18805,-42.396945,-40.95684000000001,-39.805575,-38.7527,-37.801025,-36.85649999999999,-35.921730000000004,-34.93471999999999,-32.799605,100.0,100.0,100.0,100.0,100.0,100.0,100.0,100.0,100.0,100.0,100.0,100.0,100.0,100.0,100.0,100.0,100.0,100.0,100.0,3117937587.0,65535.0,28484.20079114213,16595.22044972933,0.3215627666211368,-0.6190111086329968,5.300471269503959,8.365846901091288,11.805766431462567,15.967406277654907,20.275998969186556,24.668655723158963,29.74648549307219,34.29862334187897,39.37325170069224,44.48316864272113,49.46171983781919,54.501007206979736,59.82502641416728,65.39977604112318,70.96189898813392,76.76354610109134,82.70582290523572,88.53409925552818,94.09957403358376,78.15497615610897,20.179605707916902,1.611518152418191,0.0538999835559372,15.89082680024459,57.50466883576037,,Rain Tree,4
273.0,-21.3018,-26.40800847724529,5.9267837805938015,-2.2914401898213352,5.137279877743062,3.600454305480283,-38.09585,-35.0095,-29.84315,-27.9115,-27.2181,-26.3725,-25.591750000000005,-25.1447,-24.68385,-24.1265,-23.86125,-23.5926,-23.3244,-23.079,-22.8371,-22.6018,-22.395100000000003,-22.2023,-21.9931,100.0,100.0,100.0,100.0,100.0,100.0,100.0,100.0,100.0,100.0,100.0,100.0,100.0,100.0,100.0,100.0,100.0,100.0,100.0,573577746.0,65535.0,30107.48758595349,18237.59314525792,0.3302212125256354,-0.8492929584920059,3.830123144282519,6.9683460138985245,9.554761910166578,12.271830364910985,16.386041588161614,20.91500495557929,25.96923730719497,30.86210147351149,36.19015738452308,40.9587881744631,45.84133656398866,51.2915766086922,56.848466711607735,63.0865357876001,69.58327720755052,75.95675652311658,82.2248494278228,88.50988301767202,94.69298848982888,75.61807779119206,22.476510419400554,1.8476720382132168,0.057739751194163,5.645941092516206,51.21491268174899,168.59609615284282,Narra,2
274.0,-22.1623,-25.730683843588967,3.47729834508508,-3.251510031137059,13.68066638748536,3.242591527234449,-30.88306,-29.53348,-27.78827,-27.03628,-26.5117,-26.091860000000004,-25.55903,-25.17164,-24.8222,-24.5977,-24.4138,-24.27062,-24.1241,-23.95966,-23.75335,-23.56124,-23.40001,-23.24944,-23.021700000000003,100.0,100.0,100.0,100.0,100.0,100.0,100.0,100.0,100.0,100.0,100.0,100.0,100.0,100.0,100.0,100.0,100.0,100.0,100.0,610234079.0,65535.0,36995.09421036678,19735.81797967549,-0.1054894120871448,-1.226779556209633,2.569389278568954,5.523936823593885,9.106261172935902,12.70304882464619,17.51841492942907,22.27100790940914,27.59608415773187,32.40093200366805,37.77758600073202,43.16137414541216,48.71266489854625,54.10252710583213,59.5996466791885,65.37479497273372,71.43283290804217,77.68770399989411,83.56699233115101,89.29128849914657,95.00496513568196,83.20096999090634,15.671415580478934,1.1033646559563504,0.0242497726583813,3.675052745428531,51.05024584419522,110.876462573282,Narra,2
275.0,-22.6902,-32.37072036324392,6.8220258745355,-0.938360373923965,-0.0869235999515272,4.319633539506698,-46.2629,-43.7887,-41.166,-38.3813,-35.9163,-34.0894,-33.0454,-32.1992,-31.3364,-30.251400000000004,-29.4016,-28.8811,-28.3458,-27.7894,-27.164,-26.6502,-25.987900000000003,-25.2997,-24.415199999999995,100.0,100.0,100.0,100.0,100.0,100.0,100.0,100.0,100.0,100.0,100.0,100.0,100.0,100.0,100.0,100.0,100.0,100.0,100.0,2195519059.0,65535.0,31177.050297496484,19468.78460192617,0.3541907064017127,-1.0649293158291673,4.195890107278727,7.75122430854744,11.280181421554218,14.87681583364474,18.888781734779737,23.2904002315017,28.06774268134468,32.82133639633324,38.05507032949878,43.39460803560257,48.16436257591148,53.40032126771895,58.853719110438384,64.5341896801999,70.3936297735414,76.03711455642618,81.78545376954526,87.73511375835432,93.71730081619847,79.29310858976726,19.47004444696894,1.1956660655202285,0.0411808977435708,5.711637445802287,51.04837621164142,,Narra,2
276.0,-18.4396,-26.60452022648962,6.487908374237766,-1.3887454575488989,1.6777942290663983,4.0453502333446725,-39.09787,-35.89602,-33.634575,-31.59428,-29.994850000000003,-28.41192,-26.682085,-25.795900000000003,-25.1172,-24.54335,-23.8929,-23.13954,-22.610405000000004,-22.1938,-21.8604,-21.5767,-21.1372,-20.5663,-19.87419,100.0,100.0,100.0,100.0,100.0,100.0,100.0,100.0,100.0,100.0,100.0,100.0,100.0,100.0,100.0,100.0,100.0,100.0,100.0,5550168067.0,65535.0,29152.49215795445,20115.78557663235,0.368595297853127,-1.1524345464582126,4.012670865305528,8.471931071704608,13.028089028497522,17.801794109165666,22.63667609401061,27.059247159190576,30.969813422768915,35.35132922669385,40.25939546381668,45.22649083231806,50.05970602079066,54.27320226409281,59.00325963948868,64.39579448504654,69.93292316818052,75.63085752228267,81.6394245237547,87.47445706854484,93.52690683123416,70.61412723758299,26.711803512900246,2.568493150684932,0.1029498277166148,6.125553316420541,51.74272506618202,112.7362484072396,Narra,2
277.0,-24.5023,-30.32787464766429,4.982135425442273,-1.8422477815625653,3.831010882566839,3.800973431485801,-41.12196,-35.92872,-34.690839999999994,-33.91792,-31.568,-30.8435,-30.368820000000003,-29.96256,-29.40162,-28.7302,-28.3015,-27.95296,-27.652220000000003,-27.2262,-26.9153,-26.611859999999997,-26.25688,-25.92254,-25.51918,100.0,100.0,100.0,100.0,100.0,100.0,100.0,100.0,100.0,100.0,100.0,100.0,100.0,100.0,100.0,100.0,100.0,100.0,100.0,448770474.0,65535.0,23688.069358669836,16616.5699846965,0.6887053335674032,-0.3159229023645022,2.984236436196558,6.383235453230821,9.56620488361273,12.807473381147618,16.32348432976453,21.08610313788157,27.756447720310582,33.58091579794976,39.03177262058466,43.4592316784192,48.49817592946189,53.65385981253304,59.02084993229746,64.68372181722455,70.32017774859226,75.85702485409055,81.54082636907168,87.87732367615611,94.49684495063283,70.68355766693058,26.297176035893376,2.876748482449195,0.1425178147268408,6.796310845288777,52.14843214568488,183.11757245866704,Narra,2
278.0,-24.791,-29.80162199159759,4.0121587885925445,-2.642894887282883,9.034628225108625,3.5427028287173585,-36.84727,-34.56836,-33.03129,-31.61718,-30.52455,-29.86148,-29.44953,-29.09162,-28.80457,-28.520000000000003,-28.30393,-28.09466,-27.89499,-27.6777,-27.439249999999998,-27.2308,-27.01271,-26.79112,-26.4686,100.0,100.0,100.0,100.0,100.0,100.0,100.0,100.0,100.0,100.0,100.0,100.0,100.0,100.0,100.0,100.0,100.0,100.0,100.0,1110148309.0,65535.0,25210.589508345634,17509.306867902193,0.6204258205239114,-0.5217797200205543,2.277034049871259,4.936267123566821,7.523871479409694,10.62700686417926,14.237116673390348,18.355516857342707,22.953270831852432,28.5182583654235,34.68814958128266,41.13759416625837,46.699803602547306,52.38120305959949,58.135014192955005,63.96923251089689,69.99660087758599,76.20294145761744,82.23619948782897,88.14689560545914,94.11638188605302,72.52867037583741,24.571363687975477,2.775065288974679,0.1226297263540365,6.266002329550999,52.82796715794255,180.49198120073967,Narra,2
280.0,-23.3422,-31.315406761095566,5.630519110306135,-1.5002175432982343,2.165060614061467,4.1000433384876525,-44.31487,-38.80538,-36.31287,-34.800259999999994,-33.4529,-32.24902,-31.46043,-30.68766,-30.19992,-29.748700000000003,-29.3499,-28.90158,-28.45524,-28.0718,-27.66375,-27.18074,-26.7131,-25.66812,-24.851,100.0,100.0,100.0,100.0,100.0,100.0,100.0,100.0,100.0,100.0,100.0,100.0,100.0,100.0,100.0,100.0,100.0,100.0,100.0,2308681853.0,65535.0,23834.50701506251,16573.06481202873,0.7302656826223906,-0.2804832211376471,2.9229979398118484,5.990505180273533,9.384089224700984,13.367088392841453,17.171043359000233,21.102153610595387,25.909323418587118,31.007352012135385,36.87617026545753,42.49624930889081,48.1322368673723,53.84137482541212,59.544274764999415,65.24553285861514,71.03857219949309,76.9013077610915,82.68673448961354,88.30890905781291,93.75891538226595,68.22522531823297,28.614641297502654,3.059991947389612,0.0980766649804362,4.662055285218352,51.6989645014092,159.07722633071137,Narra,2
281.0,-25.0686,-35.61793729736126,5.189640243852803,-1.355255735932313,1.7688454475497537,3.9964712600248338,-46.1754,-43.47134,-39.600660000000005,-38.25258,-37.6317,-36.79068,-36.2491,-35.78784,-35.22822,-34.70869999999999,-34.32652,-33.66672,-33.06034,-32.53936,-31.681500000000003,-31.07908,-30.52966,-30.1586,-29.807,100.0,100.0,100.0,100.0,100.0,100.0,100.0,100.0,100.0,100.0,100.0,100.0,100.0,100.0,100.0,100.0,100.0,100.0,100.0,684866089.0,65535.0,27013.21693685165,17589.604730508596,0.5154824523501991,-0.721950298106218,5.867890036529462,10.55579625873402,14.900913571149236,18.404450450166763,23.070215555671936,27.28463899750773,31.01796736792439,35.04008051419232,39.78172614705121,44.5626109836488,49.62311953512419,54.930390194863335,60.33035795410802,65.43539710870398,70.72794299207885,76.33536648943353,82.26423998049638,88.26328310146482,94.31193577464455,73.89658028635664,24.371869206799985,1.6842188301187235,0.0473316767246479,7.595458795561866,51.69910562458092,178.16647978101977,Narra,2
283.0,-23.5948,-30.22561088483146,6.744188451349638,-1.188921576361461,0.3337188447487382,3.912232478568906,-44.513670000000005,-41.26913,-37.53557,-36.73928,-35.6667,-32.72417,-29.736325000000004,-27.97326,-27.33565,-26.88535,-26.523575,-26.19172,-25.84977,-25.56493,-25.217275,-24.92038,-24.693665000000003,-24.45851,-24.233355000000003,100.0,100.0,100.0,100.0,100.0,100.0,100.0,100.0,100.0,100.0,100.0,100.0,100.0,100.0,100.0,100.0,100.0,100.0,100.0,572618224.0,65535.0,22339.97440699126,14862.782714747507,0.7059205811125191,0.0961289335485968,3.378454647297428,7.459445789486434,10.63915964365116,14.448054660586562,18.54911379837607,21.06282125592985,23.154149735898034,26.691162731837885,31.091024095663432,36.82611016585459,42.29388375176826,47.683362414256656,53.8122115372982,60.29239946090155,66.80331309190048,73.90116839872005,80.77785418160217,87.40416843596651,93.77396343571488,65.51966292134831,30.270755305867663,4.030118601747815,0.1794631710362047,5.761079374567003,51.290196180555554,170.0802817155089,Narra,2
284.0,-23.302200000000003,-29.6738489156344,5.295984560768756,-1.6477109744520444,2.6031800167894543,3.879648348273359,-41.5431,-36.9573,-35.9195,-33.2771,-31.5147,-30.0835,-29.18555,-28.7459,-28.25875,-27.796,-27.47895,-27.1206,-26.7123,-26.3542,-26.0602,-25.8142,-25.5305,-25.122000000000003,-24.48385,100.0,100.0,100.0,100.0,100.0,100.0,100.0,100.0,100.0,100.0,100.0,100.0,100.0,100.0,100.0,100.0,100.0,100.0,100.0,671459073.0,65535.0,26238.09436911414,16053.436975010462,0.4809286456404925,-0.3162252613291438,4.080880444071385,9.206886091179529,14.823796714114843,18.941370384908037,22.18578033869236,26.37893091661299,31.40968980547233,36.94859433376068,42.127778948040216,47.4941551649865,52.86512004581998,57.94884746460192,63.12032453540173,68.27676703387104,73.4812562432975,78.55368677101784,83.752096384287,89.28692635299308,94.68456434127296,76.12441874096362,21.98819897620257,1.8287679262240637,0.0586143566097456,6.4028001255183,51.19659758508851,195.96481490271316,Narra,2
286.0,-20.9664,-28.85487211828105,6.402578100926228,-1.2980103446186422,0.8088686743746902,3.920844005517584,-44.49058,-38.53586,-35.1446,-33.66704,-33.0732,-30.282560000000004,-28.85308,-28.10498,-26.66304,-25.9572,-25.44244,-25.060360000000003,-24.7401,-24.43502,-24.1507,-23.9257,-23.65406,-23.32554,-22.8488,100.0,100.0,100.0,100.0,100.0,100.0,100.0,100.0,100.0,100.0,100.0,100.0,100.0,100.0,100.0,100.0,100.0,100.0,100.0,901518596.0,65535.0,24914.152162498274,15204.434345747944,0.5332982498838489,-0.1432018001650976,4.495630725736023,8.373526329344847,11.99008544910814,16.498111149334516,22.906372416082696,28.437545840707205,32.78990054243984,37.14916336567726,41.310745629921534,46.393791193631685,51.27957793119111,56.284221118828704,61.35572748629136,66.84873087188097,72.70115601697472,78.47929051482372,84.32283176108771,89.75159997697929,94.89514545743214,78.82548017134171,19.488738427525217,1.638800607986735,0.0469807931463313,4.997533360429527,51.172880599696015,186.2852826962546,Narra,2
287.0,-20.9673,-27.25701582468375,5.65660659555394,-1.7015361931171469,3.302446584174202,3.779379150857789,-38.966935,-33.49659,-32.47989,-31.719,-31.076100000000004,-29.84889,-27.774395,-26.22188,-25.4841,-25.03875,-24.5774,-24.16328,-23.7185,-23.39441,-23.122775,-22.92028,-22.6279,-22.33764,-22.044,100.0,100.0,100.0,100.0,100.0,100.0,100.0,100.0,100.0,100.0,100.0,100.0,100.0,100.0,100.0,100.0,100.0,100.0,100.0,1179299990.0,65535.0,23907.314101524487,16691.06777654995,0.6869687989260906,-0.3625273672562468,2.5193209744706264,5.960115034004198,10.361963201576897,14.733859448264727,19.62227778870752,23.469016395056528,27.33060847393037,31.18768414472725,36.48846745093248,42.06969220783255,47.21281435777846,52.209017741109285,57.44202355161556,62.78962437708492,68.83078986543534,74.66915072220088,80.83169482601285,86.96498047116917,93.62028672619591,74.46480700616283,23.22007784625365,2.225916315277327,0.0871715861174181,5.447405390963355,51.99349404395069,174.0025824215207,Narra,2
288.0,-21.3468,-28.124985950806035,5.4620672562170345,-1.8611938228324365,4.02860274381445,3.887020403798252,-42.51807,-33.84271,-31.662825,-30.74774,-29.845875,-29.12911,-28.679445,-28.32518,-27.927945,-27.14505,-26.58824,-25.98804,-25.280655,-24.7074,-24.250499999999995,-23.836,-23.40819,-22.8794,-22.328665,100.0,100.0,100.0,100.0,100.0,100.0,100.0,100.0,100.0,100.0,100.0,100.0,100.0,100.0,100.0,100.0,100.0,100.0,100.0,1217503487.0,65535.0,24111.844714223476,15475.764777327116,0.6027793537595123,-0.1409927308563969,2.6097658314140006,5.223669885062103,8.940432792370311,13.058841777263838,17.439980194487937,22.678500221823185,27.8489762551292,33.4283203576566,38.88404830498855,43.99550676605167,49.44130611758979,54.98463972777107,60.62201438278099,66.18868804931809,72.01326077187655,77.5724601271717,83.20039062031861,88.71902196038639,94.58774133268662,76.33778270685626,21.553055808610925,2.008159385273498,0.1010020992593179,4.093449926934462,51.933726516021714,179.18370762828843,Narra,2
290.0,-21.7406,-26.8262340834003,5.316925136978833,-2.411966823225884,5.841188559169304,3.478936189273764,-38.06073,-34.6343,-29.97830500000001,-27.6635,-26.91095,-26.39318,-25.867705000000004,-25.44452,-25.09224,-24.8126,-24.587800000000005,-24.41278,-24.25278,-24.07701,-23.886849999999995,-23.70332,-23.51382,-23.257780000000004,-22.9416,100.0,100.0,100.0,100.0,100.0,100.0,100.0,100.0,100.0,100.0,100.0,100.0,100.0,100.0,100.0,100.0,100.0,100.0,100.0,594064764.0,65535.0,26523.116528261453,16359.77617600811,0.4110935424829922,-0.6641250322728252,2.252230701230413,4.47113843634732,7.549413753817588,10.736713547952492,14.924212202560462,19.300815491558087,24.183479766189265,29.326297999387823,34.85156072983315,40.18183916391985,45.85151342185984,51.57941432796375,57.54980798692851,63.50657266048522,69.41059106478161,75.27528648374775,81.47882239990925,87.67308676802787,94.02076993073436,81.54299491025985,16.55058487364943,1.8483793195821057,0.0580408965086168,6.303122626335177,51.77454998214126,190.87673406312493,Mahogany,1
291.0,-22.3913,-29.18061523781145,5.235262883243928,-1.585794003688079,2.8270317519426893,3.924039508325473,-40.7007,-35.2896,-33.531225,-32.574600000000004,-31.5679,-30.519,-29.7359,-28.6843,-28.1101,-27.64185,-27.261575,-26.794500000000003,-26.3549,-25.9563,-25.58595,-25.270100000000003,-24.793875,-24.0854,-23.3696,100.0,100.0,100.0,100.0,100.0,100.0,100.0,100.0,100.0,100.0,100.0,100.0,100.0,100.0,100.0,100.0,100.0,100.0,100.0,1557240045.0,65535.0,22096.033330495487,15404.405322709845,0.7755774915796538,0.0471560036863807,2.525876156748846,5.190794332546207,8.335812479058102,12.503202099455384,17.13667824410462,21.75457689312119,26.38132401739001,31.02145745295164,36.18539452599294,41.36199650581167,46.64040796613344,51.946511367809066,57.09953541555631,62.37482526337165,68.2448838515452,74.18997024315541,80.34790763424017,86.3306335022999,93.40005130679772,72.16357341506328,24.598444860661782,3.0960894488904023,0.1404733526306827,7.354372572364948,52.68988459049889,186.14498005340369,Narra,2
293.0,-24.728400000000004,-29.39137248187298,3.9077939047465846,-2.851980384370902,10.28304961381919,3.4942250190266506,-35.909229999999994,-33.31872,-31.55941,-30.98658,-30.349675,-29.73105,-29.277890000000003,-28.88528,-28.593215,-28.3365,-28.06897,-27.77692,-27.519520000000004,-27.3237,-27.170525,-27.02506,-26.858495,-26.3805,-25.730125000000005,100.0,100.0,100.0,100.0,100.0,100.0,100.0,100.0,100.0,100.0,100.0,100.0,100.0,100.0,100.0,100.0,100.0,100.0,100.0,604440612.0,65535.0,26401.704027256048,17186.702004067978,0.5377549443833113,-0.5272239256455111,2.164305597652329,4.628996537380251,8.185741000474005,12.37580094965558,16.188240839118205,20.7707151881449,25.99032127907381,31.38173068357624,36.79743643698117,42.49761778085156,48.175555252068335,54.28644774782274,60.663823992025215,66.58181316909923,72.38068295119785,78.14014456063717,83.79971380877366,89.36080175234818,94.62411370862684,76.04175766576395,21.72621647593256,2.144666724906089,0.0873591333973967,4.121850587348508,52.94442303660347,204.6838527891753,Narra,2
294.0,-24.9492,-31.02557362004488,4.783302878959496,-1.4670507186374284,2.4311439866338693,3.7984957705599554,-38.63535,-37.19813,-36.50171,-34.9322,-33.5411,-32.88897,-32.113665,-31.41796,-30.003990000000005,-29.0651,-28.415415000000003,-28.041100000000004,-27.82056,-27.62304,-27.366550000000004,-27.10524,-26.895705000000003,-26.7156,-26.429925,100.0,100.0,100.0,100.0,100.0,100.0,100.0,100.0,100.0,100.0,100.0,100.0,100.0,100.0,100.0,100.0,100.0,100.0,100.0,295218276.0,65535.0,22080.648915482423,14509.953939894913,0.7158450983695898,0.2977094540395804,3.0403398873584644,6.8561422667477405,10.67974429875744,14.36623185212287,18.728337130455973,22.090602886658683,26.2823064517862,30.88409946544096,34.697437905233215,39.59819818201228,44.77309561959505,50.45828632912957,56.07834794076231,61.79927356529918,68.03234498937321,74.75568416367285,81.47121894309822,87.8838480175936,94.23538229726672,72.72251308900523,24.278234854151084,2.842183994016455,0.1495886312640239,9.740753204174174,53.55390108451758,179.08874387442833,Narra,2
295.0,-23.6959,-29.31229814649839,5.718883763476072,-2.121054276295833,4.210037899120562,3.7898560506954055,-43.688015,-36.01137,-34.026844999999994,-31.92272,-30.447925,-29.37862,-28.47344,-27.87398,-27.389145,-27.05615,-26.780955,-26.5432,-26.307165,-26.07657,-25.848000000000003,-25.59946,-25.33,-25.06309,-24.793295,100.0,100.0,100.0,100.0,100.0,100.0,100.0,100.0,100.0,100.0,100.0,100.0,100.0,100.0,100.0,100.0,100.0,100.0,100.0,2007391938.0,65535.0,24837.811655530808,16101.07043483492,0.5662741708304818,-0.4214840139970288,3.749055556882485,7.660137120666269,12.094257299941392,15.81596802248391,18.950761373437377,23.35756053036415,28.315860457540605,33.21358681276123,38.10884802905889,43.28645799313756,48.66499872333352,54.31121986502667,59.97676199693893,65.63616307599219,71.24630028279012,77.1229525083407,83.2340925242871,89.20885100217036,94.6619168896951,77.09849047265529,21.450136104924525,1.4043553575847565,0.0470180648354367,3.5564228786976897,50.48325495298194,190.44275942260688,Narra,2
296.0,-26.2964,-32.38384129644123,4.8742083123584425,-1.1646528499854425,0.2011463315817137,3.939308183873972,-42.6368,-40.6088,-38.4554,-37.2672,-35.768899999999995,-33.4662,-31.577900000000007,-30.6608,-30.3655,-30.146,-29.951,-29.745,-29.5233,-29.2682,-28.9882,-28.6568,-28.2897,-27.9787,-27.6972,100.0,100.0,100.0,100.0,100.0,100.0,100.0,100.0,100.0,100.0,100.0,100.0,100.0,100.0,100.0,100.0,100.0,100.0,100.0,618673394.0,65535.0,28482.730721421667,17821.953924187837,0.4000375482987526,-0.7375896906645982,2.648904277916952,5.215955189435542,8.689303519653215,12.886594085537803,17.21072007179284,21.532042478619985,24.95664586474847,29.769053879824675,35.0012130956451,40.020116009708346,45.40041784955116,51.23432170739186,57.64017225541139,63.68283505012016,69.52291276324063,75.7526674890435,82.0871403110637,88.45552424063027,94.22672037517748,75.595046268588,22.747571474609824,1.611343860779891,0.0460383960222825,2.4945298618480387,50.79814008102758,259.252723397723,Narra,2
298.0,-24.8878,-31.51524918720453,4.613431673133003,-1.383190605109761,1.829591026122781,4.035353960546994,-40.9446,-37.3806,-36.14995,-35.3211,-34.07725,-32.9069,-31.70265,-30.9083,-30.40405,-30.0066,-29.66235,-29.317500000000003,-29.0053,-28.6664,-28.21805,-27.9199,-27.50595,-27.024,-26.514000000000003,100.0,100.0,100.0,100.0,100.0,100.0,100.0,100.0,100.0,100.0,100.0,100.0,100.0,100.0,100.0,100.0,100.0,100.0,100.0,2684092929.0,65535.0,25530.93691679904,16525.45395765309,0.5365885869534286,-0.5256263174646252,3.3607780127645497,7.209259594156175,12.10052202331926,17.263113508243215,22.155236563346275,26.3687457074628,30.42158556351534,35.12444572294464,40.6286649101336,46.26128974836251,51.79429270051179,57.08756855787686,62.44763476294677,68.11487084693259,73.96798179188528,79.12998741780896,84.26451672232695,89.60981007822625,94.95256939369553,77.77154217119595,20.852079786171537,1.342135050555973,0.0342429920765521,3.042439097931133,50.27194398512333,200.36282497726023,Narra,2
301.0,-20.5092,-28.190008522977244,5.413454727475189,-1.531339573266271,2.2538837603826387,4.018362745189454,-41.6743,-35.1217,-33.069500000000005,-31.7506,-30.06,-29.1739,-28.3514,-27.728,-27.21,-26.687,-26.234700000000004,-25.795800000000003,-25.3004,-24.829700000000003,-24.4671,-24.0751,-23.5979,-23.0277,-22.3357,100.0,100.0,100.0,100.0,100.0,100.0,100.0,100.0,100.0,100.0,100.0,100.0,100.0,100.0,100.0,100.0,100.0,100.0,100.0,4217695078.0,65535.0,24098.22294467521,16477.3356250316,0.5891182329641873,-0.4579569422395111,3.242843910490961,6.497267700299125,10.206477686009714,13.971984297154066,18.576680995429705,23.506568413905622,28.01661682855301,32.75548247207832,37.90256702857835,43.562799515399206,49.30992095299119,54.963178326757166,60.3870230279364,65.71601981038232,71.2196614370803,76.7006597009382,82.4882721168588,88.51079774525132,94.34770061393236,72.00621639688951,25.11870004170928,2.768239239862645,0.1039875214974203,4.064213035295081,50.05501904000091,183.69558975487203,Narra,2
308.0,-21.8957,-28.364884677033647,7.098754959501837,-1.682807192633598,1.7194752698443994,3.9387638737343065,-46.5732,-41.945800000000006,-35.1955,-31.9971,-29.329,-27.7994,-27.0309,-26.333400000000005,-25.8205,-25.4669,-25.1437,-24.795,-24.4245,-24.0673,-23.7958,-23.5556,-23.2501,-22.9634,-22.6094,100.0,100.0,100.0,100.0,100.0,100.0,100.0,100.0,100.0,100.0,100.0,100.0,100.0,100.0,100.0,100.0,100.0,100.0,100.0,1932237305.0,65535.0,24976.891521567715,14931.846729440233,0.5305366900432171,-0.1081685465437969,3.131383647517353,5.5636439541777705,7.920846088829653,9.948605406932664,12.96553411693912,16.979155673635024,22.17588144536936,27.78234488128776,34.07798821066649,40.33802996055911,46.55328538955001,52.73745152125608,59.01866215133445,65.62069326158672,72.0957729878836,78.18284147039589,83.92986507420733,89.47963154039198,94.82640829150122,79.21950336732979,19.10911182637246,1.6106306795413712,0.0607541267563759,3.0782974734379467,49.10598177634726,184.33769088877887,Rain Tree,4
309.0,-24.53,-28.669331082858395,5.199770113994082,-2.423015227367036,4.653358377488095,3.338782690704346,-43.44563,-35.6678,-30.1263,-28.71074,-28.197425000000003,-27.753570000000003,-27.427765,-27.1942,-26.98357,-26.79445,-26.606615,-26.46378,-26.30737,-26.18432,-26.0814,-25.9688,-25.833405000000003,-25.60907,-25.3179,100.0,100.0,100.0,100.0,100.0,100.0,100.0,100.0,100.0,100.0,100.0,100.0,100.0,100.0,100.0,100.0,100.0,100.0,100.0,518480204.0,65535.0,28412.98794388426,16292.554878615554,0.3347694978838786,-0.5870128610616563,2.038376570303926,4.519825023059125,7.4073362307194275,12.039091467415023,16.906605946328472,22.368451313138277,27.867260675587914,33.17660243784351,38.18592522386833,43.517820981261615,49.24221446263742,55.24904167797311,61.08393079555261,66.65763578506846,72.2026025510513,77.7066267702672,83.20176771879221,89.04978732804233,94.75606189199848,82.40903112669882,16.35795703638755,1.205611573871109,0.0274002630425252,2.8690605470683104,49.129199123191576,312.24003397774203,Narra,2
310.0,-27.231,-33.23572775610583,4.752122052372807,-0.393425784504979,-1.0757212405543288,3.898192590070684,-40.6941,-39.56623,-38.263595,-37.61658,-37.180925,-36.7905,-36.2833,-35.5158,-34.75159,-33.01345,-30.7498,-29.41548,-29.05629,-28.82381,-28.583075,-28.404599999999995,-28.2543,-28.094200000000004,-27.887905,100.0,100.0,100.0,100.0,100.0,100.0,100.0,100.0,100.0,100.0,100.0,100.0,100.0,100.0,100.0,100.0,100.0,100.0,100.0,561024975.0,65535.0,11894.18620675034,10096.892745805888,1.857277627280671,4.433956445234159,4.9892260144033695,9.897613381650256,14.374479496211377,18.677916254975997,23.825031853528447,30.062004458892407,36.07957274985842,42.94641927482819,49.95412387835319,54.96890276587063,57.994850051016,61.022992425604585,64.60770966568823,68.86429449954522,73.63508852703036,78.40371847973435,83.64936088629565,89.07300428113739,94.5509793035506,63.34591248303935,32.08955223880597,4.384328358208956,0.1802069199457259,1.3884051685098435,49.01054136914857,213.1923575602696,Teak,3
311.0,-26.109,-33.96621439210294,6.08510439966628,-0.8234582695347834,-0.602617194007236,4.298521274140264,-45.72467,-44.39837,-43.0467,-40.55813999999999,-37.379225,-36.2994,-34.545300000000005,-33.55797999999999,-32.811765,-31.7798,-30.964135,-30.46452,-30.06521,-29.6449,-29.196,-28.66134,-28.155945,-27.70913,-27.2353,100.0,100.0,100.0,100.0,100.0,100.0,100.0,100.0,100.0,100.0,100.0,100.0,100.0,100.0,100.0,100.0,100.0,100.0,100.0,1055978639.0,65535.0,12306.869598153931,10422.567571037349,1.8616931901185356,4.293993125332455,4.696225867500716,10.535216517765186,16.515511730914852,22.126427123683516,27.227535423659265,32.708617792409726,37.48358379434984,41.44656064392227,45.620675476561416,49.6874378535606,55.32178023536706,60.4594745973834,66.29679712678355,71.26894372718462,75.5275441703324,79.95642050104009,84.35567606211777,88.76689540686817,93.7537030045927,67.40128665330288,28.668826628129224,3.755069693720572,0.1724861311826954,2.2979949649532623,49.197742076126985,179.33575665685115,Teak,3
314.0,-27.1233,-32.828164821174795,3.163517978810236,-0.5336098983164148,-0.3060717624850917,4.134394508893272,-38.417795000000005,-37.63419,-36.4069,-35.64162,-35.24722499999999,-34.67474,-33.967555,-32.940540000000006,-32.45327,-32.081100000000006,-31.807715,-31.54194,-31.20606,-30.89584,-30.589375,-30.18388,-29.42741,-28.89487,-28.3751,100.0,100.0,100.0,100.0,100.0,100.0,100.0,100.0,100.0,100.0,100.0,100.0,100.0,100.0,100.0,100.0,100.0,100.0,100.0,311418674.0,65535.0,18440.234130743724,12064.118711437846,0.793486558223593,0.7209584142143668,4.327414546759004,9.894426883340977,15.79764128081799,20.521593383960013,26.05974393173352,31.410335399475752,35.560019435443365,39.69443046308777,43.50298209798427,48.12813922648711,52.81847356398416,57.88690918387252,62.8103994174736,67.78874506414473,72.96849899245285,77.95827426842104,82.75630574420852,88.44909216972647,93.95898590204644,79.73117006158219,19.30364756039792,0.9533396494552344,0.0118427285646612,1.1898213013149768,48.837461540738985,256.9493939565164,Mahogany,1
315.0,-27.051,-31.677864362678584,2.8745179069634506,-0.4995041020679331,-0.6227562604046382,4.134190979168428,-37.09008,-35.82666,-34.7239,-34.02092,-33.703599999999994,-33.37666,-33.066039999999994,-32.56644,-31.98144,-31.2057,-30.75068,-30.2813,-29.824,-29.44498,-29.1134,-28.80244,-28.530800000000003,-28.28798,-27.941960000000005,100.0,100.0,100.0,100.0,100.0,100.0,100.0,100.0,100.0,100.0,100.0,100.0,100.0,100.0,100.0,100.0,100.0,100.0,100.0,237059326.0,65535.0,18920.849708675876,11946.232862792733,0.526468034396491,-0.089711261848191,4.094258244874956,8.721963125804214,12.388201508680574,17.158898443843544,21.915257195998272,26.5976104226332,32.006219827014945,38.35699338822891,43.47996121443457,46.94267881281329,51.84127284661224,57.03525454214782,62.11625776747547,67.19736181144799,72.29454579652352,77.73767904832395,82.84847903431566,88.00906697929277,94.06282754722756,80.22188522627505,18.708596057147417,1.0535557506584723,0.0159629659190677,1.2198838330591364,48.80255068241679,279.79036587515884,Mahogany,1
316.0,-22.5837,-29.048092135768044,4.125449807012325,-1.4886674854524746,2.59359253432054,3.9346368786204113,-37.7736,-34.88148,-32.469080000000005,-31.56004,-30.7234,-30.168180000000003,-29.6475,-29.1536,-28.6191,-27.9874,-27.46863,-27.020900000000005,-26.651100000000003,-26.344200000000004,-26.0561,-25.78428,-25.5262,-25.2145,-24.62137,100.0,100.0,100.0,100.0,100.0,100.0,100.0,100.0,100.0,100.0,100.0,100.0,100.0,100.0,100.0,100.0,100.0,100.0,100.0,3225799605.0,65535.0,19344.5450211388,13480.912388777384,0.8234886652456611,0.4438738285284498,2.728817030777707,5.887175716236099,9.385658288590434,13.559918394248797,18.22244571822992,23.05514061838321,28.214034113876707,33.39641366221818,38.631711438875946,43.597336667167205,48.80702727347504,54.20844364571121,59.81758045382364,65.58195898842885,71.42026561194274,77.22194420071547,82.97513022356515,88.79318611609787,94.53207853561008,72.14536295763246,25.171059338550567,2.563641270126833,0.118137387184792,7.135261865222259,48.30019338730473,149.88383193001332,Narra,2
320.0,-25.2066,-31.86246589358941,5.9145173164876885,-1.4496721641695918,1.2463602774530935,4.1440788058640265,-46.5674,-42.17698,-38.25994,-34.40874,-33.4048,-32.64264,-31.876200000000004,-31.31344,-30.60754,-29.9812,-29.35576,-28.8316,-28.35956,-27.972620000000003,-27.687200000000004,-27.38648,-26.958,-26.52704,-26.13932,100.0,100.0,100.0,100.0,100.0,100.0,100.0,100.0,100.0,100.0,100.0,100.0,100.0,100.0,100.0,100.0,100.0,100.0,100.0,2406825687.0,65535.0,24986.5111549442,13626.96761625522,0.4666203621357386,-0.0713563723152743,3.994449765069339,7.161903287431551,9.81055787610098,12.873120794476549,17.441103951455375,22.4241794042312,27.72765354818153,33.18431660065625,38.48846545071795,43.62880409959659,49.15426174774742,54.64672452617047,60.33264909225643,65.842471540815,71.4778659830715,77.0793435112611,82.72362339134366,88.39885927310198,94.05389842841578,85.0537243706203,13.794964962366988,1.0859070853880093,0.0643654295354269,4.12383997166155,48.823874436542944,239.56103662814257,Rain Tree,4
323.0,-26.8668,-33.76514974024886,4.979660460476681,-0.8727853974779509,-0.1187808778867425,4.27973274409602,-44.604415,-41.40079,-39.081525,-37.7424,-36.802675,-35.90894,-35.04151,-33.93262,-33.292035,-32.5189,-31.698125,-31.1209,-30.594690000000003,-30.117320000000003,-29.6218,-29.21458,-28.81893,-28.47864,-28.10854,100.0,100.0,100.0,100.0,100.0,100.0,100.0,100.0,100.0,100.0,100.0,100.0,100.0,100.0,100.0,100.0,100.0,100.0,100.0,833277898.0,62391.0,17455.232686748503,11537.845539704604,0.7584124709038043,0.4252159844395939,5.813094901024244,11.372871910734396,14.902571074794066,19.006020606105167,22.90953155702205,26.674587377571367,31.05782748122284,35.336158526071934,39.751151542003335,44.21529610761379,49.17988680410193,54.05753255680376,59.14776177106764,64.65128143840437,70.37465249078285,75.84942112553188,81.91375453954498,88.05163064579448,94.00835518140671,75.56035024508778,22.33231387992794,2.071724831371234,0.0356110436130545,1.8211038726270388,48.70523209392937,284.967397119266,Mahogany,1
324.0,-33.976800000000004,-38.53152363861386,3.8039462028755615,-1.4771510913697596,1.1363158790406267,3.736569262105152,-47.879195,-46.19141,-42.541515,-40.037,-39.5446,-39.052890000000005,-38.673235,-38.34334,-37.999745,-37.07285,-36.46672,-36.1717,-36.00462,-35.88586000000001,-35.758125,-35.6511,-35.53893,-35.43126,-35.284635,100.0,100.0,100.0,100.0,100.0,100.0,100.0,100.0,100.0,100.0,100.0,100.0,100.0,100.0,100.0,100.0,100.0,100.0,100.0,31846803.0,59674.0,9853.590037128712,8349.775251587733,1.5820474082507914,3.295882777472304,7.088783762690403,13.583655477129057,17.450206854358346,21.546542678082947,26.686854564334133,32.6306128750192,39.093961802068485,45.42980656488502,50.061386067543424,52.61707117037776,55.24940132923233,59.46630812518293,63.734811937009816,68.53858140799879,74.10629883319842,79.39955542790277,85.0883776308724,89.95273717113771,95.11847076141365,72.86509900990099,23.85519801980198,3.217821782178218,0.0618811881188118,2.266319818963778,48.50548186881189,249.15151920593115,Tibig,5
326.0,-19.753400000000003,-29.218224111245124,6.68815989507178,-1.0585923402807271,0.5952050286039503,4.241018372685042,-44.32799,-40.50662,-35.20675,-33.1822,-31.82465,-30.959000000000003,-30.15883,-29.3507,-28.675,-28.0417,-27.34229,-26.60738,-25.84297,-25.0937,-24.278700000000004,-23.31214,-22.5772,-21.8319,-21.0561,100.0,100.0,100.0,100.0,100.0,100.0,100.0,100.0,100.0,100.0,100.0,100.0,100.0,100.0,100.0,100.0,100.0,100.0,100.0,9200868345.0,59031.0,20979.581827468344,10541.864181769415,0.2580240599224441,-0.0598315649969292,4.015650242411984,6.956090240632608,9.83981933066123,13.943211487176214,18.75924398959542,23.800855385459812,28.84056787359672,33.969315805920274,39.120330169228176,44.39968282145874,49.68602448794196,55.1357184972306,60.612567889101776,66.14311178908625,71.7865961378453,77.28609232697373,82.87071129697813,88.63294483972969,94.25203216512278,87.43008416122655,11.8728666120945,0.6797199034118245,0.0173293232671246,6.967137178967353,48.63037014613639,,Rain Tree,4
327.0,-25.132300000000004,-30.696975482266723,4.675509196081356,-1.341711162719391,1.3185378723555452,4.030980621344361,-41.1014,-38.10412,-35.34038,-33.70212,-32.70779999999999,-31.97566,-31.12054,-30.4545,-29.80964,-29.2215,-28.65984,-28.2052,-27.83009,-27.461,-27.1044,-26.783900000000003,-26.5494,-26.2921,-26.041500000000003,100.0,100.0,100.0,100.0,100.0,100.0,100.0,100.0,100.0,100.0,100.0,100.0,100.0,100.0,100.0,100.0,100.0,100.0,100.0,2720032313.0,65535.0,23731.90518693016,12466.001473897992,0.4045256013553122,0.254066403690028,2.424341530239755,4.691985069075906,7.513186590588859,11.655573152009095,16.407982062086628,21.48560141020648,26.87549050451299,32.102215213646986,37.74811317838929,43.331939564351785,49.144387719632206,54.79072950263146,60.56482304002688,66.52658445826339,72.33533287808407,78.08873110986457,83.69860317905716,89.24551125360105,94.70569227020796,87.62029402783232,11.401648998822145,0.9449024996728178,0.0314095013741656,2.4299104265000757,48.78919962221349,208.34450310765484,Rain Tree,4
331.0,-27.0525,-32.97117548358733,4.589130427669931,-1.2333284255218615,1.0164705178508229,4.144027672253487,-43.93362,-38.88951,-37.5969,-36.03882,-35.319275,-34.60522,-33.834935,-32.93708,-32.270745,-31.70355,-31.06982,-30.51834,-30.065665,-29.66607,-29.36165,-29.0872,-28.794425,-28.50879,-28.183095,100.0,100.0,100.0,100.0,100.0,100.0,100.0,100.0,100.0,100.0,100.0,100.0,100.0,100.0,100.0,100.0,100.0,100.0,100.0,614093832.0,61639.0,17998.060726846423,12119.252343977709,0.8669810263072738,0.6628761709603466,6.434816300190424,11.055366698423375,14.872287465020491,19.378455668970147,23.924581121668066,28.971021483895964,33.735044256233465,38.18295344806525,42.35781283665458,46.741522393274906,51.16527371341518,55.596411364053566,60.404321240601554,65.7807593807586,71.32224509950785,77.13042638083361,82.74682117308744,88.45401397876277,94.15584490026274,80.52754982415006,18.10961313012896,1.339390386869871,0.0234466588511137,3.0636145598093254,48.80492228018758,358.6338326872041,Mahogany,1
333.0,-24.294300000000003,-30.41367178226326,4.32994128082817,-1.4278945752536003,1.968407926937087,4.004020718315362,-39.599585,-36.52498,-34.603865000000006,-33.247359999999986,-31.468925,-30.8422,-30.568900000000003,-30.28754,-29.9462,-29.5012,-29.1253,-28.71036,-28.221015,-27.8223,-27.423225,-26.98814,-26.57451,-25.962770000000003,-25.479135000000003,100.0,100.0,100.0,100.0,100.0,100.0,100.0,100.0,100.0,100.0,100.0,100.0,100.0,100.0,100.0,100.0,100.0,100.0,100.0,782868387.0,65535.0,16810.573051320593,12847.700545300857,1.015985031044956,0.9372461387237144,2.606341543332749,4.584187533427634,6.799875162158004,9.196248206660568,12.443451238758476,16.966055751590847,22.594887715142853,28.553946067054564,35.05961060093234,41.04351667989884,46.847574648585216,52.68929846314001,59.11235485869734,65.49658416594104,71.12295645679202,76.78730281901139,82.4013924578104,88.65542376281952,94.1596036116349,68.34872235344642,28.2499463173717,3.24672535967361,0.1524586643762078,1.8488321422356797,48.91223307494095,205.09445709565912,Narra,2
334.0,-27.4613,-31.69737795554148,3.901053849275611,-1.5295257189044589,1.881240193585468,3.959712756532007,-40.86249,-37.17006,-35.48296,-34.95944,-33.4881,-32.29102,-31.48094,-30.91964,-30.5704,-30.256,-29.96951,-29.74436,-29.52869,-29.26712,-28.9117,-28.6458,-28.42057,-28.23788,-28.01107,100.0,100.0,100.0,100.0,100.0,100.0,100.0,100.0,100.0,100.0,100.0,100.0,100.0,100.0,100.0,100.0,100.0,100.0,100.0,465627468.0,65535.0,24585.641691747187,15174.035195782606,0.5148507793842801,-0.2750128998763008,4.417298250970022,6.744326990606147,9.4813324028384,12.849837501425066,15.700890094396236,19.05876523590313,23.52470301429897,28.2583977627368,33.89974171369117,39.92399778270813,45.85298176610148,51.58631062547195,57.150491602870815,62.87907203103404,68.81361109907716,74.9050545703631,81.09620006352375,87.27781927160706,93.59346644042915,79.36533079888062,18.42758329373251,2.133164369818892,0.0739215375679814,1.9913847409506464,49.02272736152912,224.24915170892825,Mahogany,1
335.0,-26.0388,-29.40990317760374,2.749626856014004,-3.973621275178514,19.3437170016238,3.070464706089476,-33.41392,-31.151580000000003,-30.45538,-29.77408,-29.4322,-29.232900000000004,-29.067120000000003,-28.93342,-28.84234,-28.7581,-28.68136,-28.5951,-28.51488,-28.40024,-28.2029,-27.99512,-27.805,-27.61318,-27.35504,100.0,100.0,100.0,100.0,100.0,100.0,100.0,100.0,100.0,100.0,100.0,100.0,100.0,100.0,100.0,100.0,100.0,100.0,100.0,278386390.0,65535.0,25059.536411918263,15164.871162661862,0.5049610832886618,-0.1374795736176981,1.3465945659196918,3.27119619604967,7.39730415700279,11.15788311346686,16.23618130182298,21.176284875133444,26.24764953487848,31.77737065378807,36.93984537103269,42.11063407230504,47.14696864311506,52.68017843832092,58.18100051514731,64.17622571275844,70.78824471268153,76.82744799413506,82.72766603281144,88.61092059852494,94.39327906798891,84.05797101449275,14.888828877486723,0.9901881357457916,0.0540102619497704,1.427589743993776,48.96253467458817,248.11403803409567,Narra,2
336.0,-27.1571,-32.15679321698321,4.118586033066328,-1.113892140457745,0.3654244718623429,3.9697446856211824,-40.43184,-39.74546,-36.39093999999999,-35.14506,-34.0907,-33.51592,-33.02338,-32.4446,-31.033000000000005,-30.312900000000003,-29.9602,-29.71512,-29.4537,-29.23102,-28.9654,-28.7418,-28.53512,-28.301620000000003,-28.051520000000004,100.0,100.0,100.0,100.0,100.0,100.0,100.0,100.0,100.0,100.0,100.0,100.0,100.0,100.0,100.0,100.0,100.0,100.0,100.0,339731180.0,65535.0,24912.457285326684,15077.46521621488,0.5552696812239608,-0.1252989633168626,4.124277318319738,9.22704857411086,13.497941519527291,16.92450748853844,20.35541541992113,25.072761940779177,30.29188842778576,34.69781490177027,38.53536728657051,42.38930203580372,47.04866418207478,52.008232214658655,57.44026615396326,63.30214583188979,69.34850725211622,75.13234051699347,81.07600544642385,87.15214335051613,93.44314996345052,83.2514482657476,15.648603065190292,1.0779496956808683,0.0219989733812422,1.7030423400780388,48.98530294052944,210.43483964306836,Mahogany,1
337.0,-24.3026,-30.32778001071705,5.062791917594862,-1.1623572713221615,0.1729884730933699,3.958233765241864,-41.43127,-39.01302,-37.5808,-35.80834,-31.540949999999995,-30.6241,-29.844200000000004,-29.18942,-28.788229999999995,-28.4985,-28.1842,-27.84724,-27.53721,-27.18266,-26.8172,-26.29684,-25.8944,-25.5139,-25.19356,100.0,100.0,100.0,100.0,100.0,100.0,100.0,100.0,100.0,100.0,100.0,100.0,100.0,100.0,100.0,100.0,100.0,100.0,100.0,840940449.0,65535.0,16689.63123424693,13493.299294081384,1.2426970603128435,1.4009604545060546,2.453862936969988,5.657784930737705,8.570303531683253,11.524993608673473,14.729463322556862,19.250229096781144,23.965358217654245,29.02878358274808,34.21197961664465,39.94088373313578,45.51756101816432,51.35687747135588,57.472398024702464,63.52210583225257,69.46393192224721,75.72340464265146,81.67048948789476,87.80985667630789,94.11521243164746,62.827713497529125,32.55601643281005,4.372159485581598,0.2421259451842737,2.6281318031930514,48.99088608569671,101.56572830159136,Narra,2
338.0,-23.5781,-28.07794551850324,3.921972089535127,-2.1352195951943003,4.279122708807504,3.613794845046826,-37.339345,-34.16045,-30.81978,-29.10034,-28.438725000000005,-27.796800000000005,-27.4022,-27.1008,-26.8548,-26.6341,-26.4399,-26.2782,-26.138400000000004,-26.001330000000003,-25.8606,-25.7059,-25.5188,-25.26411,-24.8427,100.0,100.0,100.0,100.0,100.0,100.0,100.0,100.0,100.0,100.0,100.0,100.0,100.0,100.0,100.0,100.0,100.0,100.0,100.0,2075814664.0,65535.0,17831.621001271345,12938.5983811777,0.7818744976505568,0.2605708916115392,2.0121539617373085,4.400192733198651,6.959134671572009,10.418738230861637,14.432371742798326,19.021370589951665,24.046110698445283,29.053086793301503,34.17162405207867,39.75417489391047,45.54543613147922,51.85300256651429,58.10808661866164,64.44128882018535,70.6545915893,76.83449132817188,82.84781477967245,88.86470203680959,94.85351250992032,68.88465106690032,28.19125176098684,2.8433494828711816,0.0807476892416589,2.130067849819997,48.8777605066488,147.02138360182056,Narra,2
339.0,-27.8756,-31.7705332557869,3.616407248936465,-2.0439410391770045,3.6217897003866417,3.739395948871715,-42.242895,-36.03873,-33.45484,-32.88382,-32.458875,-32.071220000000004,-31.713025,-31.21874,-30.87639,-30.64125,-30.420085,-30.19468,-29.983355,-29.83768,-29.6402,-29.39258,-29.112600000000004,-28.85583,-28.492795,100.0,100.0,100.0,100.0,100.0,100.0,100.0,100.0,100.0,100.0,100.0,100.0,100.0,100.0,100.0,100.0,100.0,100.0,100.0,296809157.0,65535.0,17262.368093520996,10984.6166239162,0.5687286286664704,0.1687104384001463,3.016604369790384,5.977794007211172,8.82056782365377,12.98675498748174,18.40912441929816,23.432594433061915,26.958537199039316,31.073967168742037,35.93717359602891,41.10350173596565,46.60752228746096,52.03317969061176,57.77867931480295,63.06112482911031,68.51343134268598,74.45139807462206,81.04955232226881,87.6781961952744,94.01173124857463,79.46958241246946,19.291613353495404,1.2155403047574735,0.023263929277655,1.9847887721585336,48.88628093520997,235.43000770274983,Narra,2
340.0,-27.3661,-32.58966918719537,4.527412704413337,-1.3085877555921552,0.9846686652843464,4.0092588865159975,-42.88976,-40.17202,-37.30236,-35.08464,-34.5351,-33.837779999999995,-33.06272,-32.58744,-31.24242,-30.725300000000004,-30.3511,-30.03406,-29.75664,-29.51028,-29.2769,-29.0238,-28.7351,-28.45042,-28.12288,100.0,100.0,100.0,100.0,100.0,100.0,100.0,100.0,100.0,100.0,100.0,100.0,100.0,100.0,100.0,100.0,100.0,100.0,100.0,518946741.0,65535.0,22787.8075352391,15127.718575712752,0.736892844873856,-0.1045289447163004,3.125810554035255,6.007010264662208,9.073002541507432,12.59585595894512,17.01490827938353,21.80266760746456,26.206536866949897,30.78547572957973,34.84763304448616,39.40459238764157,44.84542528421043,50.71415276505225,56.9344650725921,63.11767203101098,69.47311188529075,75.74901159269444,82.08499376624854,88.24092123935316,94.26041293898405,75.21187371009529,22.8867518552672,1.866245114828964,0.030738154832477,3.6948643360745,49.42807819786589,216.3646495048125,Mahogany,1
341.0,-27.4172,-32.83377494275864,4.033286156151681,-1.3954197984467065,1.9241959894382676,4.015562426794493,-41.90112,-37.78842,-36.38654,-35.68562,-35.0441,-34.27902,-33.473800000000004,-32.7911,-32.10712,-31.5455,-31.10066,-30.68858,-30.372860000000003,-30.12204,-29.867800000000003,-29.5784,-29.26784,-28.983760000000004,-28.62888,100.0,100.0,100.0,100.0,100.0,100.0,100.0,100.0,100.0,100.0,100.0,100.0,100.0,100.0,100.0,100.0,100.0,100.0,100.0,949298215.0,65535.0,24983.504355607023,17083.206423415817,0.6064403189335182,-0.5747952025940233,2.404776142974208,5.194367715102046,8.90205234400446,13.573025100442226,17.665883423155915,21.485632099287155,25.760685855708683,30.10491513459761,34.36745332972105,39.42641986322496,44.40993834587586,49.62480846969674,55.39234349029088,61.39772336978427,67.43890875218806,73.66629263070931,80.06243506946866,86.44848310391062,93.0850051161215,77.3771613548438,21.10692949443377,1.4869594968023792,0.0289496539200463,2.5252495699163724,49.54948650946127,172.62467627161143,Mahogany,1
342.0,-27.000400000000003,-31.380736806152264,3.1785504353968106,-1.3195904487957917,1.71955126766996,3.98215165441806,-37.389275,-36.55235,-34.31312500000001,-33.7094,-33.082224999999994,-32.52305,-32.08627499999999,-31.523599999999995,-30.842450000000003,-30.23895,-29.8307,-29.5698,-29.361425000000004,-29.18085,-28.9788,-28.7717,-28.58535,-28.38115,-28.103175,100.0,100.0,100.0,100.0,100.0,100.0,100.0,100.0,100.0,100.0,100.0,100.0,100.0,100.0,100.0,100.0,100.0,100.0,100.0,545715770.0,65535.0,23445.427478948277,15270.570060310663,0.7062673778908755,-0.0819414066169339,3.6945910505756494,8.82724902745618,12.340024918099765,16.6981456299128,20.738788802090145,24.837477758797405,29.34753745525807,34.19739143693795,37.98944384546556,42.17967147989878,47.46168541180329,52.67334440417583,58.08344241178883,63.68945174518229,69.23602794179835,75.13510522153318,81.03557608386505,86.96266904656245,93.19074213303384,80.69685512974738,18.259151056882622,1.0311050008592542,0.0128888125107406,1.618101710748145,49.23634077590651,178.84229951389997,Mahogany,1
343.0,-27.8861,-33.98556201125078,3.65597512950656,-0.4046026522818757,-0.501520595824454,4.047940002130369,-40.58652,-39.24364,-38.30373,-36.94556,-36.57245,-36.1411,-35.04115,-34.41326000000001,-34.19838,-33.9673,-33.54787999999999,-32.842940000000006,-32.247409999999995,-31.429960000000005,-30.8323,-30.17646,-29.72768,-29.27634,-28.81739,100.0,100.0,100.0,100.0,100.0,100.0,100.0,100.0,100.0,100.0,100.0,100.0,100.0,100.0,100.0,100.0,100.0,100.0,100.0,372799069.0,65535.0,25890.622195985838,16724.68738377682,0.5069061668771055,-0.6247283287965426,2.372211932750293,6.059439488568036,10.3952378700817,14.59503859436945,19.24545578733728,23.30813626575875,27.89878694680968,32.43871378874071,37.12300955343856,42.11891956200137,48.100841957842974,53.36359839460864,58.58111813042108,63.77041220561632,69.3023983919874,75.18542381338405,80.8858275340811,87.43695279990091,93.29347520446731,77.05396208070005,21.022293214806584,1.868185290645184,0.0555594138481839,2.583776251251302,49.61432259879158,164.44669232354795,Mahogany,1
345.0,-32.0484,-37.77460286114776,3.76942309917196,-0.7081362728037429,-0.4568569601796231,4.299150476563738,-45.29501,-43.68266,-42.55985999999999,-41.05898,-39.888125,-39.35822,-38.858605,-38.26618,-37.727845,-36.94029999999999,-36.277155,-35.82876,-35.468765000000005,-35.06281,-34.642275,-34.19408,-33.8385,-33.5601,-33.223395,100.0,100.0,100.0,100.0,100.0,100.0,100.0,100.0,100.0,100.0,100.0,100.0,100.0,100.0,100.0,100.0,100.0,100.0,100.0,1186609881.0,65535.0,19568.104897757257,12477.475330222009,0.8365538177062221,0.7904318238259207,3.5506078850863707,7.530314927488793,11.831626404600955,16.040038099092822,20.62661325504334,26.077183660330565,31.76151581363749,36.2253888900492,40.62615006995716,45.43741693315632,50.71024172602521,56.54569018374793,62.19399752326856,67.40118043901575,72.58385226610127,77.8644115302121,83.56541445317697,89.27924888904577,94.82574846349183,76.89643799472296,21.90303430079156,1.1840369393139842,0.0164907651715039,2.5219694506209827,48.878622739116096,220.29303957218124,Narra,2
346.0,-25.5833,-31.840393577372105,5.112126773840847,-0.9122224828026416,0.0977440859113585,4.14000981819392,-40.69614,-39.35894,-38.03056,-37.05828,-35.24415,-33.5849,-32.63626000000001,-31.98526,-31.36563,-30.762300000000003,-30.03377,-29.126340000000003,-28.24304,-27.763560000000005,-27.413,-27.1135,-26.818770000000004,-26.5142,-26.2338,100.0,100.0,100.0,100.0,100.0,100.0,100.0,100.0,100.0,100.0,100.0,100.0,100.0,100.0,100.0,100.0,100.0,100.0,100.0,807332898.0,64434.0,25542.851203847247,15958.966950036547,0.4402000045522793,-0.6597124102082095,3.1505776691389085,7.257308372437958,11.955742202394433,16.60273727629021,20.27698801888784,24.056600502857247,28.490121679644474,33.457552599324394,38.76747011986622,43.76822756453559,48.62140834003274,52.80500820121416,56.912376435823134,62.11530884500138,67.73295097408504,73.69727698127322,80.44813652570863,87.25806203923577,93.86172220619704,80.39991141202898,18.48324738190907,1.0946942133071786,0.0221469927547695,2.026876376868929,49.01367238586389,186.49974838399407,Mahogany,1
347.0,-25.9097,-33.008997726573824,5.113712083736035,-1.0961566674214962,0.505462263877837,4.200127388079159,-44.901625,-40.334900000000005,-38.99585,-36.628,-35.1403,-33.99025,-33.34225,-32.8808,-32.4331,-31.9105,-31.28205,-30.7137,-30.1014,-29.543100000000003,-29.126325,-28.7217,-28.201350000000005,-27.661,-27.158775,100.0,100.0,100.0,100.0,100.0,100.0,100.0,100.0,100.0,100.0,100.0,100.0,100.0,100.0,100.0,100.0,100.0,100.0,100.0,1222271207.0,65535.0,26847.761872336687,16006.867622509257,0.458323958069222,-0.5692031404067146,3.266184360014954,7.002334629977093,11.21694074235032,16.1471621739675,20.051885505963654,23.85191063410201,28.43520063383118,33.121718541799865,38.03213798523195,43.01365646094288,48.0251738434349,53.10020168052605,58.36794722106221,63.9001303906196,69.5388451541917,75.53896473321736,81.62611475147021,87.48437489782086,93.77784058362424,85.79932346351535,13.647146685410537,0.5447436629618241,0.0087861881122874,2.4369748126824566,49.134658360058,210.72082967129384,Mahogany,1
348.0,-25.9676,-30.106385703736525,3.2505815477681392,-2.19450604715279,6.309719987214075,3.5169172448499357,-35.58735,-33.759899999999995,-32.611450000000005,-32.2932,-32.0508,-31.125400000000003,-30.085050000000003,-29.4284,-29.0893,-28.8344,-28.63515,-28.477,-28.3535,-28.1955,-28.008650000000003,-27.8191,-27.611700000000003,-27.434700000000003,-27.1934,100.0,100.0,100.0,100.0,100.0,100.0,100.0,100.0,100.0,100.0,100.0,100.0,100.0,100.0,100.0,100.0,100.0,100.0,100.0,172806521.0,64459.0,25521.56564761483,16630.473554499535,0.5545692344029325,-0.591420306364042,2.2070127781809807,4.475281925269475,7.671086092867989,11.83412690774557,15.90894304272233,19.902501827462864,23.065768449791317,27.580719595645352,32.49896049929736,37.2463293789706,42.49696398899206,47.73895540666547,53.55474172181268,60.68783017742716,67.81609184759874,74.48607625171738,80.73386015334457,87.17624550754077,94.0371654146084,78.37837837837837,20.39580564170728,1.1962782454585734,0.0295377344557672,3.8094147921666552,49.21704296263477,158.80790125262553,Mahogany,1
350.0,-25.8905,-33.942190512427494,6.879202352299921,-1.4322036382502408,1.0005280458541348,3.9962143306562874,-50.4122,-45.67516,-42.31993,-38.7877,-36.3245,-34.15368,-32.72161,-31.857820000000004,-31.36529,-31.0297,-30.73201,-30.4303,-30.09663,-29.73734,-29.4034,-29.08176,-28.69647,-28.1775,-27.604900000000004,100.0,100.0,100.0,100.0,100.0,100.0,100.0,100.0,100.0,100.0,100.0,100.0,100.0,100.0,100.0,100.0,100.0,100.0,100.0,3229798891.0,64113.0,21808.37744346687,13504.506622071784,0.5282743288041835,-0.1295283927143824,3.5264022883089163,5.834959121608046,8.264358091885914,10.84871612212093,14.09494988274798,17.99847224605416,22.261446339694096,27.20926353801265,32.852666367455264,38.84596943469568,44.75797127889967,50.572848221341474,56.44795036868443,62.61120302675837,68.81808753460248,74.84590878819519,81.03709776770742,87.13778978135144,93.59030534139843,78.08965624345878,19.603778553535136,2.2012302581381373,0.1039844968568322,13.413719845347904,54.03292649173863,227.36704228327957,Rain Tree,4
351.0,-27.8619,-35.47820826224713,7.101339590676412,-1.259164209617323,0.0431700652721902,3.6835843458480753,-50.4237,-48.3868,-45.9977,-43.89,-39.97895,-33.28875,-32.71315,-32.459500000000006,-32.2408,-32.0056,-31.842775,-31.6857,-31.5351,-31.3737,-31.006,-30.585,-30.2628,-29.9341,-29.621450000000003,100.0,100.0,100.0,100.0,100.0,100.0,100.0,100.0,100.0,100.0,100.0,100.0,100.0,100.0,100.0,100.0,100.0,100.0,100.0,1073074006.0,63814.0,21794.500081241367,13924.895527120872,0.5470858189748344,-0.2198842667068308,2.3839061292106263,5.068036192836452,7.574418963234117,10.056186283204031,12.133184130079467,15.072475905263891,19.909685148034423,25.45649502947703,31.23309735638122,37.54249014955638,43.994917532276894,50.62255081780446,57.30791413840286,63.82199980343201,70.01530218783438,75.8668458510773,81.47365839742464,87.37296530878784,93.47375468901257,76.2206515557722,21.30757981964416,2.333658298805752,0.1340482573726541,12.695469117698783,56.0721953976765,227.94176615497292,Rain Tree,4
352.0,-28.8856,-37.51995348287984,7.803947902297001,-1.0771602088363512,0.1326613002317698,4.024885064592463,-54.243175,-49.5903,-47.239875,-44.6612,-42.217125,-40.55615,-38.695125,-37.1086,-35.575075,-33.88145,-32.820475,-32.211,-31.879775,-31.59745,-31.347500000000004,-31.0951,-30.8579,-30.557250000000003,-30.216225,100.0,100.0,100.0,100.0,100.0,100.0,100.0,100.0,100.0,100.0,100.0,100.0,100.0,100.0,100.0,100.0,100.0,100.0,100.0,3229975002.0,65535.0,25010.25972155545,15280.321412718888,0.3733013066990368,-0.6941336705016488,2.443332562980622,4.648230649061847,7.102396515699103,10.116998360595982,13.379963551804602,17.90166990896111,22.890156411185743,28.71918610594869,34.28309538972711,39.751911398848655,45.18282352328868,50.782879433566585,56.65943141562432,62.69912072836531,68.84188938376187,75.05457102605774,81.35861767886215,87.82503273999023,94.17669248574576,78.56999055332724,19.00252427485172,2.291205302525824,0.1308596472209747,12.402496750875365,58.74255276586189,222.68341126618773,Rain Tree,4
353.0,-22.1791,-33.19710347620672,8.991702922863048,-0.7955345325389407,-0.8419492567902926,4.162220892465232,-50.0065,-47.18437,-45.49715499999999,-44.13028,-42.615325000000006,-36.89616,-33.782095,-31.149759999999997,-29.925865,-28.9459,-28.229735,-27.6251,-27.19,-26.583700000000004,-26.083275,-25.607,-25.0529,-24.58613,-24.0293,100.0,100.0,100.0,100.0,100.0,100.0,100.0,100.0,100.0,100.0,100.0,100.0,100.0,100.0,100.0,100.0,100.0,100.0,100.0,4080941173.0,63090.0,20467.746524294827,12232.06646577406,0.544932771429793,0.1036332512775533,3.044101929768249,6.425634697577151,10.69595582234579,15.109680557995144,19.906541764795985,23.45118744498991,27.32797207121123,31.77693527120098,37.375720117982695,43.170012463200976,48.80711168242072,54.42506607776578,60.192284325290366,65.95630845669139,71.56493637601376,77.25785563535248,83.01106285023138,88.72879856629092,94.40441662058724,76.8491955222084,21.06588291939173,2.0031697628696383,0.0812502507723789,10.984010774870963,54.27761579966297,219.2287273502149,Rain Tree,4
354.0,-30.8813,-42.2820723273278,7.616412320733209,-0.7151777249403186,-0.5382589329637866,4.3930536106636655,-57.36001,-54.8858,-52.10843500000001,-49.54312,-47.646475,-45.533690000000014,-43.692735,-42.02738,-40.718195,-39.8299,-39.0983,-38.4271,-37.852285,-37.37535,-36.843525,-36.0305,-34.91426,-33.634809999999995,-32.54283,100.0,100.0,100.0,100.0,100.0,100.0,100.0,100.0,100.0,100.0,100.0,100.0,100.0,100.0,100.0,100.0,100.0,100.0,100.0,1330034891.0,65535.0,21433.507767428368,13979.621854736297,0.6030699428394387,-0.2533412855629628,2.656809399446048,5.101136177637313,7.337136992446013,9.846567776995258,12.45530129479889,15.22680242228322,19.123381403082305,24.145762654282127,29.6884328878858,35.46596177227654,41.52667300214457,47.43369863971486,53.69977094833973,60.49757825488504,66.8942651821004,73.35596108057288,79.63588580775058,86.20223617878007,93.0872475134188,70.87536661617301,23.727721017178585,4.826441486447288,0.5350178876462436,17.74013435056334,60.24195794308183,229.8866973017051,Rain Tree,4
358.0,-34.0453,-44.0967301511578,5.864459742384266,-1.2503315446029253,0.979122449511546,4.0370969119910205,-58.0378,-53.41522,-50.364575,-47.05576,-45.610325,-45.20487000000001,-44.77151,-43.93696,-42.91336999999999,-42.26995,-41.788815,-41.51978,-41.25789,-40.9142,-40.2552,-39.57874,-38.98732,-37.89187,-37.2773,100.0,100.0,100.0,100.0,100.0,100.0,100.0,100.0,100.0,100.0,100.0,100.0,100.0,100.0,100.0,100.0,100.0,100.0,100.0,1107677726.0,62046.0,19791.268689251,11666.725017796034,0.5574739532097649,0.4365970092968227,2.504299973618861,4.884901603591513,7.184767837427833,9.460101755264509,13.619041302271343,19.296205203281303,25.01210582255583,30.172089783450247,35.0474202818808,40.42283314813175,46.27331009452834,52.38800053292757,58.49174419527869,64.51609193051517,69.97070779772997,75.74053908528265,82.18107222280643,87.90791618752836,93.73751025485548,76.40616066323614,20.808319039451117,2.66223556317896,0.1197112635791881,19.725184917297067,62.32893518975128,172.6650113419974,Rain Tree,4
360.0,-24.385,-37.1852372052161,10.756776966837254,-1.0639671896553204,0.0441132580994123,3.781229320850216,-57.1553,-54.11505,-52.1737,-49.6281,-47.869225,-37.51025,-35.482825,-34.6311,-33.4745,-32.53275,-31.5567,-30.678200000000004,-30.105575,-29.6389,-29.2516,-28.8575,-28.490875,-27.75125,-26.444825,100.0,100.0,100.0,100.0,100.0,100.0,100.0,100.0,100.0,100.0,100.0,100.0,100.0,100.0,100.0,100.0,100.0,100.0,100.0,3419061702.0,58210.0,18484.811814063127,10129.045672532437,0.6291511679491122,0.8799668082329655,4.544039404410842,8.313980026558761,11.755400136970092,15.361164225049716,19.94962189775656,23.193493482031347,28.15720685698231,33.34890400875252,38.82453707177935,44.24949734352586,49.475415053506985,54.78862229670285,60.32077618820346,65.75426520337186,71.26508221757737,76.87582813912026,82.39431193511699,87.94112686650777,93.96455463558054,78.91396256609323,18.21469891763892,2.657245115318491,0.2043618827243925,15.181090252502283,59.15043070618385,146.34126420189796,Rain Tree,4
361.0,-20.3951,-35.921153266661875,11.77525948131339,-0.4828749226501171,-1.099582959212573,3.995955646570381,-54.700300000000006,-52.29376,-50.65624,-49.0507,-47.3093,-45.83428,-43.1746,-39.27008,-33.514,-30.550100000000004,-29.4069,-28.43136,-27.4741,-26.52522,-25.5562,-24.6625,-23.88182,-23.07564,-22.101140000000004,100.0,100.0,100.0,100.0,100.0,100.0,100.0,100.0,100.0,100.0,100.0,100.0,100.0,100.0,100.0,100.0,100.0,100.0,100.0,3572687217.0,53143.0,17136.423325419095,11247.969215758185,0.658323075629058,-0.1857497569236312,4.718638261917571,8.74781572013557,12.89779129858823,17.55242829588012,22.10895538913896,26.801668347671647,30.506303877202807,34.13005751519165,37.52654194356808,42.076143185640646,47.43518525596136,53.12892094130388,58.92933033661648,64.3272271097333,69.91964362605437,75.70669917953805,81.77581723633995,87.7277262920271,93.92973821027334,73.79859462311438,22.94505599923256,3.087032640237907,0.1640405784588819,19.23176315449087,57.12412695829434,158.04348534642563,Rain Tree,4
363.0,-30.732100000000003,-40.65460348575193,5.282891154917058,-1.420536431589192,1.4256278583786974,3.7642000327138017,-51.311615,-48.83746,-47.1499,-45.4488,-43.778875,-40.87902,-39.913275000000006,-39.25376,-38.790205,-38.36235,-38.04209,-37.77572,-37.524985,-37.29953,-37.073775,-36.8114,-36.5271,-36.16632,-35.71343,100.0,100.0,100.0,100.0,100.0,100.0,100.0,100.0,100.0,100.0,100.0,100.0,100.0,100.0,100.0,100.0,100.0,100.0,100.0,751954754.0,47454.0,13033.95191707689,9300.898135784111,0.8711383486989798,0.6228371640183523,3.2301892993950005,6.9323248137879325,10.306357475332884,13.76868866766949,17.31092533261649,20.803067494138087,24.89923974867243,29.175158988355832,33.69134680675215,39.27198364384567,45.35384558523584,51.01122773139619,56.779945432727466,62.4563089071181,68.192806584743,74.0934441914573,80.50980684404317,87.17013045175854,93.84946903334558,70.23677459613118,26.22200651736809,3.354017888095403,0.1785342855161894,6.235921245929314,61.9948461485128,126.5086597211676,Mahogany,1
366.0,-26.0364,-38.7389621560724,8.105453247005036,-0.6336318061977597,-0.6805328844162237,4.35408926234062,-53.5902,-51.06716,-49.37778,-47.69904,-45.2603,-42.47246,-40.43582,-38.30666,-37.3132,-36.679,-35.78872,-34.8784,-34.01814000000001,-33.045840000000005,-32.2877,-31.44996,-30.66376,-29.562840000000005,-28.353720000000006,100.0,100.0,100.0,100.0,100.0,100.0,100.0,100.0,100.0,100.0,100.0,100.0,100.0,100.0,100.0,100.0,100.0,100.0,100.0,1577864310.0,44241.0,13167.633127206267,8593.331730556809,0.5276324238181219,-0.3378217772500873,3.2563094731510844,6.237514491978084,9.097274974170624,12.116441115269284,15.150507080041628,18.44795811371131,21.48675027702477,25.55697054837371,30.9731123837892,36.83282797619017,42.955846437771314,48.92278893107101,55.471347406292494,61.61858860981525,67.84000773805448,74.01204955323439,80.28984761053376,86.8010801258316,93.32427862570768,71.85072061020287,23.573592369126004,4.161763846815044,0.4030743809929148,14.302020882020308,59.11238555107696,127.78954001460382,Rain Tree,4
377.0,-39.4927,-48.13921453827668,1.7912265152123452,0.6631442549829645,2.3567062222158555,3.789207229609486,-51.085825,-50.2469,-49.747775,-49.2207,-49.009875,-48.85695,-48.713175,-48.5727,-48.440275,-48.27445,-48.1053,-47.9614,-47.841575,-47.693850000000005,-47.4697,-47.0581,-46.255825,-45.7258,-45.1635,100.0,100.0,100.0,100.0,100.0,100.0,100.0,100.0,100.0,100.0,100.0,100.0,100.0,100.0,100.0,100.0,100.0,100.0,100.0,27690733.0,17831.0,4752.957947133539,3294.026277838357,0.9826605425621248,0.930003282448074,3.279176466726251,5.774744207746325,9.882833365227278,15.227195321987324,20.800366678628556,26.80200989984628,32.30473891752884,38.3565216565412,44.09402596890447,49.55199633032466,55.36945518921439,61.51340233572004,67.09159342224707,72.07467566857115,77.87467742367095,83.0709356809009,87.12183241953183,91.22988185253168,96.25403560100774,73.72124957088911,24.33916924133196,1.888087881908685,0.0514933058702368,21.69228986144763,52.45738474081704,177.57517165126592,Tibig,5
385.0,-34.492999999999995,-41.30132412771047,3.928304638045779,-0.8318156077055213,0.2172305878749671,4.231610719689839,-49.06365,-47.3671,-45.93285,-44.3265,-43.17925,-42.3912,-41.83284999999999,-41.3684,-41.0353,-40.685,-40.2659,-39.8112,-39.4085,-38.9887,-38.424850000000006,-37.8975,-37.4053,-36.677,-36.15065,100.0,100.0,100.0,100.0,100.0,100.0,100.0,100.0,100.0,100.0,100.0,100.0,100.0,100.0,100.0,100.0,100.0,100.0,100.0,114119339.0,20255.0,5934.13441838698,4437.9290652653535,0.9674123851530678,0.3783195357713063,3.060164938389627,6.195468762748442,9.836689467680843,13.200475162233458,16.70912236882129,21.49359452563952,26.676036039781124,31.942325743754967,36.41139211295292,40.7255592323401,45.47851525848744,50.36561244014917,55.45578037391192,60.55277624767875,66.22888167973002,72.6970623270084,79.34712888584117,86.0881379623133,93.09552432651228,74.79070251156986,22.58852893765275,2.4907701107586706,0.1299984400187197,19.265298630251007,54.34475898809215,167.33827834812914,Mahogany,1
391.0,-23.339,-30.38478844195053,5.490711764057528,-0.9779169827961816,-0.2427268925408001,4.101705518387359,-41.32125,-39.5138,-37.4525,-35.989200000000004,-34.879450000000006,-31.4092,-30.2558,-29.7751,-29.2091,-28.4089,-27.5684,-27.0251,-26.632,-26.3366,-26.0714,-25.8232,-25.5267,-25.2138,-24.839,100.0,100.0,100.0,100.0,100.0,100.0,100.0,100.0,100.0,100.0,100.0,100.0,100.0,100.0,100.0,100.0,100.0,100.0,100.0,224774931.0,19662.0,6854.775121222287,4052.699564349928,0.4866924735925827,-0.1330165738229012,3.434803412307577,7.907536628272839,12.392166188675196,17.867254956470212,23.497359676644724,26.94586790908636,31.358635808011883,36.60445612593693,41.75988736039252,46.53116276565557,51.07083004732409,55.57722493528426,60.55298533269264,65.75282943808357,71.05119609624082,76.46196986264452,82.24045589852722,88.19201105660667,94.02403286690364,82.24512823640633,16.355097435271873,1.354030069226312,0.0457442590954835,13.829861811644824,46.81591730962764,187.76969579061185,Mahogany,1
395.0,-25.4836,-37.08334059101794,6.023707045460908,-0.6457099160043521,-0.1297865154232647,4.197232585990209,-48.072255000000006,-45.33118,-43.79141,-42.34922,-41.084825,-40.13716,-39.231460000000006,-38.14824,-36.99832,-35.8976,-35.136,-34.41024,-33.76986999999999,-33.02119999999999,-32.243575,-31.41018,-30.590165,-29.945120000000003,-29.18371,100.0,100.0,100.0,100.0,100.0,100.0,100.0,100.0,100.0,100.0,100.0,100.0,100.0,100.0,100.0,100.0,100.0,100.0,100.0,534098521.0,23568.0,5241.810161739882,4396.392364184083,1.3384200579394867,1.6587353549149224,2.850343785168429,6.353061591795721,10.751604571471937,15.076495596586758,19.71317160790265,24.0353528333399,28.17399938091197,32.66555516262139,37.09709036996191,41.65017880661759,46.91457608436253,52.45024803204801,57.86821604023877,63.089376725684666,68.6106724867714,74.64336509555697,80.60340743763265,87.2031581604024,94.47335897041364,59.55521532603149,33.53648961645664,6.461743807168374,0.4377183684685745,22.39553391937403,56.23058469163429,168.72486006114457,Narra,2
396.0,-27.0846,-41.22630687789799,7.262093581108454,0.2979933321950831,-1.1840261129660703,4.023438014870173,-52.16822,-47.91677,-47.15278,-46.76046,-46.34625,-46.0728,-45.7773,-45.35446,-44.90514,-44.4074,-43.75267,-42.65064,-36.05881,-34.729020000000006,-33.435725,-32.67596,-32.183,-31.3011,-29.31404,100.0,100.0,100.0,100.0,100.0,100.0,100.0,100.0,100.0,100.0,100.0,100.0,100.0,100.0,100.0,100.0,100.0,100.0,100.0,32398559.0,24334.0,5007.505255023184,4904.9658554233865,1.6173104059438814,2.468079151220857,3.7908445249061846,8.584773785772386,15.653548048232638,22.89924375957585,31.574185135826564,39.276234476971645,46.65469226578873,53.92938618041624,62.2683249585267,69.45750272411807,75.7435785955789,81.95757410074935,85.91771319212067,88.36880368660842,90.83586711371947,92.99992015076968,94.90592776055256,96.84520228199038,98.54758972459236,59.69088098918084,32.024729520865534,7.449768160741886,0.7573415765069552,25.761077589100097,56.23299440494591,179.76631697470384,Mahogany,1
397.0,-28.0301,-42.42390195430294,6.412327999478498,0.5410916153177734,-0.628572350629041,4.221734337113826,-51.37053,-49.58409,-48.47722,-47.52442,-46.867275,-46.07517,-45.382775,-44.69962,-44.245855,-43.89295,-43.503935,-43.08922,-42.673805,-41.48622,-36.70385,-35.055800000000005,-33.531189999999995,-32.16566,-30.47131000000001,100.0,100.0,100.0,100.0,100.0,100.0,100.0,100.0,100.0,100.0,100.0,100.0,100.0,100.0,100.0,100.0,100.0,100.0,100.0,91573730.0,25142.0,5310.469148689399,5123.079321311276,1.6386287694978174,2.501448377680223,3.477004813498369,7.919604235843621,12.969220539558671,18.92380598671693,24.461783963588683,30.51289381791044,37.23825817731788,44.3168974333578,50.61869381098706,57.96380905309852,65.56200997818917,73.71773433276115,81.2911355691201,87.77368902631791,90.67178436435864,92.57898526138446,94.45193834520008,96.37101819484693,98.24315881858256,56.63419160287636,34.40037114358617,8.020180932498262,0.8814660171653909,24.826935121604965,57.42331779169567,174.8377719230709,Narra,2
402.0,-28.6921,-40.04146957081708,5.3859972973566,-0.7423955435358078,-0.4719922914025041,4.122347067683355,-49.86131,-48.6036,-47.55356,-46.06826,-44.64705,-41.6869,-40.67379,-39.46844,-38.56999,-38.0463,-37.60914,-37.2488,-36.908620000000006,-36.5671,-36.19125,-35.72308,-35.234469999999995,-34.64698,-33.80926,100.0,100.0,100.0,100.0,100.0,100.0,100.0,100.0,100.0,100.0,100.0,100.0,100.0,100.0,100.0,100.0,100.0,100.0,100.0,177961966.0,26346.0,6741.238910564794,5816.507621996498,1.3741722916308616,1.3439830943997269,3.377900421711457,6.947599691048592,10.47850696367335,14.284759587337891,18.666812772792134,21.77691046636336,26.510897839822693,30.619588120306563,35.329051152424334,41.010560649796375,46.49333273829983,51.89981155861136,57.6244724111443,63.208996016598284,69.5580155593471,76.23023000319068,82.98755589157741,90.60830222565647,97.2631438562552,57.03625137315807,34.277813553543695,7.894238418121898,0.7651804992613357,23.45127546355535,55.76415463464525,171.5263854059552,Mahogany,1
409.0,-51.8331,-54.27165592933204,1.7177145843054005,-2.967841387225993,9.789633149799291,3.608130247143746,-57.4619,-55.4014,-54.9562,-54.7031,-54.526225,-54.38045,-54.251975,-54.113,-53.9922,-53.8443,-53.7363,-53.6392,-53.55285,-53.46475,-53.368875,-53.2773,-53.170775,-53.0236,-52.820275,100.0,100.0,100.0,100.0,100.0,100.0,100.0,100.0,100.0,100.0,100.0,100.0,100.0,100.0,100.0,100.0,100.0,100.0,100.0,143902666.0,30373.0,11608.798483381735,7711.407399980375,0.6323391203323898,-0.3652981245644571,1.9234153729994132,4.420363553236741,8.272008664523282,12.875007472064487,18.099857858088605,23.78625424493525,29.740324616362564,35.178761733295474,40.20495978858376,45.39335428295679,50.92578757366455,56.77921144282344,62.35780093191602,68.25410864868897,74.30186387234828,80.31204856204678,85.78414454114423,91.44225375226893,96.32722092862409,82.69603097773476,16.416585995482414,0.8631816715069377,0.0242013552758954,12.803632217485754,62.39000041949016,124.28225441278812,Tibig,5
411.0,-52.8098,-55.08222653716488,1.469503377198518,-2.188787190331843,6.094024993819481,3.776709687385857,-57.99706,-56.76968,-56.215300000000006,-55.83754,-55.5282,-55.26406,-55.08718,-54.92146,-54.78304,-54.6652,-54.55884,-54.46904,-54.3836,-54.28062,-54.1668,-54.05492,-53.9457,-53.8422,-53.63978,100.0,100.0,100.0,100.0,100.0,100.0,100.0,100.0,100.0,100.0,100.0,100.0,100.0,100.0,100.0,100.0,100.0,100.0,100.0,82403747.0,29457.0,13229.049125060204,7353.958349208234,0.3238343580410889,-0.5377883161505035,1.548614045426842,5.727431302365413,10.133306195408808,15.010876871897583,21.186839962508017,26.911483770270788,32.37150368902521,37.64175796520515,42.50660955987839,47.418314606494775,52.4451139339574,57.52208937780463,62.7570649184193,68.05925342205616,73.52770985037853,78.849585565569,84.30374531391152,89.8741752605012,95.4815161499877,89.7736394284797,9.680526569272756,0.5458340022475517,0.0,16.34415062766846,63.04267471504255,131.52143937987157,Tibig,5
415.0,-24.5935,-35.159874324603614,7.297966394039666,-0.6524459529525768,-0.9740085807004936,4.31129396951419,-48.42778,-47.12096,-45.8056,-43.19886,-41.0143,-39.301860000000005,-36.77278,-35.105419999999995,-33.89694,-32.4736,-31.3345,-30.52782,-29.92542,-29.4487,-28.9574,-28.5109,-28.01246,-27.64588,-27.1231,100.0,100.0,100.0,100.0,100.0,100.0,100.0,100.0,100.0,100.0,100.0,100.0,100.0,100.0,100.0,100.0,100.0,100.0,100.0,130467539.0,25803.0,3852.122560453512,3368.9949461982715,2.1496927182746988,6.397556048748296,5.409657493424476,10.833358326778892,16.698397292525,21.937607024226924,26.94422710004517,31.87383951497697,36.469575010531926,40.319534194632126,44.68673621566511,49.118439338385926,52.807275685640086,56.50498090563355,60.4622648703445,65.07530275404368,70.43527355873556,75.97314915244932,81.95919063055217,88.40940810572046,94.45303325603469,63.07833121733739,30.18099146712333,6.268268918480026,0.4635507396143966,9.836830581280717,51.47768586022616,170.54097639868274,Teak,3
416.0,-19.5003,-30.8401296744198,7.604840967225061,-0.633783839691209,-0.7458973802565421,4.339338145309735,-44.397135000000006,-42.21507,-40.5755,-39.10754,-37.4615,-35.36135,-32.7838,-30.9731,-29.34933,-28.11725,-27.3288,-26.71722,-26.158900000000003,-25.53149,-24.765525,-24.0403,-23.328100000000003,-22.5393,-21.364465000000003,100.0,100.0,100.0,100.0,100.0,100.0,100.0,100.0,100.0,100.0,100.0,100.0,100.0,100.0,100.0,100.0,100.0,100.0,100.0,1913404916.0,24186.0,6118.314337424137,3920.99818735522,0.8008024123445538,0.7153057346112583,3.2518398735001472,6.573189811957189,10.022224642387194,13.446728752943166,17.24226765810191,20.91063855090461,24.63811062979416,29.02596483137707,33.62354024598942,38.76478208024004,44.620680226160765,50.77414675148666,57.21177639119226,63.585998856083215,69.756993924228,75.84817494009198,82.06790992691272,88.29702296008944,94.23037151849776,71.90040097974637,24.63403403531436,3.2657146328828977,0.195053943607027,9.721890289456644,50.29437922195861,171.03098075993685,Rain Tree,4
419.0,-22.028,-31.959678472031808,7.3222938552632995,-1.0053462919635343,0.009988024540581,4.260581057310431,-47.941500000000005,-45.30525,-41.691625,-36.9562,-35.222225,-33.42175,-32.2586,-31.5994,-31.1371,-30.13895,-29.1151,-28.358500000000003,-27.7969,-27.0172,-26.247675,-25.3849,-24.8324,-24.3563,-23.988175,100.0,100.0,100.0,100.0,100.0,100.0,100.0,100.0,100.0,100.0,100.0,100.0,100.0,100.0,100.0,100.0,100.0,100.0,100.0,170763699.0,26246.0,5852.882471894708,5115.96577037348,1.4296172602552133,1.8340388252155808,4.215681109133153,8.260112121370714,11.353993333208363,15.155773241946465,18.217925227773375,21.06591284368934,25.725542522945695,31.24380961084709,37.13097418907516,42.11835912502691,46.62747379347879,51.61434164060829,57.05645964017212,63.16000334473898,68.55697708914118,73.54597009520155,79.54067275153133,86.71752009775801,93.83815643393856,67.91540992596656,26.96394296682205,4.829311763092954,0.2810529202083904,9.182142574018863,50.18843202289553,169.4404830870423,Teak,3
420.0,-21.6151,-30.496218508067432,6.365321960820655,-0.6852747952153649,-0.6595377507707845,4.274190817996747,-42.59884,-40.20266,-38.439555,-36.99276,-34.743224999999995,-33.47355,-32.720395,-31.29478,-29.841065,-28.74075,-27.600629999999995,-26.506,-25.996205,-25.50908,-25.079875,-24.60516,-24.158,-23.75126,-23.200315,100.0,100.0,100.0,100.0,100.0,100.0,100.0,100.0,100.0,100.0,100.0,100.0,100.0,100.0,100.0,100.0,100.0,100.0,100.0,573959585.0,30199.0,10382.019842992548,7548.487097495106,0.7363076157191429,-0.4112609835635288,4.0835962343934025,8.895618669736127,12.992074346140592,17.533148261649817,21.51640729198729,25.92528914731862,31.682798885569618,36.82773901232088,40.70311710187748,44.900082816806695,49.99076825243714,54.10917843631795,58.68494887144362,63.887977757179534,69.2747160934685,75.25268090086865,81.44978483110444,87.58199429668903,93.69369325890776,72.53093119166486,24.933072860140364,2.4582157586281745,0.0777801895666015,7.569242795112343,48.68390617357644,195.21244107366672,Mahogany,1
421.0,-31.9693,-40.867981401873394,4.665392235620397,-0.9348636379961156,-0.1915630577551943,4.071509816544595,-50.14063000000001,-48.21369,-46.903835,-45.68806000000001,-44.1074,-42.35557,-41.231215,-40.4267,-39.572235,-39.08265,-38.66223,-38.2308,-37.85259,-37.53362,-37.251125,-37.0051,-36.716655,-36.345200000000006,-35.849785000000004,100.0,100.0,100.0,100.0,100.0,100.0,100.0,100.0,100.0,100.0,100.0,100.0,100.0,100.0,100.0,100.0,100.0,100.0,100.0,398590569.0,28842.0,9018.294244083443,6473.970404119123,0.8083632405451959,-0.0942976602394942,3.203251404576007,7.189960633514136,11.436528243597254,15.08822227050736,18.350036776710592,21.89559909030361,25.67552871528177,30.128596193654545,35.02048991028686,40.29661499592581,45.39055363349553,50.9353529134805,57.012133671431656,63.24375778193589,69.63116806709995,75.59083541688113,81.59030375854176,87.97095823910475,94.01608947752098,70.0212679306756,26.04642744015566,3.710575139146568,0.2217294900221729,18.383511521674887,54.766892173854025,166.84195653385345,Narra,2
425.0,-24.6126,-35.91713850809076,6.907328205809906,-0.1344786358096901,-1.1223215488534457,4.397252160608775,-47.043980000000005,-45.64809,-44.136,-42.91906,-41.68015,-39.86117,-38.876995,-38.25752,-37.377775,-36.24965,-34.450039999999994,-33.46382,-32.23688,-31.1245,-29.251325,-28.11924,-27.3616,-26.79341,-26.053410000000003,100.0,100.0,100.0,100.0,100.0,100.0,100.0,100.0,100.0,100.0,100.0,100.0,100.0,100.0,100.0,100.0,100.0,100.0,100.0,239563864.0,28862.0,5196.387662140472,4728.425475545987,1.9677395258325012,4.3884383529028375,4.375496715147323,9.239675229148917,14.347204301229672,19.73828406775072,25.090887246667556,30.354648979948,37.283271153115145,44.61868506178377,50.19683561290363,55.78000611978775,59.736297708071696,63.21077622959028,66.53093431486812,69.58259531162012,73.547851106626,78.08079811235638,84.60882689719848,90.6994595812664,95.18521165612856,61.3661012537417,31.32402064986335,6.672161728341504,0.6116871285410611,15.459705448883676,52.44309647737624,150.3083666691158,Teak,3
426.0,-25.5466,-35.953965955016514,6.899980854995849,-0.4243064383948427,-1.0042526480215637,4.332343138968599,-47.2586,-46.1708,-45.3297,-44.301100000000005,-43.04145,-38.4328,-37.049,-36.1288,-35.44165,-34.8185,-34.298449999999995,-33.7431,-32.596599999999995,-30.9651,-29.7005,-28.9298,-28.1627,-27.4387,-26.8474,100.0,100.0,100.0,100.0,100.0,100.0,100.0,100.0,100.0,100.0,100.0,100.0,100.0,100.0,100.0,100.0,100.0,100.0,100.0,230076909.0,31005.0,4778.237399015597,4268.56942502611,2.191853611414814,6.402302236411227,5.876594943302198,11.784759764831506,17.185077447298287,22.45710585411246,27.69356528516297,31.914451701887213,36.18561000400088,40.7125732030762,45.89170354335732,51.2965410188121,57.66393271564684,65.30928490524879,72.24370395205544,76.98076298478088,81.21572730273424,85.47627045876212,89.687929526209,93.74928059382091,97.43356209640316,60.82532034641025,31.50298020809537,6.9697410230317125,0.6770368216651783,7.266819923265381,52.04163182488422,166.4138804383366,Teak,3
427.0,-26.143300000000004,-37.69767091026576,7.41454154294076,-0.5330597824320089,-0.8646360860370197,4.406819451885988,-51.39934,-49.33222000000001,-47.1963,-45.44558,-43.85,-41.41752,-39.7118,-38.12586,-36.84126,-35.9602,-35.3047,-34.60884,-33.4052,-31.9753,-31.2282,-30.55672,-29.7733,-29.06008,-28.304780000000004,100.0,100.0,100.0,100.0,100.0,100.0,100.0,100.0,100.0,100.0,100.0,100.0,100.0,100.0,100.0,100.0,100.0,100.0,100.0,833427537.0,32138.0,9972.927006425827,7923.30775815696,0.9089913298717216,-0.084434132397317,3.661316988617812,7.503389823799403,10.725921454644713,13.933031588803862,16.985077972051695,20.18198685940467,24.22226600847243,28.369410716987144,33.12999435966561,38.5234846157957,44.14428581569653,49.92714933535967,55.43411844334104,60.552748090923714,66.3076557308425,72.78905868453445,79.04914497683558,86.15625763754912,93.41589273645512,68.12933025404158,27.07343632208116,4.457394488386842,0.3302660077301391,17.928157745301203,54.141271318311816,153.48589312493877,Teak,3
428.0,-24.4298,-35.95224030288227,7.636389670246285,-0.4832843330204779,-1.2905892994087038,4.281228448560988,-48.47794,-47.16517999999999,-46.06421,-44.96364,-43.807500000000005,-42.75012,-38.42096000000001,-36.47712,-33.8481,-32.76335,-31.79938,-31.10942,-30.545365,-30.05034,-29.57995,-28.83928,-28.29349,-27.75713,-27.20243,100.0,100.0,100.0,100.0,100.0,100.0,100.0,100.0,100.0,100.0,100.0,100.0,100.0,100.0,100.0,100.0,100.0,100.0,100.0,273659914.0,33848.0,6076.740107474353,5385.948457290047,1.9056090204766456,4.378294737869504,4.620230568368884,9.356500784400597,14.155871948421352,18.811659788799027,23.302383994756354,28.18867106711142,33.5273422617534,36.7084687456271,39.88697445837829,43.97757466225031,48.01359325136673,52.919490430008686,57.78452375016094,62.61514318827126,67.73819383718728,74.00969840252161,80.45695176239805,87.28791934064556,95.2710914759697,56.37296265044189,34.54278989208154,8.291513079006972,0.7660878447395302,8.9221927042652,52.16825674157303,165.78831769256803,Teak,3
429.0,-23.2499,-33.99078974703983,8.492069084917958,-0.4850410618813798,-1.3099327519668376,4.281933282810797,-48.512045,-46.3981,-45.037505,-44.16004,-42.629575,-40.86667,-38.26937,-35.06961999999999,-32.322845,-30.47365,-29.104859999999995,-28.396220000000003,-27.688255,-27.0571,-26.26565,-25.65412,-25.209965,-24.948,-24.697155,100.0,100.0,100.0,100.0,100.0,100.0,100.0,100.0,100.0,100.0,100.0,100.0,100.0,100.0,100.0,100.0,100.0,100.0,100.0,143561948.0,34042.0,5519.066123327695,4841.806045827196,1.900973359120304,4.583915976069101,5.033320528640361,10.155065602759862,15.641901153361337,21.205074481157084,26.5527687044202,32.59327046746398,37.20510465628399,41.69442030697438,45.95968215755891,49.47649916257754,52.90659471965371,56.02387061507413,59.71878913206166,64.85111500437428,69.002991656257,74.00411772066508,80.77182611091345,88.16851593571299,94.77192730764564,55.2398892818699,35.36060279870829,8.57296632323543,0.7919421805320622,8.71652266215719,51.36159693602953,141.47186627762852,Teak,3
430.0,-23.6306,-33.72474538253551,7.639905361900605,-0.7277375137366094,-0.8439351583890056,4.298182299048084,-48.52196,-45.6582,-44.28174,-42.88798,-40.7064,-37.50838,-34.00536,-32.73056,-31.83386,-31.192200000000003,-30.14289,-29.3183,-28.46006,-27.947800000000004,-27.55665,-26.91674,-26.38876,-25.89024,-25.26668,100.0,100.0,100.0,100.0,100.0,100.0,100.0,100.0,100.0,100.0,100.0,100.0,100.0,100.0,100.0,100.0,100.0,100.0,100.0,140512770.0,31653.0,5351.03278875814,4644.627418500056,2.051723476056959,5.639970004508113,5.238378689709128,9.42201694550609,14.492649315788167,19.55172401768181,24.292892382663865,28.14397438752364,31.844599604719203,36.85952814110775,42.47713713137959,47.300103044015145,52.19808135587961,57.37565276095546,62.29496507683964,67.4730268288071,73.09818815756034,78.91152811235591,84.53506040767682,90.129968258401,95.74042843223432,55.21916295365399,35.30599032712593,8.602764766365818,0.8568490803153205,5.746149932074644,51.75981416276324,161.1668884410911,Teak,3
431.0,-25.402400000000004,-33.64884834924721,7.015656209322828,-1.108974903214769,0.0844567257107535,4.159349734391389,-49.57402,-44.76524,-42.01258,-40.09298,-37.9491,-35.46134,-33.51902,-32.733439999999995,-31.73644,-30.9238,-29.85472,-29.31752,-28.90714,-28.6272,-28.3572,-28.03032,-27.67732,-27.30268,-26.82922,100.0,100.0,100.0,100.0,100.0,100.0,100.0,100.0,100.0,100.0,100.0,100.0,100.0,100.0,100.0,100.0,100.0,100.0,100.0,183836085.0,31270.0,5502.591666916101,4846.631997990354,1.966839656395778,4.801374411492191,6.33058466187419,11.622938989371972,16.65652747119805,21.71700349254065,26.271051736115897,30.13908776397191,34.03150964621554,38.35202104091805,42.434370270668026,46.6195170550983,51.32311374015608,56.58354832784869,61.73170898412028,67.18801588926353,72.79695985692906,78.80463838206737,84.79081405590203,90.20353811385831,94.9789009051188,65.38058606962196,28.618037055883143,5.43865425484151,0.5567362088060104,6.557844260675075,51.27339294202161,183.54857167753653,Teak,3
432.0,-23.250400000000003,-34.11880750549766,7.397005004311513,-0.527609427863965,-0.9100506244508172,4.401245835711821,-47.7273,-45.0222,-43.66415,-42.4415,-39.5598,-38.30085,-36.71605,-35.259899999999995,-33.089375,-32.0425,-31.29125,-30.7391,-29.60665,-28.5368,-27.627875,-26.8261,-26.08195,-25.52475,-24.966,100.0,100.0,100.0,100.0,100.0,100.0,100.0,100.0,100.0,100.0,100.0,100.0,100.0,100.0,100.0,100.0,100.0,100.0,100.0,213214463.0,32760.0,5096.435199349842,4390.351218693209,2.045603124621608,5.737469603389794,5.07686994948368,10.88242405019213,18.14267590280684,25.140472764270218,30.23514872909912,34.808547673428706,39.32364944680136,43.91244884733735,48.031581234712014,52.698384724492165,57.81562576268572,62.93783409993158,67.5651927983891,71.69516075464355,76.14617025300015,80.53060781341085,85.51990959450063,90.81792589276648,95.62753582996854,55.07218663352137,35.66306530261019,8.447270293527104,0.7792331962902763,6.349087339076003,51.1497926211875,164.43231475260666,Teak,3
433.0,-25.1654,-36.43371297839393,8.643638816541145,-0.2532793364585932,-1.4648129949755175,4.214405975359975,-49.9557,-49.3312,-48.5103,-44.4203,-43.5661,-42.9229,-42.064,-40.0933,-37.6766,-36.4207,-32.4544,-30.2857,-29.1108,-28.2915,-27.8405,-27.4096,-26.9138,-26.5247,-26.155700000000003,100.0,100.0,100.0,100.0,100.0,100.0,100.0,100.0,100.0,100.0,100.0,100.0,100.0,100.0,100.0,100.0,100.0,100.0,100.0,77172967.0,34431.0,5690.802079492662,5156.234677329741,1.8935275051750704,4.432085675109772,10.06698109715025,18.33729290205986,26.627745179215413,33.19602834500324,38.69161982589059,44.061025928937006,48.06483855933646,51.926715477973005,55.86758249167743,60.92989660485646,64.05248744680246,66.31208179413395,69.11416662262059,72.41397236936608,75.83759090148756,79.79286840170342,84.11283318937316,89.21402749747848,94.8021280560588,64.35366123442225,29.28987537792198,5.832903178231693,0.5161861219674065,5.270008675226371,50.72489271440159,183.54366302133164,Teak,3
434.0,-24.1025,-32.10001764427345,6.562029711134805,-1.1458200841541908,0.2507854729042873,4.043124821186703,-44.3111,-43.52106,-42.749880000000005,-36.69488,-33.65705,-32.51024,-31.9591,-31.39892,-30.98038,-30.4872,-29.7167,-28.83238,-27.960999999999995,-27.37916,-26.97845,-26.61984,-26.26303,-25.91294,-25.43981,100.0,100.0,100.0,100.0,100.0,100.0,100.0,100.0,100.0,100.0,100.0,100.0,100.0,100.0,100.0,100.0,100.0,100.0,100.0,84874018.0,29182.0,5023.617519976325,4501.394173981493,1.9693189846560977,4.8460417977340775,5.115644460239881,11.475403462105444,19.08754808803797,23.473945819320114,27.21380764605724,30.42864425247312,34.53571504061467,39.727801033291485,44.264148069436274,48.85649693172297,52.72787132571006,56.59077551860453,60.40835724308469,64.53499114416853,69.05413621398246,74.42044160086778,80.92085142004235,87.25775654924219,94.15737216541343,65.46907369044096,29.026339153595732,5.173128144421427,0.3314590115418763,6.166001099660742,51.42682410772417,152.3067318414618,Teak,3
435.0,-22.4819,-33.6968404977806,7.415215319874545,-0.3963758689593775,-1.0864020360016102,4.419945575849741,-45.978505000000006,-44.7544,-43.272645,-41.55664,-40.2718,-38.68826,-36.55388,-34.656659999999995,-33.537545,-32.713,-31.170965,-29.542160000000003,-28.763495,-27.982,-27.081825,-26.44234,-25.701725000000003,-24.87437,-23.988655,100.0,100.0,100.0,100.0,100.0,100.0,100.0,100.0,100.0,100.0,100.0,100.0,100.0,100.0,100.0,100.0,100.0,100.0,100.0,157144418.0,29989.0,4982.384844641725,4266.671144763688,1.896156235636552,4.6692466815672855,4.936762055397984,10.306457719675413,16.303261882327885,22.10449689660628,27.36736280381273,34.12931663916945,39.35648353732806,43.41033545334076,47.81508052039112,52.58963764147193,57.192844100895776,61.29666597511596,65.31461270231055,69.96345234483607,74.59150792107677,79.41361238806459,84.78498039936741,90.43541718421076,96.32885782809034,57.58719086873811,34.40710209258085,7.295497780596069,0.6911857958148383,7.423191776689223,50.79350295814839,175.7824088381242,Teak,3
436.0,-22.3977,-31.278823630889804,7.986138832665843,-0.8912199029967612,-0.66411944646973,4.164149649329882,-46.6384,-43.9926,-42.4717,-41.0777,-38.335575,-34.92225,-30.936250000000005,-29.340300000000003,-28.203075,-27.29175,-26.73065,-26.2698,-25.825675,-25.4398,-25.06565,-24.7134,-24.3628,-23.9707,-23.524175,100.0,100.0,100.0,100.0,100.0,100.0,100.0,100.0,100.0,100.0,100.0,100.0,100.0,100.0,100.0,100.0,100.0,100.0,100.0,97907959.0,28452.0,4678.770859218197,4241.29300602164,2.0779041856345466,5.497696395582036,6.080585338317593,11.158219527382856,16.82755025053683,22.850246525923392,28.81725989201756,32.52223039395602,36.11113474441848,39.63369208830102,43.07485768342899,47.167146033551774,52.38016553894255,57.82692089414304,63.26973785655158,68.61765344327114,75.480714494314,81.89297664758797,87.53377649308366,93.09535091013387,97.61226357501744,59.61961196597534,32.85864474816018,6.943515244193827,0.5543343209404569,8.310408816770678,50.7245857641212,182.11246441007944,Teak,3
437.0,-23.7596,-34.63577359127207,7.677535219869549,-0.5303295487653297,-1.376444497712049,3.970596266691943,-46.6549,-45.5181,-44.5013,-43.6483,-42.89515,-42.3835,-37.54395,-35.41630000000001,-31.20965,-30.1853,-29.7246,-29.3414,-28.92505,-28.5145,-28.1858,-27.7567,-27.39385,-27.092400000000005,-26.677750000000003,100.0,100.0,100.0,100.0,100.0,100.0,100.0,100.0,100.0,100.0,100.0,100.0,100.0,100.0,100.0,100.0,100.0,100.0,100.0,42004872.0,28106.0,4724.426048813407,4366.945301097948,2.181616240751342,5.845176945611575,5.756541764964788,11.911384946012928,18.048853951989187,24.693885509280925,31.82146823349444,39.08192602039116,45.31046779525956,48.787352571863565,51.85518955991581,55.5499228756131,59.40166178818495,64.1675946542582,68.87946474399446,73.00057479046717,77.61953184859127,82.43445188929512,87.71551785707143,92.13837385339492,95.96297305703014,65.5831739961759,28.928129569227305,5.128781914295355,0.3374198627825891,8.515724424267326,51.211062433921946,157.89514472035543,Teak,3
438.0,-22.3231,-33.64644680689103,6.890254917769738,-0.2854368260001451,-1.4468597686424425,4.040733576093808,-43.984915,-43.1502,-42.56732,-41.81182,-41.1807,-40.13779,-35.864545,-34.37722,-33.548514999999995,-32.8898,-32.06136,-29.05562,-27.48714,-26.9996,-26.6782,-26.40526,-26.17837,-25.95688,-25.610585,100.0,100.0,100.0,100.0,100.0,100.0,100.0,100.0,100.0,100.0,100.0,100.0,100.0,100.0,100.0,100.0,100.0,100.0,100.0,290549744.0,30034.0,11640.614743589744,7876.229166566015,0.5250345285276123,-0.7243838351834833,2.689821334001933,6.268876974126675,10.322811366854964,15.008758362561144,19.57996769048952,24.686924521950363,30.225575418163164,34.439666551556144,40.794808960492496,47.3709138769711,53.30759093699288,58.958317306244126,62.34449891650912,66.54428475421406,71.20227543549306,76.33232538659543,81.66462194508077,87.57546521878884,93.75354087388216,74.8798076923077,22.600160256410252,2.435897435897436,0.0841346153846153,6.691424936619531,47.990554010416666,189.53740012186103,Mahogany,1
439.0,-25.7031,-37.98035301526718,6.962525793159006,1.5463498163402876e-06,-1.3841497897670167,4.1585538236903945,-49.000165,-46.93603,-45.04053,-43.9883,-43.110025,-42.697030000000005,-42.068900000000006,-41.64594,-41.344745,-40.7368,-35.69223999999999,-34.37266,-32.67348,-31.42269,-30.75215,-30.10808,-29.56828,-28.97689,-28.347925,100.0,100.0,100.0,100.0,100.0,100.0,100.0,100.0,100.0,100.0,100.0,100.0,100.0,100.0,100.0,100.0,100.0,100.0,100.0,34458741.0,26800.0,4384.063740458016,3787.752769084607,1.9397445370434607,4.745452053016112,6.191877410727223,12.118068968335203,16.91729538232404,21.533479705483145,26.805764609914217,32.42169526739239,38.65872522736684,44.78927132015647,50.823098847401305,57.86879154987119,64.94525148205503,68.36687968373539,71.32649158598105,74.60176214795543,77.42354835308696,81.34082437892899,85.41395345813709,90.19862623535782,95.38259972992049,51.66666666666667,36.6793893129771,10.318066157760814,1.2595419847328244,11.083471809289266,51.15362675572519,166.14763892685977,Teak,3
440.0,-28.3269,-37.29460580264072,6.614335926575642,-0.2065982435918396,-1.50735665301116,3.84969741921235,-47.57745,-45.03125,-44.316100000000006,-43.855500000000006,-43.200325,-42.3753,-41.8847,-41.4016,-40.748025,-36.4471,-32.132875,-31.539900000000003,-31.236,-30.982350000000004,-30.746375,-30.564400000000003,-30.3593,-30.1535,-29.815625,100.0,100.0,100.0,100.0,100.0,100.0,100.0,100.0,100.0,100.0,100.0,100.0,100.0,100.0,100.0,100.0,100.0,100.0,100.0,31026984.0,27524.0,5390.372480889507,4337.657478357229,1.6770783223566756,3.4552474403961586,5.632049186604796,9.179403321960008,14.080788516215431,18.65249293969404,23.191686952234868,28.18045414920122,33.28826933355817,38.9029884438655,45.00946337549277,51.13538267206378,54.01185303734324,57.95097583445429,61.95974445985468,66.35696527899715,72.49352370182032,78.44364118665223,83.85594938908662,89.46471561657428,95.1727760584142,65.63585823488533,28.127171646977068,5.6636553161918,0.5559416261292565,9.370206878391874,51.19686683460737,178.2541695369041,Teak,3
441.0,-24.0879,-35.16070287262451,6.8693094262506005,-0.3358832570231755,-1.1253269237384738,4.425901794449505,-46.6856,-44.964,-43.5086,-42.5732,-41.76165,-40.3827,-37.23115,-36.0983,-35.32555,-34.3843,-32.85325,-31.7513,-30.7905,-29.9203,-28.94635,-28.3199,-27.67875,-26.7647,-25.9298,100.0,100.0,100.0,100.0,100.0,100.0,100.0,100.0,100.0,100.0,100.0,100.0,100.0,100.0,100.0,100.0,100.0,100.0,100.0,207307096.0,25381.0,5374.688133571854,4317.293322049342,1.452138880510666,2.444842675964507,4.428913036339094,8.855653932849457,12.845518322247878,17.089958657276256,21.751026313156206,26.037985694421188,30.29066067280205,34.00911708299652,37.91260478608991,42.00995898374844,46.14777634046835,51.20572187263672,56.38700037552019,62.2287512049274,67.84054174392564,73.59609340145307,79.89160149153794,86.50818976307497,93.651062962167,60.28881802390397,33.403334111119754,5.890435819657255,0.4096341811205309,9.447457151801837,50.2911362241062,187.0132550282491,Teak,3
442.0,-20.6273,-31.54681960525847,8.598946926240737,-0.5006307022875032,-1.264062430284585,4.265053691574826,-45.88844,-44.26076,-42.86084,-41.58252,-40.3772,-38.59146,-35.26746000000001,-32.03527999999999,-30.38074,-28.6038,-26.99948,-25.4522,-24.52752,-24.0115,-23.6888,-23.41442,-23.10608,-22.74304,-22.14554,100.0,100.0,100.0,100.0,100.0,100.0,100.0,100.0,100.0,100.0,100.0,100.0,100.0,100.0,100.0,100.0,100.0,100.0,100.0,148879805.0,26572.0,5304.065160853611,4991.644794427438,1.8043347118561788,3.297576703185628,4.072269573432072,8.61953372386537,12.781845731192352,17.467919171441686,22.0617081007058,26.612227225848397,30.317269021140916,33.780558753418575,36.8859483662005,40.89685703175122,45.15706680298245,48.8163293873202,52.58330100580129,57.9565401768225,64.55439406304973,71.96452399974596,79.03405502176739,86.34975576438994,93.43547299783204,58.38825750828316,34.03042502404789,7.014856247105347,0.5450853254480031,7.877682237469531,49.83954127685346,175.33597828117544,Teak,3
443.0,-22.9393,-34.02519955607621,5.938383703663548,-1.1334924702247686,0.5914217672137112,4.123465542636123,-48.3177,-43.12771,-40.23862,-38.17444,-36.5851,-35.155899999999995,-34.391405000000006,-33.62344,-32.7449,-32.00015,-31.40043,-30.99928,-30.594495,-30.25253,-29.93875,-29.615500000000004,-29.2843,-28.85627,-27.889420000000005,100.0,100.0,100.0,100.0,100.0,100.0,100.0,100.0,100.0,100.0,100.0,100.0,100.0,100.0,100.0,100.0,100.0,100.0,100.0,191704040.0,26772.0,5909.860040693015,5368.589973775224,1.5119268258563885,1.985847631634826,8.444867411244958,14.579967120150414,17.301104348139976,20.309022699782435,23.542425083999277,26.475934466482816,30.100683845786453,33.544285243023566,37.17709287712455,41.5510909420584,46.0604033175305,50.72149653184148,55.91212110083856,61.57782590288655,67.33591112633829,73.82186781248846,80.27615536949561,86.84422769598386,93.18303307535928,67.66446759972872,27.72674024292496,4.312842961958197,0.2836179789136198,6.216423185602589,49.104416838276094,184.5103787123318,Teak,3
444.0,-29.8134,-36.68154371935119,4.901475822845325,-0.8713898392465008,-0.1232759301489689,4.28148608835498,-47.953165,-43.37961,-42.522485,-41.6251,-40.3096,-38.5674,-37.322865,-36.45542,-35.70947,-35.0798,-34.67296,-34.17648,-33.79416,-33.45292,-33.0878,-32.65612,-31.744229999999995,-31.31158,-30.836535,100.0,100.0,100.0,100.0,100.0,100.0,100.0,100.0,100.0,100.0,100.0,100.0,100.0,100.0,100.0,100.0,100.0,100.0,100.0,239528862.0,27774.0,11294.269238023388,6802.433466855654,0.4161877876733273,-0.5626743821139777,6.170305272021874,10.17855251197244,15.036434314959507,20.03575335318046,25.30652068142001,30.363032827334184,34.87776516885886,38.62110571042583,43.43406516079887,48.80170473986554,53.61334034142408,58.31405152336089,62.95847470773689,68.0790463572611,73.2396845771346,78.08005951282814,83.00303869017672,88.60739128798599,94.43872488318338,81.2240663900415,17.347227461335347,1.3579781214635986,0.0707280271595624,5.726431371862603,49.01890766691815,191.47834058149508,Mahogany,1
445.0,-22.7275,-32.052777951110805,5.471112425611461,-0.5581637320088261,-0.0131415979764204,4.263245775538098,-41.40492,-39.5636,-37.98718,-36.7288,-36.0317,-34.70704,-33.13355000000001,-32.583459999999995,-32.12902,-31.8252,-31.23887,-30.40708,-29.2807,-28.53292,-27.646300000000004,-27.1389,-26.180370000000003,-25.11416,-24.10879,100.0,100.0,100.0,100.0,100.0,100.0,100.0,100.0,100.0,100.0,100.0,100.0,100.0,100.0,100.0,100.0,100.0,100.0,100.0,91113000.0,26895.0,6345.358311860157,5633.687765185064,1.5148268424997349,1.963808304881208,3.749675677455468,6.452410742704115,9.51689769846235,13.017000867055197,16.25266098141868,19.46136116690264,22.7732277501564,27.074790644584198,32.609160053998885,37.87579489205712,43.667226411159774,49.433514427139926,54.5426689934477,58.52012116821969,63.78914534698671,71.48500762789064,77.89622446851712,83.35812562422487,91.36005509641872,61.06971237551362,31.99387143951529,6.400167142558674,0.5223204958562574,4.558293432699721,49.42553849153841,183.74245648627735,Teak,3
446.0,-20.9138,-31.05997618604651,7.841104193289278,-0.7495652632023705,-0.6328729646037909,4.320286480430441,-45.98852,-43.11628,-40.96658,-39.7277,-37.6205,-35.00104,-31.8686,-30.11802,-29.438820000000003,-28.7058,-27.7635,-26.93458,-26.29546,-25.33426,-24.201200000000004,-23.67006,-23.16376,-22.74408,-22.330420000000004,100.0,100.0,100.0,100.0,100.0,100.0,100.0,100.0,100.0,100.0,100.0,100.0,100.0,100.0,100.0,100.0,100.0,100.0,100.0,226830180.0,27617.0,5410.379964221825,5031.0554488947255,1.7920254718474318,3.3176667255267462,4.798819098940009,9.449988092413452,13.865892536874943,18.187940423095377,22.806298086083608,26.052889434730425,29.069216891685222,32.10105727553538,36.1763394976806,40.50108455585584,45.61663531722278,51.892157383995375,57.14920739383093,61.62372881774374,65.90340756243282,71.50419269605129,78.48540392640874,86.19691524293637,93.47068410385248,59.24150268336314,32.655933214072746,7.332140727489565,0.7418008348240906,8.21475625034003,50.21898625641026,172.0847219732234,Teak,3
447.0,-28.7655,-36.14743377664975,5.055858581544356,-1.0930465934491038,0.2507413080788443,4.241315573123044,-47.83072,-45.51127999999999,-41.586415,-40.0658,-38.43900000000001,-37.69585,-36.895165,-35.7441,-34.720695,-34.305899999999994,-33.96492,-33.66694,-33.206595,-32.7737,-32.363175,-31.9656,-31.63714,-31.2275,-30.641810000000003,100.0,100.0,100.0,100.0,100.0,100.0,100.0,100.0,100.0,100.0,100.0,100.0,100.0,100.0,100.0,100.0,100.0,100.0,100.0,210277485.0,28594.0,10673.984010152284,6818.973786731798,0.6082970385604618,-0.3704939225697883,4.749429069878784,9.312859624509963,12.497801654799131,16.759348724377222,22.044119464335424,27.59543086602924,32.509152370735265,36.6751718568443,40.39839500648393,45.13536102070081,50.61273155326164,55.53099562704015,60.91372217049296,66.03505601182171,71.57055877855872,77.63993848414155,83.30944751407884,89.07878606214071,95.18416629340987,75.73096446700508,21.548223350253807,2.578680203045685,0.1370558375634518,5.858608746522882,49.09027850253807,182.62918916029088,Mahogany,1
448.0,-26.7035,-33.4051124090424,4.796463182199314,-0.4908331394200879,-0.7161178991840296,3.8663518883555112,-40.7479,-40.33464,-40.02541,-39.55732,-36.8908,-35.32106,-34.787099999999995,-34.48098,-34.12818,-33.6592,-32.25933,-29.946440000000003,-29.543160000000004,-29.28996,-28.8919,-28.53742,-28.31195,-28.023380000000003,-27.523100000000003,100.0,100.0,100.0,100.0,100.0,100.0,100.0,100.0,100.0,100.0,100.0,100.0,100.0,100.0,100.0,100.0,100.0,100.0,100.0,68451361.0,27175.0,6641.249733191035,5541.218637070187,1.3752316511221303,1.6923333566873149,4.364995752239317,8.298230914649016,11.64056475078706,15.163231013040049,20.059094223122894,23.53064389764288,27.738938601965856,31.64744817856872,35.9426995176911,40.307784384301726,44.99880287259737,48.91602958778278,53.59754351706755,59.09304856626591,66.00207992942609,74.4133736069908,81.10917181033113,87.10256323464482,94.08444778767804,59.62937809255846,33.16192878626176,6.655670903269622,0.4851072086931212,2.739750706280027,49.52057847094208,190.74997784017572,Teak,3
449.0,-21.0965,-33.107008494659055,7.9233461886849055,-0.2142696579622852,-1.2828000563368056,4.407723961887537,-45.971555,-43.31178,-42.420185,-41.35606000000001,-40.28085,-39.387,-38.5488,-36.1086,-33.312455,-31.6086,-30.31609,-29.388680000000004,-28.23677,-26.97443,-25.48045,-24.454819999999994,-23.771645000000003,-23.15531,-22.64,100.0,100.0,100.0,100.0,100.0,100.0,100.0,100.0,100.0,100.0,100.0,100.0,100.0,100.0,100.0,100.0,100.0,100.0,100.0,362972231.0,29581.0,5430.301771341372,4993.632728131015,1.8796944439337744,4.010122279912024,5.333894261459356,10.61252671970931,18.41591843426722,24.63349930479944,30.79335041473186,37.00266922072064,42.960199068231205,47.21755340011121,51.34764372649764,54.99781827662734,58.98078054351216,63.78348568488701,67.53229615518438,71.64024401635287,75.70926741225006,79.95222697903851,84.8479100319936,89.68576937776818,94.84007028625837,60.72828461147183,31.4068998533856,7.053948116453728,0.7779539810298914,6.230731736732345,49.79912609885999,182.8578407927796,Teak,3
450.0,-23.3975,-35.30554974245769,8.318306757315815,-0.1523591797489704,-1.6415112685742304,4.168990448358515,-46.66073,-45.80779999999999,-45.09412,-44.44898,-43.982600000000005,-43.49186,-42.94698,-40.72566,-35.91851,-33.759,-31.46659,-29.592500000000005,-28.763030000000004,-27.89954,-27.0271,-26.53302,-25.95609,-25.53446,-25.04112,100.0,100.0,100.0,100.0,100.0,100.0,100.0,100.0,100.0,100.0,100.0,100.0,100.0,100.0,100.0,100.0,100.0,100.0,100.0,92559486.0,28839.0,5239.117337408728,4778.47776612342,1.971460193337533,4.445827076025328,4.9618976924742215,9.806159684162465,16.840622904928402,24.61181990574148,32.11180213338696,39.29890881200443,46.337918298293054,51.6992920639166,55.5309468766929,59.32800880074032,62.84085890451034,65.75317520669897,68.91660353429361,72.49122256361709,75.90680224823203,80.41838845129283,85.8872163572732,91.425085268948,96.54792594677978,57.66683647478349,34.340861493179375,7.239486047433068,0.7188543612384672,5.385963635035873,51.53208018905303,188.91261026612997,Teak,3
451.0,-23.2343,-34.42619126067303,6.890769547327414,-0.0514438157160021,-0.9268314748709892,4.296467486227408,-46.038375,-42.67215,-40.9233,-40.1853,-39.39895,-38.17275,-37.6753,-37.3273,-36.84374999999999,-36.134350000000005,-34.97494999999999,-33.3596,-30.70925,-29.0522,-27.0449,-26.1249,-25.6758,-25.07115,-24.4331,100.0,100.0,100.0,100.0,100.0,100.0,100.0,100.0,100.0,100.0,100.0,100.0,100.0,100.0,100.0,100.0,100.0,100.0,100.0,61843218.0,29913.0,5176.897538925164,4602.747838557799,1.9175448154325363,4.5145545560461215,6.144563822665243,10.921537103712812,15.872794653085483,21.27771714596093,27.41931863894922,33.50500454229274,40.94868252166309,47.7562842865001,55.550052392163686,63.84071572730902,68.5157473532506,72.1883052722127,76.21767677095976,79.62670053812529,82.34122131225449,85.70438718114572,89.46046598027935,94.03846352238656,97.7151560903574,51.50678051230537,36.99983257994308,10.262849489368826,1.1886824041520174,7.924282776611976,50.18290256152687,185.4154389013223,Teak,3
453.0,-24.049900000000004,-28.051098353134925,2.4551492185382644,-2.553630886098304,14.61988633629673,3.414565325436844,-31.4635,-30.553000000000004,-29.9146,-29.5597,-29.2476,-28.9115,-28.5158,-28.2545,-27.915600000000005,-27.6449,-27.3786,-27.1264,-26.963800000000003,-26.8297,-26.6644,-26.3992,-26.0135,-25.4367,-24.9284,100.0,100.0,100.0,100.0,100.0,100.0,100.0,100.0,100.0,100.0,100.0,100.0,100.0,100.0,100.0,100.0,100.0,100.0,100.0,93812734.0,30319.0,11035.49394188919,7061.030669551411,0.5991589271416791,-0.2771299873274548,2.7894304839255617,6.201754017743475,10.114242060145054,14.47037563152141,19.19522247374221,24.01731091218384,28.534927891558944,32.82421446111996,37.58930424093599,43.33383994543853,49.17803482840613,54.77232866915487,60.27038184389766,65.71833840808861,71.97074120022981,78.06421993841475,83.68651957206578,89.17765364348085,94.66466780511908,84.76649805905187,14.504175979296557,0.7293259616515704,0.0,0.742451815036052,48.89840122338549,305.62517313560664,Mahogany,1
454.0,-25.0766,-30.46091614333479,3.936638993569881,-1.2307150183421427,0.8707258693231186,3.789628231124044,-38.21909,-35.936820000000004,-35.314404999999994,-34.01386,-33.128275,-32.22805,-30.952015,-29.603620000000003,-28.942905,-28.45445,-28.22746,-28.03056,-27.891185,-27.74858,-27.559325,-27.34024,-27.139355,-26.98597,-26.802885,100.0,100.0,100.0,100.0,100.0,100.0,100.0,100.0,100.0,100.0,100.0,100.0,100.0,100.0,100.0,100.0,100.0,100.0,100.0,149514655.0,30790.0,10867.470199156856,7494.480173799446,0.6960296831804597,-0.3518569065349446,2.700372080583004,5.6425184541274565,8.792125427437197,11.783044277499084,14.792196122848292,18.205004720105865,22.058452397191434,25.86252230592379,29.24543483714021,33.378746050010946,38.62460037780243,44.63088852393767,50.6348096780212,56.92804829065084,63.57660658749472,70.64968714939683,78.24346449516939,85.30889630852573,92.72306049196315,76.87890681785143,21.347579590056696,1.6935601104811748,0.0799534816106992,3.8996169273917456,48.95933954063091,346.8625391616852,Mahogany,1
455.0,-23.8257,-34.417001995090764,6.380015523833952,-0.3686902874746151,-0.8355281762932467,4.405042031597198,-45.0312,-43.473,-42.198375,-41.0249,-39.204475,-37.3398,-36.682675,-35.707899999999995,-34.62825,-33.9012,-33.2859,-32.5593,-31.07445,-29.1946,-28.4789,-27.7592,-27.16685,-26.6642,-25.72435,100.0,100.0,100.0,100.0,100.0,100.0,100.0,100.0,100.0,100.0,100.0,100.0,100.0,100.0,100.0,100.0,100.0,100.0,100.0,355415585.0,30930.0,10144.296866080604,6930.421783054168,0.79653897248611,0.0693606272265179,3.765824731630719,8.734660580514499,13.478701841395052,18.25354704127564,22.565479507602344,27.377596849052075,32.66552647093402,37.94571782776492,43.3310379453394,49.54231368328995,56.21334444295682,62.41271186799532,67.4503347960951,71.26617477958936,75.34507610295142,79.74556293022434,84.6499671644956,89.87921534166826,94.99731054281143,70.18780682726339,26.989382349583284,2.688663089393766,0.1312935266582943,4.611917197847048,49.1487424820185,165.23807192878783,Teak,3
456.0,-40.7198,-43.10122323717949,2.220228242372945,-1.6953505885473577,1.529088983899454,3.78756581899062,-48.39473,-47.91734,-43.900875,-43.34266,-43.140025,-43.027420000000006,-42.848505,-42.68866,-42.482415,-42.2836,-42.19855999999999,-42.11024,-42.037015,-41.92422,-41.777275,-41.634800000000006,-41.496515,-41.38073000000001,-41.13151,100.0,100.0,100.0,100.0,100.0,100.0,100.0,100.0,100.0,100.0,100.0,100.0,100.0,100.0,100.0,100.0,100.0,100.0,100.0,20052843.0,29289.0,10711.98878205128,7087.996731052748,0.6016450674978537,-0.3498471723438072,1.7212521935168992,3.798344204859132,5.523102135692181,9.63132758781386,13.452401736751243,18.58220801908238,23.94506853716453,30.1708790120184,36.44743042171128,43.51497690377369,49.46045306393712,55.344341946924935,61.32661089502371,66.28001824978134,71.88757723780115,76.43094797081889,81.94050589235651,87.67961231232898,93.4942691168529,72.70299145299145,23.344017094017094,3.7927350427350426,0.1068376068376068,9.031261068852263,48.98777083333333,175.76927888141842,Tibig,5
457.0,-39.9438,-42.08973280079881,2.213005327733514,-2.138687275031156,3.590822621096244,3.7098125568023783,-48.33162,-44.38112,-42.66649,-42.416720000000005,-42.30015,-42.10406,-41.8767,-41.74916,-41.62324,-41.5119,-41.36954,-41.17088,-41.04946,-40.9294,-40.81535000000001,-40.66962,-40.5459,-40.42962,-40.23174,100.0,100.0,100.0,100.0,100.0,100.0,100.0,100.0,100.0,100.0,100.0,100.0,100.0,100.0,100.0,100.0,100.0,100.0,100.0,18024703.0,28761.0,8998.853220169745,6318.15129161052,0.8464242066016275,0.2190191310274243,3.71238849261483,5.960725122627541,9.228091025965863,14.23513607963471,19.54454949965056,23.77333485051044,28.606873577889196,33.51096547887641,38.727850328518585,43.23288433656854,48.808782036519545,54.76782058489397,61.27365871160263,67.45028198245485,73.40614710822142,79.08038207342446,84.27799892181302,89.25607262433117,95.0765013992186,60.80878681977035,33.44982526210684,4.942586120818772,0.798801797304044,9.088899182251511,49.02621977034448,183.8902052142355,Tibig,5
458.0,-37.8701,-41.894185310387215,1.7765430881063573,-2.4412621869973425,5.923651996536709,3.2601504416223945,-47.16877,-43.32062,-42.81971,-42.46928,-42.26495,-42.08082,-41.73549,-41.44276,-41.28724,-41.2108,-41.11888,-41.0341,-40.96353,-40.9147,-40.87995,-40.84124,-40.79838,-40.74188,-40.66503,100.0,100.0,100.0,100.0,100.0,100.0,100.0,100.0,100.0,100.0,100.0,100.0,100.0,100.0,100.0,100.0,100.0,100.0,100.0,17403559.0,29551.0,10696.717271051017,7060.46388250293,0.6807067458366729,-0.2499983085827479,1.899065587676636,4.651324479090743,9.221619554942755,14.654979478622735,20.03020186847989,23.679001519172022,28.77005214852893,34.56089642354188,39.78421310261884,45.0647537092844,50.476870851531,56.34072892791641,61.7247483689974,67.79861521427887,73.5345971476294,79.39331834367901,84.69423409315301,89.30180315417093,94.27673960251464,61.278426551936086,34.7879532882606,3.810694529809465,0.1229256299938537,7.491496804025346,49.01997971727105,186.5008769197325,Tibig,5
459.0,-35.1071,-41.35900460205739,3.9023410874362057,-0.5444311059978286,-0.5545017508141075,3.8436193731286634,-49.09509,-48.77922,-43.84894,-43.61042,-43.46375,-43.34414,-43.1779,-42.8785,-42.61243,-42.1345,-39.57357,-39.37606,-39.02936999999999,-38.7239,-38.03335,-37.64646,-37.03099,-36.683620000000005,-36.26933,100.0,100.0,100.0,100.0,100.0,100.0,100.0,100.0,100.0,100.0,100.0,100.0,100.0,100.0,100.0,100.0,100.0,100.0,100.0,21737433.0,29345.0,11769.048727666486,7644.544455532907,0.5030227031857087,-0.6319829735754547,1.9532619145968155,5.39900456507445,7.767724919497164,11.533951594008364,15.712513064445096,20.38719567301254,25.09303191411792,29.417001538314118,34.588771360445364,39.1845440075652,43.66625994890933,48.36233882814038,55.59293500755126,61.801128955751125,68.75299857163448,74.66900530527225,82.54543671278941,89.27039821123313,95.72746239171846,75.2571737953438,20.89875473741202,3.086085544125609,0.6497022198159177,5.414511789011902,49.46406123443423,95.05058041876076,Tibig,5
460.0,-23.5521,-33.811344536159524,8.869961115143246,-0.4976944890723854,-1.3458090176359014,4.136860312747622,-48.797540000000005,-48.18352,-46.9348,-42.38264,-41.2559,-40.41494,-39.49534,-37.69706,-30.59494,-29.0451,-28.060900000000004,-27.31434,-26.77442,-26.34448,-25.959000000000003,-25.57712,-25.192,-24.8185,-24.48556,100.0,100.0,100.0,100.0,100.0,100.0,100.0,100.0,100.0,100.0,100.0,100.0,100.0,100.0,100.0,100.0,100.0,100.0,100.0,1021709722.0,34120.0,11568.664266222811,6931.051505469273,0.6408947021476921,0.0910266350574557,5.206922167272868,10.069875404395926,14.295876593410744,17.783401399404518,21.941067132177096,26.43037099337692,30.9996425775422,34.25371575352397,37.18354693310827,41.86605498503811,47.00167480641825,52.31382901532184,57.79751814870173,63.54999693347344,69.32157918724394,75.17444039746546,81.21504945413449,87.36411808362924,93.60259811641492,74.38658468924443,22.671739302738995,2.7808915610811056,0.1573875924227498,5.125116460380129,49.439579436575066,192.32096918936105,Rain Tree,4
461.0,-23.6255,-31.564993422605426,6.20656372233062,-1.0197766059971107,-0.0066125995020058,4.184378537391111,-43.5685,-41.4551,-39.4613,-37.8655,-36.0649,-33.7915,-31.8043,-30.658,-29.9421,-28.9916,-28.3233,-27.9263,-27.5122,-27.1482,-26.8266,-26.5359,-26.1675,-25.658800000000003,-25.1701,100.0,100.0,100.0,100.0,100.0,100.0,100.0,100.0,100.0,100.0,100.0,100.0,100.0,100.0,100.0,100.0,100.0,100.0,100.0,325891707.0,32980.0,7848.840514438477,6604.524600444593,1.31092635194967,1.4233474925832716,4.098235921050915,8.331339342734486,12.240673249166171,16.624084576659694,21.757619932316967,25.05817829847385,28.454396662508508,32.42611693705971,37.00646515684426,41.06679308657584,46.204376412683615,52.13151434994938,57.96991452746602,63.54306831133939,69.925286254676,76.72083690058427,82.85301043269567,88.5999605997952,94.22707556041,65.93530984321187,28.9058548686207,4.840923869848992,0.310686158811204,8.583259236894275,50.07924292285831,168.31701371441287,Teak,3
462.0,-24.3264,-35.03459397623201,7.573979574227651,-0.3907058201354057,-1.2257702756304938,4.408144367432998,-48.156055,-45.97254,-44.3595,-42.94458,-41.451125000000005,-40.47734,-39.511,-37.81498,-34.84981,-33.05714999999999,-31.47988,-30.07508,-29.387445,-28.855410000000003,-28.206625000000003,-27.62556,-26.99122,-26.27384,-25.72807,100.0,100.0,100.0,100.0,100.0,100.0,100.0,100.0,100.0,100.0,100.0,100.0,100.0,100.0,100.0,100.0,100.0,100.0,100.0,257230527.0,33781.0,7011.298708024422,6020.642953100218,1.6024870338230122,2.84115949660826,7.542333807060155,14.937357726596732,22.03372308139772,27.8247340371075,31.848177179996988,36.68800437515723,40.959442578135366,45.202969241671695,48.58418184557076,51.89659273994335,55.39168529557925,59.050171755081,62.99465343007287,67.50904724461417,72.11666794120435,76.98813912549345,82.51768616871823,88.25366594222311,94.67254094612184,59.20737025730484,33.07893589184474,7.002289576973397,0.6895987788922808,6.888420596519333,50.34885663432185,174.58485548964927,Teak,3
463.0,-25.0666,-35.241724366790045,4.799313506700265,-0.5195705151008457,-0.7728457588621787,4.1872826508897445,-43.05567,-42.12345,-41.31689,-40.50964,-39.873975,-38.87238,-36.052515,-35.14762,-34.564205,-34.00965,-33.391684999999995,-32.703880000000005,-32.1842,-31.76824,-31.370175,-31.05104,-30.655565000000003,-30.07335,-29.049070000000004,100.0,100.0,100.0,100.0,100.0,100.0,100.0,100.0,100.0,100.0,100.0,100.0,100.0,100.0,100.0,100.0,100.0,100.0,100.0,260655586.0,36240.0,9458.43624355904,7683.193279960377,1.304047487936506,1.3338919974850103,4.863037157392821,10.331088396471197,15.86231303709716,22.5569913548678,28.816415620572965,35.35572262778976,39.60270277883091,44.952829056193714,49.79526968587582,54.28642146959398,58.40844515797179,62.46316815938101,66.37008270369468,70.0091671927568,74.20954063113767,79.18546276618066,84.72211065524604,90.01553452224883,95.43217769367122,68.10000725742071,27.970099426663765,3.7303142463168593,0.1886929385296465,7.105948851815853,48.427494136004064,74.19840616456918,Teak,3
464.0,-16.000700000000002,-30.20957325095033,8.796992546452861,-0.3724728485816938,-1.0990943046395758,4.476194384327693,-45.4754,-43.14564,-41.32832,-39.72828,-37.9383,-36.4078,-33.00886,-31.59968,-30.341,-28.9916,-27.43102,-25.67032,-24.38136,-23.21518,-22.3102,-21.5319,-20.78604,-19.61786,-18.69804,100.0,100.0,100.0,100.0,100.0,100.0,100.0,100.0,100.0,100.0,100.0,100.0,100.0,100.0,100.0,100.0,100.0,100.0,100.0,513592012.0,37156.0,6529.514372528828,6174.384527796367,1.925331710475183,4.104090185453991,6.1940209848902406,13.574563149553034,20.14073809232064,26.72799007629425,33.66920998763509,43.27892778830836,48.88088952598429,53.2561676601777,58.34822485517941,63.76089451328928,67.860215473912,71.55649025164355,75.51284578779625,79.56844332695735,83.39333244925935,87.15157294930826,90.77902695262324,94.04898766221466,97.31552191664538,66.57258730945752,27.909785524492413,5.051044407999288,0.4462412754109615,12.55145011903933,48.42598543041306,97.8763124261294,Teak,3
465.0,-20.3363,-34.57728118534105,7.722798186697061,-0.4509458551174657,-1.0019793578941163,4.371751169477099,-48.16474,-46.97449,-45.508165,-42.99482,-41.4544,-39.700320000000005,-35.88993500000001,-34.07844,-32.96738,-32.1736,-31.656315000000003,-31.234520000000003,-30.74453,-30.09877,-29.211575,-27.716539999999995,-26.04101,-25.11659,-24.13498,100.0,100.0,100.0,100.0,100.0,100.0,100.0,100.0,100.0,100.0,100.0,100.0,100.0,100.0,100.0,100.0,100.0,100.0,100.0,404012121.0,35427.0,7084.203419253025,6317.150539574554,1.7082390776906466,3.106832325504638,9.298704679209363,17.878602706575727,25.0752810953412,31.749497931523692,37.43922796811336,42.65447323051973,46.66413733661224,50.27928976418012,54.45354472421881,58.3892667418263,63.19320058221719,68.28092170036652,73.04572602167052,78.38267901868221,83.17069477229867,86.92349554532301,90.33570183405465,93.64350778970812,97.00371365838303,65.6128353498159,28.337716991057334,5.491846396633351,0.5295458530597932,5.608807382424311,49.02802622654743,109.16402110261949,Teak,3
466.0,-21.2635,-30.271710072132883,4.807565605746397,-1.4427467245269936,2.1521997200384018,3.8481204453526905,-40.0076,-37.522000000000006,-35.05785,-33.8697,-31.586350000000003,-30.2649,-29.9116,-29.6501,-29.412949999999995,-29.091300000000004,-28.7144,-28.1304,-27.707700000000003,-27.414,-27.157000000000004,-26.9155,-26.61295,-26.1576,-25.6475,100.0,100.0,100.0,100.0,100.0,100.0,100.0,100.0,100.0,100.0,100.0,100.0,100.0,100.0,100.0,100.0,100.0,100.0,100.0,187508328.0,36610.0,12408.730593607306,8364.0942423663,0.7714454215282222,-0.0151044866227909,2.9436420551944766,6.87367336559046,10.221877718412593,13.482218773770944,16.81118931421542,21.949320565644424,27.23088651294464,32.60978093730322,37.738263550619465,43.04631898802916,49.0288522011673,54.34064613919441,59.42447046938631,64.67857256985408,70.66044341241206,76.8009930737583,83.13812280380421,89.84734214045149,96.47078662020814,71.64317384686653,24.93547746674608,3.262523989146979,0.15220700152207,5.118702542736101,48.52632124280325,133.40780910618915,Mahogany,1
467.0,-20.2005,-28.436340263506278,6.17049417305552,-1.2408578273966742,0.9338729649093483,4.086714478621713,-42.32758,-39.27468,-35.57327000000001,-30.76688,-29.96525,-29.4846,-29.14309,-28.58158,-27.968360000000004,-27.0917,-26.34315,-25.545280000000005,-24.84726,-24.4251,-24.0219,-23.591880000000003,-22.94011,-22.068900000000003,-21.5239,100.0,100.0,100.0,100.0,100.0,100.0,100.0,100.0,100.0,100.0,100.0,100.0,100.0,100.0,100.0,100.0,100.0,100.0,100.0,119079551.0,36395.0,7506.748471285381,6571.444746631101,1.5689426959466282,2.556562585705046,3.1154341520820816,6.527929383946031,11.35473461770107,15.210542740457594,19.900481485691863,25.60730179441137,31.64841123729128,37.47333494732442,43.0123791783528,47.57779864319441,52.14070046333984,57.1441061278439,61.4403341174842,66.74611243705479,72.14967916699652,76.94290012900704,82.10466463717184,87.50590519106005,93.92251907298508,61.54573535901153,31.17947424825064,6.644392611738007,0.5988778919498203,7.177930866782563,49.17398495870894,127.51679454042892,Teak,3
468.0,-25.5214,-34.084332823251515,6.139748735508789,-0.9250939471470542,-0.351268908920709,3.969610378022314,-47.12414,-45.07892,-41.92114,-38.50992,-37.6385,-37.0669,-36.3886,-35.37162,-31.23886,-30.510700000000003,-30.2585,-30.07418,-29.83858,-29.63798,-29.419400000000003,-29.17748,-28.88786,-28.52282,-28.057900000000007,100.0,100.0,100.0,100.0,100.0,100.0,100.0,100.0,100.0,100.0,100.0,100.0,100.0,100.0,100.0,100.0,100.0,100.0,100.0,101077103.0,35705.0,10380.723323405566,7557.665955261189,1.0242798613452295,0.686841172742803,4.955052975746644,10.604216664183578,13.554417957546724,15.699749526853774,18.919812135889966,23.00313850506776,26.60182791348897,30.66888848209273,33.870708581744765,38.26299809957949,43.25683433962289,48.946517590635736,55.57845875341323,62.737311535333575,69.19232637682542,75.76576269701755,82.28994552801933,88.46616429044272,94.07170682365124,65.16380815446236,28.57142857142857,5.833418917531067,0.4108041491219061,8.600821467474626,49.21320596693028,106.77922288767944,Teak,3
469.0,-23.5873,-35.09484655403593,8.601437005137843,-0.7657824894631355,-1.071509912245939,4.0303248269806415,-49.63031,-49.18601,-48.7734,-48.24992,-43.77635,-37.87391,-35.20733499999999,-33.48064,-32.190169999999995,-30.825900000000004,-30.079605,-29.4396,-28.91946,-28.54824,-28.2489,-27.937100000000004,-27.5721,-27.144100000000005,-26.5869,100.0,100.0,100.0,100.0,100.0,100.0,100.0,100.0,100.0,100.0,100.0,100.0,100.0,100.0,100.0,100.0,100.0,100.0,100.0,331706620.0,35062.0,8895.323679270581,6955.154603590671,1.134056493920824,1.1304971733720794,8.45946879203074,15.91969855771947,21.635049068360463,27.383427861644726,31.72128310251993,34.82742973293689,37.66620756619208,40.42395958211507,43.96831784665618,46.89211086592122,50.21120712031614,54.213886053887016,58.58060716424652,63.720513325902274,69.2489601202412,74.90626596478539,80.90973644119613,87.47112975918297,94.09835384051122,68.58675248055779,26.827567712523464,4.325556449450255,0.2574416733708769,5.793552708794304,49.94150499597748,145.14211067673216,Teak,3
470.0,-22.3606,-31.14513810355874,6.809935187820391,-1.140365657394116,0.8135181123768476,4.175929876095067,-48.068920000000006,-40.71816,-36.47924,-34.90106,-33.8411,-33.1798,-32.66966,-32.24852,-31.75484,-30.133,-28.93886,-27.60406,-26.79994,-26.16664,-25.619000000000003,-25.00928,-24.55682,-24.1053,-23.60560000000001,100.0,100.0,100.0,100.0,100.0,100.0,100.0,100.0,100.0,100.0,100.0,100.0,100.0,100.0,100.0,100.0,100.0,100.0,100.0,127649826.0,35383.0,7434.901625021842,6520.269791535174,1.6245454775558872,2.778544810557753,7.10273040246839,11.188489986660851,14.481401643273689,18.249607328097728,22.26246434523146,26.97523849347041,31.728022096951392,36.30381838515001,41.37689384707818,45.50708122391017,49.59686588213603,53.56654070174761,57.86517875864554,62.23775972871282,66.95695848422073,73.10942985539205,79.33917356064396,86.75353384343822,93.49113801377214,62.14106820432175,31.120041936047528,6.138971401945367,0.5882695555943852,7.131023905691167,49.79950969188654,130.35982680363688,Teak,3
471.0,-20.0147,-29.48129400582478,9.267345078883704,-0.862085725534043,-0.883226236746701,4.110076633007625,-46.452725,-44.79102,-43.5078,-41.76168,-38.13805,-34.13832,-28.395655,-26.38594,-25.193385,-24.62805,-24.151615,-23.614260000000005,-23.1044,-22.71184,-22.266575,-21.90418,-21.5637,-21.240570000000005,-20.9397,100.0,100.0,100.0,100.0,100.0,100.0,100.0,100.0,100.0,100.0,100.0,100.0,100.0,100.0,100.0,100.0,100.0,100.0,100.0,1356822489.0,40542.0,13440.806048658716,7971.794805617595,0.5000592838827821,-0.2093845805785177,3.895232237707994,7.551915584441643,11.865952127507816,15.658259479217698,18.68460841822029,22.3412115776038,25.63486549049969,29.56223899971045,33.98944907965776,38.88145739600871,44.76082206211133,50.688950070903495,56.58839186590162,62.39608186506113,68.52126343256683,74.54465592956427,80.688591387285,87.06172079080272,93.4629758336796,79.6925149581963,18.24107461267187,1.9792368348060387,0.086182985299362,6.5961162748885895,48.99122463545588,147.9104817155872,Rain Tree,4
472.0,-19.8688,-31.11504792682872,9.442509167685134,-0.7303846906728398,-0.9588075025710804,4.26564812665322,-48.73022,-46.37668,-44.3861,-42.8984,-40.347,-35.19538000000001,-32.5893,-30.43986,-28.85296,-27.3455,-25.8207,-24.584,-23.9409,-23.5277,-23.1737,-22.77952,-22.3751,-21.9931,-21.5351,100.0,100.0,100.0,100.0,100.0,100.0,100.0,100.0,100.0,100.0,100.0,100.0,100.0,100.0,100.0,100.0,100.0,100.0,100.0,3003560931.0,44057.0,13756.536597095315,8905.822567387946,0.6328013781897753,-0.1216068125887352,4.243183338969859,7.417309391017644,10.723985975298996,14.97055186592451,19.3321722894657,22.959903655771715,26.27240968729993,30.631565536234497,35.15364762879851,39.6652322815821,44.60111533525604,49.71370780558338,55.38342811131738,61.34111760424946,67.46121395730727,73.79985084111483,80.46740777105946,87.2134657553914,93.8757801747422,75.85613066040112,21.347733091505333,2.6472837860738214,0.1465624241424953,6.540790307596353,50.45330075342246,138.87670150278086,Rain Tree,4
473.0,-21.6619,-31.78000232548734,8.908200219914571,-0.729649157089982,-0.9238022610118422,4.222354228428672,-47.813975,-46.8763,-45.488575,-43.4847,-39.349775,-33.6426,-32.737125,-31.5214,-30.647375,-29.362450000000003,-27.43625,-26.4139,-25.27445,-24.4689,-23.92575,-23.472,-23.140125,-22.863550000000004,-22.579375,100.0,100.0,100.0,100.0,100.0,100.0,100.0,100.0,100.0,100.0,100.0,100.0,100.0,100.0,100.0,100.0,100.0,100.0,100.0,169790093.0,37776.0,6866.864555528593,6202.368320311582,1.881075985304305,4.1038450189537645,5.886828155515529,11.174162558471536,17.868547253814153,24.540986616928237,29.94578900430899,33.79319015980514,37.944658526101406,41.90526711119712,46.034915594280285,51.03667149767095,55.16116184705783,59.37758217730642,63.227380999196455,66.69321042188251,71.09320918977294,76.06374477926695,82.20576980307091,88.50403715839887,94.51975033667011,59.62549542991184,32.435493003316346,7.206988595001214,0.6794467362290706,6.022782314649344,50.341515708161445,145.57629048813897,Teak,3
474.0,-21.9133,-32.55458847733661,8.981046126386628,-0.9538270941557868,-0.5317406261734337,4.232965778793376,-50.26204,-49.06458000000001,-47.1392,-43.31414,-36.1565,-33.83932,-32.5128,-31.53544,-30.28302,-28.7033,-27.8269,-27.28152,-26.71932,-26.315240000000003,-25.7392,-25.0422,-24.52006,-24.10454,-23.65094,100.0,100.0,100.0,100.0,100.0,100.0,100.0,100.0,100.0,100.0,100.0,100.0,100.0,100.0,100.0,100.0,100.0,100.0,100.0,683488191.0,36533.0,9850.6621171723,8048.42963066608,1.1364878869630266,0.6999642550416829,5.716317635691237,10.011247290152522,14.629320493995191,19.434647115944102,22.83436349816905,26.18236720932608,29.51913912438028,32.890542069365466,36.35512306898072,39.97032203296691,44.94322097219673,50.467653068785786,56.279650923771406,62.204914086072336,68.01804407473662,73.5067612894573,79.78497978175018,86.7375462819079,93.31165942558326,65.81537796353679,28.7598184045543,5.028464365496865,0.3848093968436982,7.759560721322788,51.34491060748,162.5642801529539,Teak,3
475.0,-21.5027,-32.51136546582545,8.500221765514663,-0.921314106421655,-0.2429440166552487,4.317077911177333,-50.524865,-48.56652,-42.410095,-39.64046,-36.4897,-34.76233,-33.714555,-32.79234,-31.53019,-30.28395,-28.935055,-27.93906,-26.85046,-26.017010000000003,-25.464975000000003,-24.9718,-24.452175,-24.00008,-23.31509,100.0,100.0,100.0,100.0,100.0,100.0,100.0,100.0,100.0,100.0,100.0,100.0,100.0,100.0,100.0,100.0,100.0,100.0,100.0,365537099.0,36848.0,7687.425846477392,7338.100942650737,1.831644845420902,3.206188815012543,7.13344994840045,12.256309447813395,16.2802331590425,20.65783670291699,24.475857647488745,27.64795263640258,31.097251499498277,34.53597004116947,38.23768541753405,41.86905225726487,45.28859682174148,49.01205855441776,53.21669114630687,58.65823539842668,64.61152141495766,71.46348748584887,78.21649506497835,85.67105195524901,92.7532036905507,61.84647739221872,30.937960042060983,6.46267087276551,0.7150368033648791,8.14222141435374,51.86496175184016,107.44651047124997,Teak,3
476.0,-19.9797,-31.36908046352121,9.1215805260245,-0.6421124577145633,-1.0120822222869594,4.330497691588137,-47.947905,-46.37896,-43.93699,-41.58722,-39.292725,-36.59342,-33.83404,-31.698780000000003,-29.71555,-28.047850000000004,-26.43036,-25.4561,-24.482650000000003,-23.891050000000003,-23.349575,-22.8764,-22.482055,-22.09135,-21.598325,100.0,100.0,100.0,100.0,100.0,100.0,100.0,100.0,100.0,100.0,100.0,100.0,100.0,100.0,100.0,100.0,100.0,100.0,100.0,262018467.0,37415.0,7246.486724929477,7044.9461530591525,1.912963248319353,3.747988539727394,4.649508921827255,9.641106327059,14.025287385564315,18.639024782936385,23.127550395140663,27.78493929590085,33.363034293304224,37.545309735744695,41.42989585539404,44.94847647513333,47.692238043664304,50.96513941515428,54.42581266609731,59.316725183343664,64.90868065417695,71.48037203041876,78.44905489047076,85.66259072113417,93.57486165278571,58.957906963880745,31.86293489684164,8.053542784446043,1.0454118037502074,7.774434343206643,51.01804776812877,127.9097044000914,Teak,3
477.0,-21.3415,-35.81240900084997,9.556002139132088,-0.2921813788399089,-1.4431985648025356,4.371104023092848,-50.5335,-49.91788,-49.15059,-46.9652,-45.5091,-42.86976,-40.60174,-38.89388,-36.20223,-34.3302,-30.75943,-29.67366,-28.70597,-27.581840000000003,-26.6719,-25.98446,-25.45986,-24.8045,-24.169,100.0,100.0,100.0,100.0,100.0,100.0,100.0,100.0,100.0,100.0,100.0,100.0,100.0,100.0,100.0,100.0,100.0,100.0,100.0,178336649.0,38390.0,5226.901403909845,4827.446075812294,2.022041340970725,5.524733907764755,8.776580185713819,16.51934314410046,23.15374670968501,30.455296936750223,37.0755833816301,42.85876202597033,49.01846395016652,55.61349591131994,60.46811443675831,64.86467175908413,69.35939006008799,72.48431644580245,75.70798361249908,81.15357825300396,86.21895828041492,89.33947895365019,92.18108836395147,95.0127721644024,97.7161172294989,62.25856560860517,29.033676250769364,7.541252674462909,1.0580614906650254,5.5001612526755,51.663213309299806,125.36201646704642,Teak,3
478.0,-25.2174,-39.66610959151537,8.633273458700941,-0.0952709751098669,-1.525998783611144,4.361343169769304,-51.579635,-50.94947,-50.481725,-49.91534,-49.23635,-47.43741,-45.61606,-44.32586,-39.368685,-37.63215,-36.60463,-35.5105,-34.092385,-32.52187000000001,-31.609075,-30.86472,-29.837165,-28.61907,-27.4948,100.0,100.0,100.0,100.0,100.0,100.0,100.0,100.0,100.0,100.0,100.0,100.0,100.0,100.0,100.0,100.0,100.0,100.0,100.0,123196541.0,37344.0,5705.656771026306,5266.681114435969,2.057640727039609,5.270575412814013,8.43694791723089,15.267707881506189,21.04059967073264,27.08625967022889,34.27680165143598,41.28460960604406,47.14619300877936,50.49780496678068,53.88510623849415,57.17528627690936,60.75952083752092,64.51823513454002,69.61927770358423,74.65621620009607,78.56629026621779,82.52649398654789,85.72294249722482,89.16551967153039,94.03571972041,63.958873656909965,28.737495368655058,6.511670989255279,0.7271211559836976,9.2519881783048,52.30356043442015,113.65855680707492,Teak,3
479.0,-23.9749,-36.59076409382962,8.739307352350263,-0.5386677042819861,-1.0616538784072072,4.382774554797136,-51.609665,-50.59002,-49.86179,-47.88352,-44.606350000000006,-40.1955,-37.527835,-36.22953999999999,-35.315485,-34.7335,-34.16559,-32.5009,-31.14579,-30.025240000000004,-28.964550000000003,-28.10268,-27.327245,-26.63578,-25.96724,100.0,100.0,100.0,100.0,100.0,100.0,100.0,100.0,100.0,100.0,100.0,100.0,100.0,100.0,100.0,100.0,100.0,100.0,100.0,196775686.0,37788.0,5449.642350725601,5056.10322364041,2.260153666777469,6.687578324555616,8.225198615239487,14.12289727705485,20.294893038767,27.15556433125584,32.26940802025713,36.35736632624419,40.38065404076396,43.84450221151815,47.68727575418032,52.41864281951989,57.53227001835989,61.55511001496394,66.30199830684366,70.16420971847101,74.0797773155775,79.0223427298838,84.75203130533109,89.85691961963228,94.79222397425666,65.66965769358592,27.8027030021048,5.840810900631439,0.6563642406114989,8.630009011782107,52.5765337432148,114.80582404553886,Teak,3
480.0,-28.5617,-39.56815293212359,6.965845469938003,-0.5051996062489869,-0.9054891604365704,4.410873438488321,-52.21576,-50.706120000000006,-49.44829,-47.6189,-44.12835,-41.90478,-40.78226,-39.93104,-39.44895,-38.919,-38.255120000000005,-36.58896,-35.007380000000005,-34.17814,-33.5193,-32.79824,-32.1656,-31.35074,-30.57612,100.0,100.0,100.0,100.0,100.0,100.0,100.0,100.0,100.0,100.0,100.0,100.0,100.0,100.0,100.0,100.0,100.0,100.0,100.0,366282120.0,37785.0,8413.509130584587,7179.484953696326,1.519098361561025,2.2479076166087104,5.5635994462410565,9.634209827113592,13.609319504866903,17.023292046032715,20.18495470103755,23.00300162071793,26.02811079066595,29.82395618983531,34.44603711477917,39.34264686466268,44.94734086392205,49.94089146366195,54.02608350088178,59.26021914474012,65.44857635966505,71.71436487262878,78.17871890661766,85.52591292198484,92.59015946505934,63.23877340071207,31.034799586539563,5.303778568967497,0.4088664293097507,8.510017128603035,53.55945690364075,117.80369510624112,Teak,3
481.0,-23.3627,-35.138375608383015,8.710821679813233,-0.6794771888166862,-0.9163881287494964,4.362698305189037,-50.96571,-50.0676,-48.524,-45.13908,-41.30025,-39.36934,-36.2828,-34.63788,-32.92551,-32.075,-31.34226,-30.26074,-29.361490000000003,-28.80954,-28.2341,-27.42196,-26.54189,-25.785319999999995,-25.05018,100.0,100.0,100.0,100.0,100.0,100.0,100.0,100.0,100.0,100.0,100.0,100.0,100.0,100.0,100.0,100.0,100.0,100.0,100.0,265212006.0,39150.0,6786.560710355946,6202.6187278237785,1.90756696847722,4.281789969949661,6.566870882911688,11.72842077141862,16.765271177052217,21.68683193022566,25.257995296034974,29.132118174167427,32.81160167386992,36.385657819729325,39.83511402572024,43.81605220391116,48.004557908287154,52.463089095596985,57.65060160964206,63.98687546596212,70.57275981691417,75.34401176393199,80.84354936782161,87.15463846685734,93.6985213256145,61.971903068144016,30.97571585762174,6.471506435681568,0.5655211238772743,8.117167473247296,52.58291346503237,125.4689973213961,Teak,3
482.0,-21.421,-34.90977904245709,9.36363703672033,-0.4412576328486876,-1.1686842068621943,4.431046748893212,-50.5386,-49.6711,-48.779675,-46.6764,-43.625125,-38.950950000000006,-37.44235,-35.7072,-34.163325,-32.9379,-31.5265,-30.183,-29.187325,-28.122100000000003,-26.501100000000005,-25.3379,-24.539,-23.9373,-23.2386,100.0,100.0,100.0,100.0,100.0,100.0,100.0,100.0,100.0,100.0,100.0,100.0,100.0,100.0,100.0,100.0,100.0,100.0,100.0,338532605.0,41672.0,6371.059263023186,5725.306617138504,1.977388786737262,5.082552677870126,7.511480024206235,13.461291859908147,19.21328818534333,24.49595512373173,29.78539807118431,33.58876436731995,37.4845690269627,41.52004295125428,45.59221378395738,49.76398506725814,53.79245937034632,57.804423299197424,62.713806252133374,68.10744064076192,72.21495607491042,77.1686482015521,82.07735116090221,87.70641250345739,93.705835513244,55.19610057211683,35.28869316470942,8.594926227040048,0.8976964769647697,6.087030399103119,51.83614874849444,142.16401962846308,Teak,3
483.0,-22.8538,-34.00105364601462,8.776969984694436,-0.6109129864349945,-0.908357870484064,4.354021194149606,-50.882055,-48.45853,-45.457575,-42.91974,-40.56145,-38.22444,-37.098535000000005,-35.441460000000006,-32.93505999999999,-30.94525,-30.153135,-29.21166,-28.128715000000003,-27.23468,-26.276975,-25.31696,-24.7467,-24.3559,-23.9587,100.0,100.0,100.0,100.0,100.0,100.0,100.0,100.0,100.0,100.0,100.0,100.0,100.0,100.0,100.0,100.0,100.0,100.0,100.0,131945336.0,42416.0,5740.7473024712845,5285.671850701499,2.0503058551452567,5.394114309630526,6.179613654551609,11.398775019982518,17.445232016385937,23.28387340648403,29.211134829350843,33.485754282364326,37.778116689171945,42.09731596727299,45.79532996907144,49.86271814867332,53.93975502097324,57.81228220147168,61.35325768544028,64.9501298022387,68.75127969661618,72.99196691575366,79.26701706227797,87.03834669836303,94.56223674325253,54.25513400626522,34.20640445527323,9.989557953358858,1.501044204664114,4.9131738912209775,52.020885080925865,178.30756857366674,Teak,3
484.0,-28.0145,-38.43182273268837,7.443479550409809,-0.7741570244238276,-0.8716263101917785,4.208967843447598,-52.59016,-51.67978,-49.33230999999999,-46.23304,-45.00595,-41.73962,-40.019490000000005,-37.34872,-35.60959,-34.9858,-34.33632,-33.79066,-33.22481,-32.789120000000004,-32.3467,-31.9565,-31.62543,-31.2949,-30.86891,100.0,100.0,100.0,100.0,100.0,100.0,100.0,100.0,100.0,100.0,100.0,100.0,100.0,100.0,100.0,100.0,100.0,100.0,100.0,163769728.0,40349.0,7804.87670971739,6842.4519519126725,1.6098822233716283,2.79630628036482,6.837234900945796,12.283804367068376,16.715908571332548,20.439224274708447,24.35222399587792,28.17817649425417,31.734092518001862,35.363682108576256,38.48069650576693,42.43183758600368,46.87319502661688,51.21739226433838,56.22933256627256,62.09061909170418,67.46181504313178,73.68853296257537,80.85144221525482,87.63890234952335,93.83039275732324,58.18996330362675,33.36033932230853,7.677643806891293,0.7577562788924367,7.533503338441361,53.31101736167373,124.3623865974664,Teak,3
485.0,-24.1964,-36.00305147137637,7.457789410127771,-0.7376321615340129,-0.5479178411049026,4.378663678790535,-50.932355,-49.57482,-45.16506,-42.14994,-41.0876,-40.0758,-37.503335,-35.66552,-34.62998999999999,-33.636,-32.6714,-32.00706000000001,-31.42543,-30.8461,-30.199475,-29.71718,-29.064335,-28.11186,-26.689960000000006,100.0,100.0,100.0,100.0,100.0,100.0,100.0,100.0,100.0,100.0,100.0,100.0,100.0,100.0,100.0,100.0,100.0,100.0,100.0,271341533.0,43605.0,6610.025164433618,5969.648213562145,1.8081288297680336,4.000297109347667,5.896434218199835,10.773728104499211,15.873152010237964,21.609652732374,27.47120729210297,34.97542781259366,39.71050756907164,43.74014537612272,48.08198640198587,52.70362646620708,56.509901858629206,61.01738800156333,65.89669042667346,70.67450488679889,76.10466732345026,81.41984330869096,86.13586184758528,91.07647925022964,95.64745327800593,54.30450669914738,34.974421437271616,9.554202192448232,1.1327649208282582,5.9071390590492205,52.70646305968332,184.02222338942076,Teak,3
486.0,-22.6212,-34.18576649899052,8.678464116721447,-0.9821512663419504,-0.4221156436369355,4.224813202605628,-52.001875000000005,-49.3908,-47.665525,-45.1395,-37.626975,-34.7039,-33.525925,-32.6126,-31.95045,-31.30605,-30.3294,-29.6431,-28.9653,-28.2848,-27.631825000000003,-26.9386,-26.44975,-25.96715,-25.146,100.0,100.0,100.0,100.0,100.0,100.0,100.0,100.0,100.0,100.0,100.0,100.0,100.0,100.0,100.0,100.0,100.0,100.0,100.0,464293708.0,43769.0,7943.977483489032,7367.338449026628,1.649614021280472,2.920509055964644,5.448039369079711,9.362893412288068,14.113837614185371,19.470924426139327,23.54845782230588,26.702338167374,30.3822588093311,34.839048044993106,38.84438253037881,42.91938433936305,46.717000739540495,51.79830436125575,56.677731889487504,61.25325437319948,66.51833455386821,72.91776114269462,79.63621897714798,85.98121794922106,93.00124071463831,56.048318105601744,33.44796906546213,9.312869999657805,1.1360914348287308,8.656028542716363,53.38912673921227,149.8401618933243,Teak,3
487.0,-21.989600000000003,-36.63740079077286,9.481217862548135,-0.4475573127889357,-1.1795730372438828,4.463285467500841,-52.964935,-51.61963,-50.06997,-47.14472,-45.49475,-43.90729,-39.36626,-36.82038,-34.998085,-33.8965,-32.56503,-31.56006,-30.632085,-29.65122,-28.715525,-27.7494,-26.698365000000003,-25.75391,-24.705260000000003,100.0,100.0,100.0,100.0,100.0,100.0,100.0,100.0,100.0,100.0,100.0,100.0,100.0,100.0,100.0,100.0,100.0,100.0,100.0,363397513.0,45772.0,7938.256651666739,7335.400389502729,1.771574911241638,3.659325322787268,7.185241248472717,13.805308843706918,19.882124509751392,24.81592327243032,29.86028278074649,34.64714658077476,38.356124633136936,41.98852456098125,46.80965717010837,50.156649531060495,53.44684623639678,57.03617872585716,61.43687422538855,66.29525805257781,72.09728730311922,77.27102386636311,82.24113548074833,88.05695486419027,93.9685850299146,55.25579972912753,34.053475468565686,9.412818384376775,1.2211105771331208,7.400330812781479,53.73087172222465,190.52259786744645,Teak,3
488.0,-23.0879,-32.51745750276515,8.578325930399497,-1.1735899430599686,0.0728911585479052,4.097325121663189,-50.91215,-47.408,-45.7678,-39.0425,-36.99,-33.9966,-32.49425,-30.594200000000004,-29.26785,-28.3148,-27.7709,-27.3345,-26.9663,-26.6221,-26.3275,-26.0138,-25.6445,-25.2687,-24.65385,100.0,100.0,100.0,100.0,100.0,100.0,100.0,100.0,100.0,100.0,100.0,100.0,100.0,100.0,100.0,100.0,100.0,100.0,100.0,188124119.0,43385.0,7706.530621441154,7232.628756512487,1.743483332747125,3.4177789157611507,3.9288540136631815,7.988351031161507,11.927331338093868,15.11594161937311,17.988338858347024,21.013310898216087,23.97061218928552,26.785540986374,30.21161045277772,34.307026841146296,39.16324253988932,44.75653066048378,50.99351083206933,57.56678174795864,64.97562813835688,72.41778445218925,78.78307299873654,85.83109750004996,92.76471242903204,56.84322641432141,32.28052926959158,9.548973823276391,1.2576297570767276,9.056604855926487,54.34091676703126,133.144046997735,Teak,3
489.0,-23.7969,-34.16525678534146,8.637428911178134,-1.135512439477409,0.0066959121602492,4.217310416194441,-52.67578999999999,-50.38891,-47.441210000000005,-41.76617999999999,-37.0215,-34.74644,-33.337655000000005,-32.28324,-31.65212,-31.007,-30.363235,-29.732140000000005,-29.09247,-28.555280000000003,-27.91305,-27.3092,-26.79393,-26.15778,-25.44012,100.0,100.0,100.0,100.0,100.0,100.0,100.0,100.0,100.0,100.0,100.0,100.0,100.0,100.0,100.0,100.0,100.0,100.0,100.0,247213501.0,41853.0,6791.206554584913,6558.213317924814,1.9054158116345088,4.2009613977949165,6.552743654562781,11.56271841318246,16.893484308528926,21.379839202228684,25.26573619456164,28.255282869846177,31.69914292019189,35.47441569544375,40.32941752643194,44.76209897613966,49.48512338733474,54.29844707389181,59.306057479441634,64.2454082635236,69.13150507908547,75.05568557115333,81.26236924252773,87.58017589015091,94.22694232221563,56.046371078512166,33.37179275863964,9.252238887973188,1.2526784242624032,14.397498412240669,54.71447624031647,133.70002134127645,Teak,3
490.0,-23.4478,-33.155388911794105,9.58696167494785,-0.9010525716366496,-0.7522431558909628,4.080329553665518,-51.33519999999999,-49.2118,-46.719445,-44.65532,-42.4125,-37.21033,-32.250004999999994,-29.87834,-28.97118,-28.2475,-27.5307,-26.957200000000004,-26.46913,-26.0507,-25.725575,-25.36964,-25.099000000000004,-24.8103,-24.435095,100.0,100.0,100.0,100.0,100.0,100.0,100.0,100.0,100.0,100.0,100.0,100.0,100.0,100.0,100.0,100.0,100.0,100.0,100.0,1130630889.0,46360.0,14125.823200899553,9457.737342803604,0.6385906674434173,-0.2382929150940227,3.049196279299601,5.93900526275114,8.869437583533065,11.936356799818512,15.021193976949624,17.549270140274754,19.69260871661892,23.7761506089544,29.05236396738848,34.87687280052721,41.15773507758818,47.52236226937189,53.96345703411964,60.41116288659968,66.95692337483979,73.7486685630433,80.49186749222098,87.3072282567012,93.617008547871,71.69165417291354,23.666916541729137,4.201649175412294,0.4172913543228386,12.914533267452486,55.569878163418295,149.56661549990122,Rain Tree,4
492.0,-28.8726,-43.17909619300478,6.914325019791975,0.4232157172774516,-1.347130071647401,4.199900934253046,-51.463145,-50.23684,-49.65371,-49.2215,-48.8221,-48.394830000000006,-47.9369,-47.40588,-46.788495,-45.68225,-45.056055,-44.3937,-38.89046,-36.46889,-35.332350000000005,-34.73496,-34.106595,-33.445739999999994,-32.40439,100.0,100.0,100.0,100.0,100.0,100.0,100.0,100.0,100.0,100.0,100.0,100.0,100.0,100.0,100.0,100.0,100.0,100.0,100.0,541358045.0,48802.0,11878.65987185676,10135.177491287775,1.339110841357578,1.346159207316699,3.732188740263387,8.681004269549556,14.907691452151598,21.930223092925495,29.065008353205503,36.25136946103756,43.21107022617536,48.9041957435028,54.26017507507439,59.98252284216077,65.41342301470739,71.58661103854105,75.56241618243615,78.34388717729317,81.00227567505715,83.92468315493493,87.32505065108988,91.01440341576526,95.359876475097,67.42440865405713,26.899109141176982,5.130118049765217,0.5288102865669022,5.329367744369691,54.47112794356431,123.59755345800689,Teak,3
493.0,-17.298399999999997,-26.86580833787109,8.072757988181106,-0.9564564265564994,-0.1854706175055311,4.186330424408244,-44.3934,-40.2766,-36.7351,-33.961299999999994,-31.01165,-29.5027,-28.371450000000003,-27.4155,-26.2722,-24.2019,-22.1023,-21.3421,-20.99225,-20.6808,-20.3777,-20.0446,-19.6823,-19.3132,-18.53715,100.0,100.0,100.0,100.0,100.0,100.0,100.0,100.0,100.0,100.0,100.0,100.0,100.0,100.0,100.0,100.0,100.0,100.0,100.0,535504574.0,39135.0,11663.971030907624,8714.432158136295,0.9267968265899188,0.1683838486688529,4.085822990561421,7.867174818940015,12.493719801541788,17.990766218926822,23.35115068503598,28.845384614772684,34.43882964854003,39.45103931082389,44.41011609361156,49.15371348443421,52.77705545798008,56.565680053369626,61.51117487933912,66.77931811652462,72.53369342835903,78.36924078261934,83.88427658883077,89.34911637187996,94.74271661403212,68.74169588987388,27.986756986343146,3.0972969440874736,0.172072052449304,12.734217113738008,47.5297975452506,196.77370012644505,Narra,2
494.0,-22.6145,-32.05130737530414,7.548478201561746,-0.644538625373881,-0.9683569351459242,4.129250977218473,-44.86019,-42.3607,-41.28115,-40.32998,-39.668125,-37.79614,-36.27956,-32.77776,-29.35081,-28.199800000000003,-27.63993,-27.04118,-26.505275,-26.120120000000004,-25.65675,-25.23436,-24.877465,-24.44304,-24.00983,100.0,100.0,100.0,100.0,100.0,100.0,100.0,100.0,100.0,100.0,100.0,100.0,100.0,100.0,100.0,100.0,100.0,100.0,100.0,96943779.0,36596.0,7371.029425182482,6483.359684542367,1.58582243058442,2.708464714396613,5.151434214257318,9.336315432886106,13.549521315854626,18.261548273252277,23.640097628131457,29.34108128794938,36.22426664427843,40.39080836739405,44.614200566701655,48.29872992675476,52.525187820458285,56.74419500399298,61.01635980169496,65.43914488829654,69.73023508811225,75.16042984047486,81.202543177113,87.52323240875518,94.29241457566864,62.83454987834551,29.95742092457421,6.348844282238443,0.8135644768856448,6.354048326810044,49.6243867928832,109.98056723806872,Teak,3
495.0,-20.4089,-28.74132183699523,6.003258352918384,-1.1639237997618428,0.7366547531663681,3.898363934807905,-39.56688,-38.6463,-37.81961,-34.228080000000006,-29.193549999999995,-28.47314,-28.21853,-27.98514,-27.76703,-27.5209,-27.20208,-26.6856,-25.941179999999992,-25.17574,-24.26635,-23.71668,-23.23326,-22.63836,-21.871150000000004,100.0,100.0,100.0,100.0,100.0,100.0,100.0,100.0,100.0,100.0,100.0,100.0,100.0,100.0,100.0,100.0,100.0,100.0,100.0,143584830.0,36550.0,9647.573069945576,7928.995460192086,1.2821054160992866,1.2766768383212217,3.149540240427906,6.979262363579773,10.772098278070183,13.70943504268522,16.940900372274704,21.35121168440984,26.72625234852456,33.056770690887056,39.819915516144704,46.45488872327251,53.1501656546865,59.07888458690239,64.43357142951662,69.05904753308549,73.15539531578649,78.17574321744156,83.87243694198057,89.6023813936333,95.07197870415698,63.5422965799906,31.08916213129073,5.106497345965195,0.2553248672982597,5.486321934598102,48.78040309749379,108.84352498871586,Teak,3
496.0,-22.6749,-30.23601044057756,6.580618346327949,-1.604473385637282,1.5216147512062284,3.931850505678979,-47.048565,-42.99888,-37.01007,-32.6963,-30.4254,-29.97708,-29.52933,-29.00398,-28.602065,-28.30355,-27.890345,-26.93836,-26.5146,-26.20924,-25.9244,-25.6728,-25.363045,-24.90303,-24.24036,100.0,100.0,100.0,100.0,100.0,100.0,100.0,100.0,100.0,100.0,100.0,100.0,100.0,100.0,100.0,100.0,100.0,100.0,100.0,78812658.0,36139.0,7294.766567937801,6247.193544836045,1.6839136673008492,3.262695912596339,5.867329078027034,10.94994664435756,14.838096185006222,18.633749162475908,22.81494426948524,27.75313072171732,33.11359071280149,40.05663658748827,47.44141099771055,55.28152343244152,63.33559388391647,69.49251096188127,74.13458635032967,78.84895215689845,83.5927231384583,87.77450190805645,91.65085765791582,95.15274944793768,97.5320487224273,66.6790077748982,28.424657534246577,4.507589781562384,0.3702332469455757,5.999119387089546,48.75878409848204,101.89585396319586,Teak,3
500.0,-36.2283,-43.22231017508247,3.34517998281511,-0.6258231299970263,-1.2900159418308603,3.8250063451096943,-48.6736,-48.5099,-48.227,-47.6445,-47.0791,-46.5761,-43.1238,-42.188300000000005,-41.767700000000005,-41.5219,-41.3701,-41.2376,-40.9795,-40.7042,-40.5119,-40.356,-40.1672,-39.9863,-39.816,100.0,100.0,100.0,100.0,100.0,100.0,100.0,100.0,100.0,100.0,100.0,100.0,100.0,100.0,100.0,100.0,100.0,100.0,100.0,76464360.0,42776.0,19402.27353463588,10326.829315474648,0.2638914457191122,-0.6944199175195718,3.63097919082825,6.9597653076544415,10.62999938795015,14.91950236685431,19.202606286118133,22.988562253054887,26.60751361810914,32.11272807357572,37.2948756780283,42.78686044060265,47.97387698007281,52.95302543564087,58.74513171888184,65.43151214500455,71.63397169609476,77.56955004919939,83.60165180222523,88.80623469548428,94.30422487025328,83.78584115706673,15.376807916772393,0.8373509261608729,0.0,8.643206309120917,48.778518650088806,198.49841305201133,Tibig,5
501.0,-33.7416,-41.95170426011629,1.9632389523955835,-1.843597544465411,2.8848660726067,3.3729889492051472,-47.06908,-45.11126,-43.2356,-42.52174,-42.0764,-41.80916,-41.6384,-41.49806,-41.37163,-41.2409,-41.13987,-41.05094,-40.98032,-40.90208,-40.8243,-40.73356,-40.63708,-40.52552,-40.32079,100.0,100.0,100.0,100.0,100.0,100.0,100.0,100.0,100.0,100.0,100.0,100.0,100.0,100.0,100.0,100.0,100.0,100.0,100.0,164877533.0,43530.0,19565.388987777384,9373.539086165332,0.1388876481802145,-0.4498665463155045,4.1849528401180045,7.038028643963274,10.405061070388529,14.944287770244596,19.82769477755347,24.67037216040829,29.93792792860383,35.37649426134973,40.32186422876669,45.39065367990435,50.56589244333247,55.93434491769113,61.31438417385831,66.71124136725166,72.11776270330294,77.4757892574727,83.12838414436975,88.73709009219588,94.31245735584848,89.17764328942684,10.395158419366322,0.4271982912068351,0.0,6.356697037627137,48.31872489616708,209.13617225839528,Tibig,5
504.0,-27.351000000000003,-36.04012170794454,5.527478388228128,-0.5892616996489421,-0.9286947309192564,4.38190091957512,-46.169955,-45.12905,-43.73098,-42.03486,-41.045275,-39.4991,-36.50501,-35.40886,-34.76268,-34.30705,-33.882815,-33.528580000000005,-33.104845,-32.4936,-31.58265,-30.79694,-30.304005,-29.811210000000003,-29.1911,100.0,100.0,100.0,100.0,100.0,100.0,100.0,100.0,100.0,100.0,100.0,100.0,100.0,100.0,100.0,100.0,100.0,100.0,100.0,465386946.0,40734.0,10146.222769686929,8163.012907068699,1.3607290039419493,1.521565439311396,5.203458800926487,10.280097972494485,14.592480425955053,18.820910803974293,23.592159802436743,28.16491934864026,31.658966644070848,35.830445918867696,40.570917302867365,45.77962077174378,51.15580272421308,56.59708512752311,62.18170459813456,66.87204887779555,71.41473602914509,76.50201903170701,81.97934606442529,87.41762623483642,93.64638904160412,65.24810325281241,29.93372285689369,4.53257172756606,0.2812418243655707,5.190163870258513,47.70618534490277,212.2434553450153,Teak,3
505.0,-28.332200000000004,-34.73315414782161,4.810221852451657,-1.218494678266191,0.3626872974210493,4.119839314651888,-44.92655,-43.79028,-41.74822,-37.81966,-35.9207,-34.8133,-34.34567,-34.09224,-33.72383,-33.424,-33.06024,-32.5498,-31.84176,-31.357880000000005,-31.0434,-30.862260000000003,-30.67349,-30.40042,-29.82311,100.0,100.0,100.0,100.0,100.0,100.0,100.0,100.0,100.0,100.0,100.0,100.0,100.0,100.0,100.0,100.0,100.0,100.0,100.0,181560793.0,39435.0,10394.503520925173,8174.22115457749,1.2159013332128248,1.0522772205469106,3.753587372798047,6.613593607734463,9.553236529430668,12.102886662320318,15.747877351472022,19.766107763144657,24.87995632405065,30.909049840953276,37.27601145694489,42.232254956057616,47.91056238667122,52.9198635963217,58.063806209526746,63.667671356778,69.62039320901181,75.84893397111347,81.77147584941426,87.36707875031148,94.09582276940154,68.84410602851091,27.520467166657127,3.4865746836892426,0.1488521211427262,2.6264365139042547,47.87505488063205,237.2975054369511,Teak,3
506.0,-28.4519,-34.29278645895746,5.185307698519333,-1.3080396760751376,0.6598411490005249,4.08983962559931,-46.49696,-43.29419,-39.40505,-38.60542,-37.233675000000005,-34.95024,-33.493914999999994,-32.97144,-32.61484,-32.325900000000004,-32.05738,-31.734340000000003,-31.329855,-30.9255,-30.55615,-30.25026,-29.921865,-29.65042,-29.353720000000003,100.0,100.0,100.0,100.0,100.0,100.0,100.0,100.0,100.0,100.0,100.0,100.0,100.0,100.0,100.0,100.0,100.0,100.0,100.0,143207930.0,39858.0,10725.578939484722,8415.143591036536,1.2607433903731562,1.229690313728815,3.77250477679553,6.716405299622723,10.320118445954773,14.466819679608523,19.015377849536684,21.66678688812833,24.56027330330101,28.396535024282528,33.1167526826203,38.49194035553757,44.66214545521327,50.84415227564563,56.317594284059545,62.49079572618639,69.13163817115435,75.07279101094471,81.33221533193029,87.63725444533694,94.02734890449152,69.42031156381067,27.112043139604552,3.280407429598562,0.1872378669862193,6.990756696056807,48.07970546734571,226.1636205008974,Teak,3
507.0,-29.1094,-35.817085244412134,5.559696936072708,-0.8495172392879599,-0.60655106803243,4.296134094759388,-46.771725,-45.81015,-44.155225,-41.2615,-39.760450000000006,-36.8566,-36.0788,-35.3721,-34.67505,-34.109449999999995,-33.402475,-32.8278,-32.2113,-31.604850000000003,-31.142025,-30.8455,-30.59275,-30.227799999999995,-29.86645,100.0,100.0,100.0,100.0,100.0,100.0,100.0,100.0,100.0,100.0,100.0,100.0,100.0,100.0,100.0,100.0,100.0,100.0,100.0,118660563.0,40974.0,10781.443121933493,8361.730621506103,1.24600559139672,1.2031060528490096,5.418663823464246,10.663061661017064,15.828509089409934,19.898225158429423,24.05567214441752,27.1988074083215,30.96105485358265,35.333299404621904,40.12916574481448,44.94643599491434,49.11802162947769,54.32333992886921,59.71615354631344,64.05391233479989,69.52041597847467,75.22655863346948,81.38299158415421,88.43233366421833,95.04376529883815,71.1066690895875,25.84953661639106,2.8893330910412502,0.1362892967472287,5.102443152392987,48.07589682900237,230.2855992195408,Teak,3
509.0,-26.1963,-36.6504061275441,7.125006148367125,-0.1477466785827842,-1.5753488139402865,4.374482916853171,-46.85912,-46.44612000000001,-45.79596,-44.51682,-44.0529,-43.45524,-41.37178,-39.799800000000005,-37.79356,-35.305400000000006,-32.91498,-32.092240000000004,-31.529799999999994,-30.93746,-29.951200000000004,-29.312180000000005,-28.63856,-27.77824,-27.31516,100.0,100.0,100.0,100.0,100.0,100.0,100.0,100.0,100.0,100.0,100.0,100.0,100.0,100.0,100.0,100.0,100.0,100.0,100.0,125783315.0,38905.0,6826.77421981004,5795.710222623822,1.8680307455569205,4.27423222779422,6.145169571973835,12.616195558210563,19.691676912792445,25.063893410664207,30.717122537277696,37.37622593266842,43.67468531100488,49.96378891747288,56.70717614653422,61.06394953893527,64.99828613993836,68.59452702451037,72.17165965136155,76.49639938333634,80.73338979816202,83.9736176455518,86.92184969047763,90.91921054871229,95.990788603401,57.82903663500678,33.86160108548169,7.587516960651289,0.689280868385346,4.42338999770645,47.449461894165545,126.02575651179107,Teak,3
514.0,-30.2384,-40.47058581639136,2.504997260727728,-0.8621571409752024,0.1491125535535742,3.772713241041852,-45.235425,-43.98235,-43.35850000000001,-43.00232,-42.551425,-41.15112,-40.795115,-40.28642,-39.935635,-39.72005,-39.53389,-39.297,-39.02557,-38.74138,-38.572875,-38.41136,-38.23143,-38.068270000000005,-37.461975,100.0,100.0,100.0,100.0,100.0,100.0,100.0,100.0,100.0,100.0,100.0,100.0,100.0,100.0,100.0,100.0,100.0,100.0,100.0,179427974.0,35747.0,14249.362611181705,8783.631211998345,0.549770194561698,-0.4507389761063551,3.2205273632527334,7.877400432554625,11.71433056475352,15.52213480379598,19.06330614868337,22.46710872408335,27.82444614795684,33.03106905726974,37.89895883236134,43.34932912969301,49.35715319396071,55.62011974788279,61.82240401376878,68.15301052220542,74.42511500464248,80.83303665904403,86.67882857552635,92.0399101201466,97.80338376890997,78.1369123252859,20.19536213468869,1.6121346886912329,0.0555908513341804,12.47626310335016,47.27854449650572,199.54637134939372,Tibig,5
516.0,-26.0145,-37.281037789269554,5.8463908879740085,-0.159695430821123,-1.4313472092204318,4.347075380986787,-46.23800500000001,-45.53497,-44.73016,-43.73313999999999,-42.635925,-41.63845,-40.76637,-39.439600000000006,-38.22159,-37.13845,-35.346599999999995,-34.1693,-32.967755,-32.120940000000004,-31.61005,-31.02608,-30.4612,-29.99509,-29.60969,100.0,100.0,100.0,100.0,100.0,100.0,100.0,100.0,100.0,100.0,100.0,100.0,100.0,100.0,100.0,100.0,100.0,100.0,100.0,246817015.0,34821.0,7977.2790885585,6557.3533582167365,1.5316569199298935,2.36125670483272,4.379289247947512,9.151270628566673,14.926108720664985,20.768671073993826,26.38111801165734,33.4902360763094,40.207962972082775,45.88063995506955,49.3664567655516,53.03194635912764,56.71468071194362,60.407391686509136,63.77546215766364,67.35248256689272,71.70483647571866,76.42287627536537,81.68132979000657,88.09594184582453,94.76725500468432,70.99224305106658,25.542986425339365,3.274078862314157,0.1906916612798965,9.135166307776332,48.170893600517125,156.05301816257747,Teak,3
517.0,-27.647300000000005,-36.105084028790976,5.313962425417476,-0.4834546244035026,-1.0391762213255142,4.356798305179844,-45.5738,-44.888,-43.4208,-41.4957,-40.2448,-39.3619,-38.3314,-36.190000000000005,-35.3843,-34.8509,-34.177299999999995,-33.2769,-32.723,-32.1401,-31.6645,-31.0997,-30.4064,-29.7872,-29.4195,100.0,100.0,100.0,100.0,100.0,100.0,100.0,100.0,100.0,100.0,100.0,100.0,100.0,100.0,100.0,100.0,100.0,100.0,100.0,70303032.0,33386.0,6838.151152611614,5936.118521285268,1.6964172148375645,3.011135894464423,4.0468610230068025,8.037957737014812,11.89936729898079,16.626886021075165,22.97152845413552,31.16099317025189,36.91842479852078,40.56841246903832,44.4191823760887,48.930067482722514,53.12697324348685,56.90366953163556,60.13478053122944,64.04758759195478,69.61387525932025,76.0032526050939,82.03113202855889,88.13496123467334,94.59497280287997,65.18821126349576,29.277307654897385,5.2037739519502,0.3307071296566481,8.175607525191978,47.86073582336349,213.3959554655054,Teak,3
518.0,-24.4799,-33.75298504708821,6.401060139228198,-0.4003445904041638,-1.2586196565416432,4.407849586326962,-44.42632,-43.3253,-41.95709,-40.8932,-39.84645,-38.49392,-36.72543000000001,-34.84554,-33.130689999999994,-32.2331,-31.2659,-30.01496,-28.92597,-28.24002,-27.8185,-27.432440000000003,-26.98352,-26.59422,-25.99643,100.0,100.0,100.0,100.0,100.0,100.0,100.0,100.0,100.0,100.0,100.0,100.0,100.0,100.0,100.0,100.0,100.0,100.0,100.0,159585309.0,33108.0,6134.357447626369,5528.802121834561,1.7962589684070631,3.490477274244082,6.073508307710204,11.712245392212136,17.327313004732787,23.410888028546537,28.16147193097831,33.54122464994569,37.80238944174993,42.139693447596734,45.87406601443495,50.3477503684252,54.77780664634988,58.33197778875749,62.04097458620079,67.16533976194513,72.20657761172741,77.76691211595173,83.72675018600866,89.26110548183355,94.76836993811254,63.75936959446473,30.866807610993657,5.097059388814146,0.2767634057274649,7.814436994421125,47.07485751297329,212.73908256141644,Teak,3
519.0,-24.8377,-34.562854012940186,6.296190863853359,-0.6066143861687938,-1.0284640210424592,4.318704612983513,-45.8898,-44.52502,-43.716930000000005,-42.4351,-40.68375,-37.13358,-36.11555,-34.42744,-33.31393,-32.3883,-31.76384,-31.21728,-30.71385,-29.66046,-29.09945,-28.62222,-28.20392,-27.76778,-27.33056,100.0,100.0,100.0,100.0,100.0,100.0,100.0,100.0,100.0,100.0,100.0,100.0,100.0,100.0,100.0,100.0,100.0,100.0,100.0,109334373.0,33461.0,5400.028300488962,4686.647974367268,1.9833847262869932,4.756580554242869,5.637438465943368,10.374262630106273,15.307336147617548,20.143405404629704,24.721340835786386,28.028138049504346,31.30719558797854,34.60678555315811,38.29952177985234,42.34645037018688,46.38384216096433,50.81592135713807,55.86091850547311,60.1046443098,66.01474908535855,72.79091178398215,80.38259020335718,87.71747106465777,94.92589306749856,57.71719267051909,34.34582901170543,7.314663900824813,0.5926803970958661,7.735688177331406,47.5789032844372,216.2695701622572,Teak,3
520.0,-20.7212,-31.42665023411893,7.277146392036434,-0.7703638206378983,-0.3710476835705547,4.201005612705263,-46.62843,-43.86061,-40.747935,-38.39162,-36.1863,-34.1434,-31.934875,-30.55038,-29.82586,-29.29235000000001,-28.81475,-27.503960000000003,-27.144075,-26.95603,-26.79455,-26.51708,-24.252595,-22.887799999999995,-21.907955,100.0,100.0,100.0,100.0,100.0,100.0,100.0,100.0,100.0,100.0,100.0,100.0,100.0,100.0,100.0,100.0,100.0,100.0,100.0,117695291.0,31467.0,9184.898626502263,6473.304958739445,0.8742066756248948,0.2640761300384326,6.03613274553185,10.810227743096364,14.587234420449327,18.314907773158065,21.78071593365617,25.376665239733335,28.630650142153947,31.88905068427929,36.42987041851997,41.46380758767995,47.40977784744167,51.989883775384016,57.64817727499395,63.6126580459366,69.28638121978898,75.31272427883287,81.41036925597983,86.73309877792816,93.4575921138595,70.78195723427501,25.99500546277509,3.152801623224598,0.0702356797253004,5.864599427275845,48.52509553613237,224.6145014775292,Mahogany,1
521.0,-24.241300000000003,-34.78341632981167,6.822289033487177,-0.3867046507655821,-1.5576814675750863,4.01439103920205,-44.419520000000006,-43.98476,-43.55184,-43.18592,-42.644225,-41.9628,-41.182055,-34.20196,-32.094584999999995,-31.06885,-30.614515,-30.26702,-29.914345,-29.576600000000003,-29.286675,-28.98718,-28.168985000000003,-27.52819,-26.556835000000003,100.0,100.0,100.0,100.0,100.0,100.0,100.0,100.0,100.0,100.0,100.0,100.0,100.0,100.0,100.0,100.0,100.0,100.0,100.0,51712925.0,33461.0,5938.5536288470375,4899.086290608156,1.923994314969868,4.686937965633186,4.998995898994304,9.352690840829444,14.959416818909393,20.88621364968236,27.26199687989028,32.54800806568184,37.9659495184231,41.30562523779113,44.73957139341857,48.24320805678658,51.57371778912139,55.83606226103048,60.85846236700012,66.06077687541364,71.87927002775419,77.19398776998206,83.07421983962423,88.72641027364048,94.07514078927078,60.95544327055581,32.154340836012864,6.384933394579696,0.4937988056959118,4.626237183151571,48.03942054432705,240.81653583785973,Teak,3
522.0,-22.0196,-30.92303677759473,6.693160509218482,-0.9392916946885258,-0.3239400052129637,4.301345071816867,-44.64,-42.86781,-40.112335,-36.94445999999999,-34.707425,-33.11439000000001,-31.175555000000003,-29.9831,-29.186245,-28.5528,-27.896215,-27.33712,-26.818145,-26.2598,-25.734675,-25.30484,-24.792175,-24.31669,-23.72579,100.0,100.0,100.0,100.0,100.0,100.0,100.0,100.0,100.0,100.0,100.0,100.0,100.0,100.0,100.0,100.0,100.0,100.0,100.0,195041904.0,32665.0,6426.421878088962,5656.211960783063,1.795324859146505,3.503996169731364,4.44594152444287,9.263535491327032,14.629316785176586,18.77563192779332,22.79372949517556,26.32546542408651,29.877849223621197,34.10854879677549,38.36076323373053,42.602233312898754,47.513875274720455,53.20659297911694,58.40458827760418,63.582571978993805,69.14521250776961,75.28897841358234,81.57593201100005,88.06280623675617,94.39348582241075,60.30971993410215,32.21416803953871,6.873146622734762,0.5831960461285008,6.689493816439553,47.89816929818781,194.61966410786263,Teak,3
523.0,-21.5214,-31.66245869280249,8.16003450169799,-0.7135171127464831,-1.1280227032106391,4.186269408467416,-45.52264,-44.26928,-43.48212,-42.83976,-41.8331,-36.18274,-31.12131,-29.5462,-28.60933,-27.9935,-27.22188,-26.6012,-26.07867,-25.68416,-25.325,-24.90978,-24.32539,-23.68524,-23.0768,100.0,100.0,100.0,100.0,100.0,100.0,100.0,100.0,100.0,100.0,100.0,100.0,100.0,100.0,100.0,100.0,100.0,100.0,100.0,326881184.0,31056.0,9964.978325153188,7069.63509478674,0.7615541897114181,-0.1987294437721356,2.9718776960866613,6.358289194155635,10.923327113254706,15.42767967947644,20.073380852658683,25.62684978527244,28.77325909343255,32.23680473453008,36.36978413538786,41.33867980605454,46.14048234724945,50.93877443860458,56.48296018164203,62.21933532888819,68.27175099806296,74.86249407368764,81.39211524637649,87.23781788553482,93.4742930936031,72.65798859860378,24.48251684297168,2.7558455019357986,0.1036490564887357,7.821913334697687,48.04714962351004,208.2022985431912,Mahogany,1
524.0,-20.5995,-29.0858785883962,7.042280510592417,-1.0500119729549795,-0.2313185527528731,4.123545349052082,-43.68879,-41.37352,-39.73911,-35.49998,-34.398475000000005,-30.14495,-28.30466,-27.215959999999995,-26.61419,-26.06235,-25.643635,-25.23834,-24.70757,-24.32179,-23.967175,-23.57234,-23.11659,-22.66618,-22.14113,100.0,100.0,100.0,100.0,100.0,100.0,100.0,100.0,100.0,100.0,100.0,100.0,100.0,100.0,100.0,100.0,100.0,100.0,100.0,264641995.0,31153.0,9524.978224877628,7018.741840021939,0.9108489803857532,0.1337978409491897,3.723516745707725,6.9023334712995945,10.766321875709863,14.565717357141295,18.45309774059102,21.71530637078216,25.906227014348197,30.77282122211934,35.90503087010057,41.346940798265976,47.02882624505608,52.59351449493116,58.20341287859472,63.5850636630819,68.99226708142069,74.6400717694106,80.75387165971145,86.93285734941652,93.40337764609129,67.46688741721854,29.26144543622229,3.192484883386121,0.0791822631730492,6.840698654959573,48.58596230204434,193.14885848186444,Mahogany,1
526.0,-19.3561,-28.357957898305084,7.357148036669704,-1.2030886385407689,0.7544139175041109,4.165742363622068,-44.60643,-40.02372,-36.68411,-32.895419999999994,-31.38725,-30.411240000000003,-29.20065,-28.03442,-27.08646,-26.321900000000003,-25.01003,-24.585000000000004,-24.066049999999997,-23.49624,-23.035400000000003,-22.60786,-21.91995,-20.77688,-20.17861,100.0,100.0,100.0,100.0,100.0,100.0,100.0,100.0,100.0,100.0,100.0,100.0,100.0,100.0,100.0,100.0,100.0,100.0,100.0,489999609.0,44275.0,11455.28016364699,8412.316708379376,1.0071323685778988,0.707783418512685,4.629185326554006,9.246889623538456,13.89049414527186,17.802319511646793,22.82235678273776,27.668401874173743,32.166612198255855,36.60994247854594,41.2432269920444,46.0664355346455,50.06211586589245,54.809059857841646,60.70929313741554,66.27396512881707,71.90488370369292,77.6173331599536,82.62979062907783,87.90057993699338,93.78103136404748,71.61426066627703,25.694915254237287,2.5809468147282293,0.1075394506136762,2.2420531048011867,48.89610661835184,266.5064441222782,Narra,2
529.0,-30.758,-38.280673451058,2.9621619013635305,-0.4318069686660739,-0.3670673853931272,4.238134130170418,-43.33811,-42.6645,-42.068495,-41.47544,-40.0118,-39.47209,-38.881525,-38.41546,-38.180710000000005,-37.8001,-37.43833,-37.15258000000001,-36.89218,-36.5663,-36.22765,-35.79004,-35.441715,-34.9493,-33.79612,100.0,100.0,100.0,100.0,100.0,100.0,100.0,100.0,100.0,100.0,100.0,100.0,100.0,100.0,100.0,100.0,100.0,100.0,100.0,70182172.0,24812.0,5341.922058151926,4064.36918637674,1.2700180672572756,2.08518589008196,4.1201161457357,7.936542630798033,12.429300421195286,16.64332075673007,20.330475095584102,23.57603153119855,28.295000616395853,33.80945377410092,39.24059802537887,44.427358275546105,49.37986387768108,55.24806499291587,60.58791112933923,65.95979816640613,71.5383573480741,77.83814527712252,83.62014643832909,88.68138193272218,94.31932229170678,80.21007763738773,18.358958745623383,1.3852945653828588,0.0380575430050235,1.1716001639641311,48.86914405541178,98.23067893778058,Teak,3
532.0,-34.223,-39.96771479037144,2.6849759335702044,-1.2633516874245303,1.4576524601689078,4.092577259199372,-45.35218,-44.01976,-42.73806,-41.69874,-40.9483,-40.35136,-40.0017,-39.78014,-39.5886,-39.3858,-39.19398,-38.95226,-38.7111,-38.44296,-38.1679,-37.82168,-37.55008,-37.2684,-36.7382,100.0,100.0,100.0,100.0,100.0,100.0,100.0,100.0,100.0,100.0,100.0,100.0,100.0,100.0,100.0,100.0,100.0,100.0,100.0,300157177.0,25821.0,9569.812753068709,5558.584961267271,0.4964033197109172,-0.1631561771984269,2.6690256351924577,5.1438790017671305,9.035177926130348,12.882232697704245,17.19857759723,22.4606013668632,27.56965827940206,32.65875631552865,37.78426227669379,42.95415231733739,48.54179915211556,54.16962826779251,59.6664183711989,65.03851480452856,70.53436773227648,76.42978665141163,82.10702954472417,87.83964276156556,93.8349433503634,84.22126574206918,15.077315479037145,0.6982305117168819,0.0031882671767894,6.050279339844393,48.42630035389766,172.3898993981712,Mahogany,1
533.0,-38.5798,-42.11866262067673,1.5650667965684508,-1.5280306838420512,3.739047703904012,3.961566934495484,-44.95784,-43.88422,-43.35556,-42.99862,-42.73565000000001,-42.50468,-42.2968,-42.11292,-41.97126,-41.84,-41.70907,-41.5867,-41.46281,-41.331100000000006,-41.16715,-40.9764,-40.80699,-40.59772,-40.17506,100.0,100.0,100.0,100.0,100.0,100.0,100.0,100.0,100.0,100.0,100.0,100.0,100.0,100.0,100.0,100.0,100.0,100.0,100.0,302668832.0,24422.0,9456.332427281532,5340.225293772271,0.5391350004368963,0.0703220977226251,2.281150970972789,4.8682300396229765,8.698094820678463,13.083771704646482,17.62098946481546,22.10791628521565,26.877252428819627,31.85493906422449,36.71713346420817,41.75354434909241,47.2165478868997,53.05631139449469,58.79496637433748,64.52674915664922,70.33427148521193,76.12613511522719,81.69380089985611,87.63444859760122,93.48653778794112,87.3277720498641,12.212953416440154,0.4530259005842472,0.0062486331115068,11.93692249801373,47.64773135564096,188.7889800232963,Tibig,5
538.0,-23.8361,-32.60178922251268,4.804218853724084,-0.2798910598337123,-0.7216854002880018,4.339342614541868,-40.57098,-39.39088,-38.3815,-37.281000000000006,-36.1084,-35.30324,-34.47878,-33.6998,-32.918,-32.162800000000004,-31.53734,-30.86186,-30.15052,-29.34362,-28.6622,-28.13158,-27.401060000000005,-26.39776,-25.2234,100.0,100.0,100.0,100.0,100.0,100.0,100.0,100.0,100.0,100.0,100.0,100.0,100.0,100.0,100.0,100.0,100.0,100.0,100.0,984845155.0,22711.0,8020.368872818483,4415.780041910338,0.4639068782961843,-0.0604031178239283,3.94700687744156,8.793123320995573,13.652924250817886,18.225612736044784,22.65587903511593,27.190975824011645,32.41842023378792,38.1351594302152,43.35032363539423,48.49502447925431,53.50327382176136,58.72418969254106,64.03216879307286,69.48050569431902,74.98835651986326,80.30683930206267,85.45826455327385,90.1835351974697,94.96671200052764,87.95208195906933,11.232724992466997,0.7850610376813011,0.0301320107823735,8.32134293112189,47.24600722679631,213.28382366410267,Rain Tree,4
539.0,-22.336900000000004,-29.02891663621353,4.729884011843953,-1.6550454335346538,2.7572064131580163,3.9621872192013865,-40.41468,-34.88542,-32.28538,-31.49606,-30.8113,-30.14614,-29.62122,-29.11244,-28.20044,-27.5909,-27.13138,-26.79396,-26.48744,-26.13002,-25.7515,-25.402800000000003,-25.0503,-24.66848,-24.12554,100.0,100.0,100.0,100.0,100.0,100.0,100.0,100.0,100.0,100.0,100.0,100.0,100.0,100.0,100.0,100.0,100.0,100.0,100.0,320203491.0,21049.0,7049.058690148597,4305.872547921244,0.6081354796793096,0.0409312034716222,4.01155401519342,6.576473896095031,9.853792630886714,14.522617119124416,19.513519295140977,24.39896728046603,29.34655543777317,34.477310242691885,39.17037900127079,43.93577582825292,49.13665041834288,54.382479858722085,59.797061363081774,65.24956406549609,71.15186448732378,76.73965709511893,82.37083992316624,88.14652898334579,94.0677764190897,81.51898734177216,16.87616951018162,1.5454045129334066,0.0594386351128233,13.258523313801035,47.34093341331865,195.81543174454092,Mahogany,1
543.0,-24.292,-33.9832963802569,5.511948391108064,-0.5914488766064522,-0.446486598120777,4.3742874159418506,-44.456515,-42.2247,-40.621545,-39.16104,-37.758475,-36.32341,-35.369305,-34.42616,-33.702299999999994,-32.99305,-32.362665,-31.75786,-30.972895,-30.23641,-29.61115,-28.83064,-28.28201,-27.63354,-26.478085000000004,100.0,100.0,100.0,100.0,100.0,100.0,100.0,100.0,100.0,100.0,100.0,100.0,100.0,100.0,100.0,100.0,100.0,100.0,100.0,197276718.0,17101.0,2591.0415035855945,2286.1086685824166,2.110354779873258,5.862821056998371,5.677465700742244,11.0044115798804,16.70314385501892,21.76228874610536,27.051877961595043,31.67546461311263,36.246062751307534,40.70295918041378,45.78912043741523,50.86658477357678,56.24876271512181,61.3388920024511,65.71666860353993,70.28358815255635,74.77123529599676,79.31752646047163,85.347067665633,91.05444971970792,96.16705707766286,61.07068743597153,31.41007118652972,6.846778218497991,0.651448685281988,11.728611564520229,48.51865390869212,163.49433816403587,Teak,3
544.0,-27.3392,-35.34156712800923,4.747461664130748,-1.0010785156886666,0.873950141862561,4.228166588376407,-45.49272,-41.87402,-39.49398,-38.38828,-37.5457,-36.87804,-36.35546,-35.87994,-35.331019999999995,-34.8372,-34.258379999999995,-33.65032,-33.00908,-32.27762,-31.62,-30.957300000000004,-30.34978,-29.91804,-29.42612,100.0,100.0,100.0,100.0,100.0,100.0,100.0,100.0,100.0,100.0,100.0,100.0,100.0,100.0,100.0,100.0,100.0,100.0,100.0,182319410.0,19095.0,3239.2184418583997,2887.153743129397,2.0020099249608894,5.083594514608906,5.183428906445013,9.954142567705764,13.856810967082442,18.077279868336564,21.98971135327829,25.718481098638925,29.680452015504,33.7744560494135,38.11492259655733,42.53886023435464,46.97958928234794,52.0028004697909,57.08930716702078,62.21187585019061,67.31557874172586,72.87564609824044,79.18668396305144,85.72066188674043,92.9722452480512,65.75464155636493,28.330816380918534,5.454383938882473,0.4477214177844896,7.294969908044226,49.76936275561873,144.96517419126775,Teak,3
548.0,-23.7877,-33.24738259272625,4.954957151666191,-0.9418370679829056,0.600105566742263,4.14124250932952,-43.207955,-40.20183000000001,-38.444300000000005,-37.2642,-36.1101,-35.1325,-34.255500000000005,-33.41414,-32.727295,-32.1074,-31.4962,-31.065400000000004,-30.6315,-30.17317,-29.634400000000003,-29.11648,-28.4566,-27.71029,-26.9462,100.0,100.0,100.0,100.0,100.0,100.0,100.0,100.0,100.0,100.0,100.0,100.0,100.0,100.0,100.0,100.0,100.0,100.0,100.0,1025648245.0,16126.0,4112.627791812021,2916.571195541021,0.9447092404391476,0.6180376396097436,3.770765093055856,7.62017362005041,11.851245355565348,16.463010863924403,21.042762375125985,25.943142524462665,30.8254458135401,35.62799125152308,40.59227771603119,45.9376374207124,51.11284220059286,56.49888690639743,61.84557806170672,67.07769280100509,72.32680713064545,77.56056219839775,82.88453562361431,88.39700447203515,94.38257587034629,71.87577689562532,25.60968763783632,2.435141745859898,0.0781907855166606,12.28093160348457,50.21041933517783,178.30681350137152,Narra,2
552.0,-25.5688,-36.30997114835413,6.626455195266445,-0.4078549589690204,-1.0241463784720637,4.448740896314149,-47.91553,-46.45631,-45.071565,-43.86822,-41.0069,-39.42128,-38.74028500000001,-37.81164,-36.38298999999999,-35.13035,-34.185225,-33.11205999999999,-32.110730000000004,-31.20837000000001,-30.458325,-29.84876,-29.17727,-28.50328,-27.605245,100.0,100.0,100.0,100.0,100.0,100.0,100.0,100.0,100.0,100.0,100.0,100.0,100.0,100.0,100.0,100.0,100.0,100.0,100.0,135405766.0,13277.0,2035.258770479483,1705.8103372818464,2.14900966397955,6.380735773552463,5.44076756672238,10.562745902563709,16.328923540818785,22.30070911455868,27.592854502222604,32.38863993428463,38.33261797728761,45.04747530470748,50.68896844466727,55.69348206338569,60.16129549460988,64.87800526899275,69.93819967755287,73.98624590329484,78.22047253142824,82.83713412913303,87.28298320767226,91.88876491419131,95.91806526171123,58.63069292048699,33.29325116488802,7.279422816774388,0.7575529836164137,10.72257287594435,50.12620969337141,182.15749221999533,Teak,3
558.0,-41.0698,-49.0659854638009,2.653086363195181,-0.495904045870472,-0.5729531018155756,3.96671098978651,-54.168975,-53.27315,-52.174425,-51.4626,-51.226525,-50.477250000000005,-49.56505,-48.9241,-48.623675,-48.3383,-48.1964,-48.0028,-47.772325,-47.62635,-47.5235,-46.9433,-46.03985,-45.61335,-45.425675,100.0,100.0,100.0,100.0,100.0,100.0,100.0,100.0,100.0,100.0,100.0,100.0,100.0,100.0,100.0,100.0,100.0,100.0,100.0,16606722.0,13668.0,4696.471153846154,2910.185100489501,0.5317931652207316,-0.175607532311083,4.080185120218186,8.251676640338774,11.479580377150892,15.471608424588547,18.4987380411378,21.42314419426061,25.26988769969173,29.670894713598507,34.946174205842674,40.1679934185687,45.97956177022775,52.38559421901565,58.76817230998387,66.07875413341657,72.86145333197003,77.62287464076294,83.20961837019973,89.6745546773168,95.49269265782856,69.85294117647058,26.725113122171944,3.28054298642534,0.1414027149321267,30.872026972716345,54.52781733597285,204.0291008946525,Tibig,5
559.0,-30.5423,-43.57958247098977,6.3242822100089935,-0.3517453326181648,-0.8927321391169807,4.371077852128423,-54.7335,-53.0911,-51.408315,-50.02876,-48.7051,-47.57236,-46.29041,-44.59846,-42.878475,-41.8839,-41.128805,-40.4742,-39.897145,-39.37780000000001,-38.880125,-38.2269,-37.3898,-36.15912,-34.2676,100.0,100.0,100.0,100.0,100.0,100.0,100.0,100.0,100.0,100.0,100.0,100.0,100.0,100.0,100.0,100.0,100.0,100.0,100.0,318548789.0,16982.0,4348.788928327645,3021.693863156987,0.9473668434984664,0.9003640911818613,4.613497369158104,9.223441122546538,13.446061789925686,18.82937498782957,23.06011686015231,27.26613693075443,31.711784030671677,35.24784832881597,38.96988696447375,43.52356147239976,48.343000293119935,53.39513345316783,59.22487496883876,65.22594785315601,70.84990330947389,76.84944236281494,82.58232367664094,88.26526727119342,93.90129623126585,70.03412969283276,26.66348122866894,3.134470989761092,0.1679180887372013,26.615853914709195,57.6065405665529,188.5145030132756,Mahogany,1
581.0,-39.5348,-44.93030029376664,2.506615788809717,-1.7418216286833927,3.242015052759041,3.880154035808423,-51.464780000000005,-47.62798,-46.33198,-45.8566,-45.6244,-45.39506,-45.16962,-44.90684,-44.618,-44.4255,-44.17114,-43.86788,-43.66806,-43.52096,-43.3967,-43.24618,-43.06446,-42.75958,-42.01592,100.0,100.0,100.0,100.0,100.0,100.0,100.0,100.0,100.0,100.0,100.0,100.0,100.0,100.0,100.0,100.0,100.0,100.0,100.0,28130484.0,10208.0,2582.4367942715508,1625.360093940305,0.9677843369588238,1.4991492943009748,4.398719197295006,7.300393409512612,9.350848709179694,13.055509460839708,16.890345718900534,21.06460379423262,26.3396143486191,32.34247587066045,37.743172140230506,43.27285303729577,48.60818605182904,53.84278848526033,59.38828496516449,65.1562696183969,70.8856129172893,76.80359854455402,83.07807288349535,89.20133048546197,95.02866356654226,79.95042687964748,18.993849260993297,1.0373634444138438,0.0183604149453777,11.962950072312008,54.00930461764437,144.351190884532,Tibig,5
582.0,-29.2716,-37.01735917769422,4.801106895053867,-0.5505187828074816,-0.3825227277385754,4.065464082195875,-44.17169,-43.64082,-43.22033,-42.1471,-40.7123,-39.79608,-38.96045,-38.25356,-37.53443,-36.4121,-35.18065,-34.42776,-33.743399999999994,-33.03652,-32.529349999999994,-32.1998,-31.85823,-31.5435,-31.054980000000004,100.0,100.0,100.0,100.0,100.0,100.0,100.0,100.0,100.0,100.0,100.0,100.0,100.0,100.0,100.0,100.0,100.0,100.0,100.0,73267810.0,10682.0,3577.704477757703,2129.170478274162,0.5878242901390064,0.6441806224459339,3.720127570347742,8.7793425243637,14.847362027062088,19.6209426759173,23.151883480617204,26.932999635174028,31.72918775653319,36.70866919592656,41.46510316058307,46.72262348226322,51.40049634348291,56.39732237117501,61.84484018288523,67.1611257385747,72.53723702127851,78.09779765493195,83.51887274916501,88.95019791092432,94.57230944940214,80.34572000585966,17.281117242052837,2.2022559695297623,0.1660237316275208,15.76408377067007,53.04273448410567,172.33393171508524,Mahogany,1
584.0,-25.096300000000003,-29.854197505345688,3.08688372078782,-2.804862200387338,10.713129543760235,3.458657582498368,-35.5594,-32.543899999999994,-31.3641,-30.832,-30.4263,-30.181,-29.9392,-29.6654,-29.4274,-29.2052,-29.003599999999995,-28.7814,-28.5647,-28.2918,-28.0313,-27.8167,-27.6153,-27.3344,-27.0545,100.0,100.0,100.0,100.0,100.0,100.0,100.0,100.0,100.0,100.0,100.0,100.0,100.0,100.0,100.0,100.0,100.0,100.0,100.0,34588768.0,10812.0,3521.91915283576,1829.964904057511,0.2142991818293957,0.3830882423567816,1.5964026241119662,4.19953668196566,8.700969054462998,14.206259095438147,19.880728333544575,25.272802431124465,30.5408391533344,35.94694670824934,41.33752899207049,46.42968781079453,51.21683142920846,56.68041139828976,62.514264746289896,68.48815777422313,74.31790863438674,80.28642130300796,86.08370208502367,91.53605875757124,96.85166005334447,84.360044801955,14.020975460747378,1.5273393748090824,0.0916403624885449,12.846077544885311,51.21561041645454,174.2502022375999,Mahogany,1
591.0,-25.1658,-32.71152568970421,5.396904024827576,-0.94102617742617,-0.1977678288955924,4.253578469084544,-42.91027,-41.45724,-40.39805,-37.98477999999999,-36.144025,-33.84797,-32.986745,-32.21156,-31.4653,-30.7054,-30.172795,-29.77274,-29.400885,-29.07263,-28.7918,-28.4121,-27.8756,-27.20191,-26.59402,100.0,100.0,100.0,100.0,100.0,100.0,100.0,100.0,100.0,100.0,100.0,100.0,100.0,100.0,100.0,100.0,100.0,100.0,100.0,134105605.0,10720.0,3178.460490140311,2009.4258671845523,0.7241666403086384,0.3125848434142542,4.437150110168774,8.79237523293676,13.465400644514446,17.992858687748363,22.89166735424668,26.899560984046865,31.46655950733752,36.27399540832018,40.68246886474283,45.661517279609605,50.96619414229554,56.13547770803466,61.58173478282284,67.03332496803546,72.6270501520052,78.08506363324635,83.29061413950595,88.57147022303803,94.15137719262368,77.35352673492605,21.049014031095943,1.5524270003792189,0.0450322335987865,6.055894995432583,47.65738251327266,173.20635550714627,Mahogany,1
593.0,-23.795800000000003,-30.40616178014834,3.58790492403255,-0.7402544318220436,0.6448303246996443,4.049103864530641,-36.81042,-35.08504,-34.2417,-33.558040000000005,-32.4602,-31.57972,-30.9756,-30.54618,-30.24858,-29.9886,-29.74832,-29.47872,-29.084480000000003,-28.52916,-27.903,-27.25362,-26.51528,-25.86816,-25.234780000000004,100.0,100.0,100.0,100.0,100.0,100.0,100.0,100.0,100.0,100.0,100.0,100.0,100.0,100.0,100.0,100.0,100.0,100.0,100.0,118446350.0,10046.0,3290.450593104981,2199.8496831595226,0.6623049775387116,-0.1237502510724066,2.477617081488792,5.3225658705397,8.946216578222968,12.95259077210906,16.091909965988823,19.871012487932298,24.596687023281007,29.91035688309517,35.41485997668987,41.045986642897816,47.02414637513102,52.93816989717286,58.84408763967822,64.26438552137739,69.50355414075655,74.85837680941626,80.37651223528627,86.93822730713103,93.30114604629016,74.75622968580716,22.701891824318693,2.4752062671889323,0.0666722226852237,6.977534553380302,48.93485973553352,164.13621369051256,Mahogany,1
602.0,-34.202600000000004,-41.644151972517726,4.4198613195533,-1.2573348841971943,0.4469859489114194,3.987826402132504,-51.4288,-51.03832,-48.18234,-43.03298,-42.55975,-42.02986,-41.500805,-41.03618,-40.54703,-40.22225,-39.89384,-39.6425,-39.406105,-39.21094,-38.8798,-38.49602,-38.04628,-37.331,-36.822145,100.0,100.0,100.0,100.0,100.0,100.0,100.0,100.0,100.0,100.0,100.0,100.0,100.0,100.0,100.0,100.0,100.0,100.0,100.0,22215757.0,7396.0,2461.8525044326243,1574.7506921065572,0.6809340063926319,-0.0799801719104462,5.247568201254632,9.332407624012092,12.072894927685786,14.662574856215793,18.650420059960144,23.001493939639328,27.17775946144892,32.46507422637005,38.145443344559446,43.11229187463655,48.51636160766433,54.270948318349,60.10190874882184,66.24451284734523,72.91210468317601,79.60581311723926,85.37558274516597,90.2377488194528,95.29423642867538,76.6622340425532,21.575797872340424,1.739804964539007,0.0221631205673758,6.393493448097256,52.28130313608156,179.0263804436933,Tibig,5
603.0,-25.0926,-33.14566687197879,4.929704641117711,-0.6549820371571881,-0.7567199646739153,4.190058658576569,-41.93346999999999,-41.11437,-40.457265,-39.03268,-36.402675,-34.63495,-33.8253,-33.1423,-32.4879,-31.95495,-31.45637,-30.7907,-30.11801,-29.50409,-29.00015,-28.61186,-28.266045,-27.8833,-27.238145,100.0,100.0,100.0,100.0,100.0,100.0,100.0,100.0,100.0,100.0,100.0,100.0,100.0,100.0,100.0,100.0,100.0,100.0,100.0,172117653.0,9768.0,3354.8583541244348,2078.112534436128,0.6048751266266951,-0.0944332001028263,4.1883286660898165,9.82643715226584,15.698648296116376,21.62782047696177,25.920662536573165,29.601087460796364,33.67718475687093,38.395669385522005,43.25700339406789,48.12533436067712,53.12898206902693,57.35604180008195,61.96365226988077,67.10725773143096,72.44895966597917,77.6648261639961,82.96374747801146,88.41363471299483,94.070421701602,80.12045844378606,18.544363012630598,1.3098393887416186,0.0253391548417277,6.179802955076703,48.20751718384531,145.854325233694,Mahogany,1
609.0,-25.218399999999995,-31.413970949235885,4.572673318015155,-1.2053133069294526,1.371309808212816,4.100513512578863,-39.61171,-37.77238,-36.99889,-35.38307999999999,-33.95735,-32.82844,-31.966330000000003,-31.31342,-30.775740000000003,-30.215300000000003,-29.62958,-29.1017,-28.68265,-28.198,-27.83665,-27.5069,-27.15332,-26.79034,-26.36826,100.0,100.0,100.0,100.0,100.0,100.0,100.0,100.0,100.0,100.0,100.0,100.0,100.0,100.0,100.0,100.0,100.0,100.0,100.0,53635899.0,7407.0,2585.734898519983,1628.8352030979,0.57193675532706,-0.364306351224263,2.860336134199969,6.812362742349112,11.092311513227363,15.154711958869187,20.04195361766939,24.57427067643632,29.028304345192385,33.80436114252509,38.90414328657006,44.27204995669039,49.55680336410507,54.900259991913245,60.02542438973569,65.41195478050997,70.9012148747614,76.51978015694301,82.25377372718224,88.13397534364064,93.99429102512109,81.16955117388999,17.673432001157018,1.1377332112037797,0.0192836137492166,6.457494068298072,48.51384862845298,134.8968732278398,Mahogany,1
612.0,-28.1145,-33.83112717073741,4.14987588591363,-0.9653736113298106,0.5596600084345327,4.217124977060705,-41.43723,-39.18066,-38.232765,-37.45812,-36.41615,-35.74735,-35.118235,-34.49586,-33.78711,-32.51084999999999,-32.099055,-31.67142,-31.22374,-30.853740000000005,-30.438875000000003,-30.03616,-29.69029,-29.3854,-29.074265,100.0,100.0,100.0,100.0,100.0,100.0,100.0,100.0,100.0,100.0,100.0,100.0,100.0,100.0,100.0,100.0,100.0,100.0,100.0,45329781.0,8229.0,2648.695863036111,1643.05072659828,0.7525049219579844,0.2449798128625695,4.145104958702536,8.502132406066556,12.529868608895333,16.52874078522462,21.26028140308024,26.05369745774858,30.88294867341186,35.94119503908479,40.49487907298736,45.06119718513531,49.92616884692207,54.70446680516723,59.97389663100292,65.23746717417409,70.86411690363119,76.87025225204596,82.69220846224692,88.5244162110556,94.30936363888456,82.02641112539442,17.009465934322776,0.9524366016127148,0.0116863386700946,4.285098680916408,47.13554997078416,261.9297449467045,Mahogany,1
614.0,-28.620600000000003,-32.43984623294254,3.033943512820218,-1.9328669407285348,4.215851989506557,3.734698236135374,-38.611,-36.75234999999999,-35.768575,-34.0785,-33.15925,-32.4687,-32.161500000000004,-31.9351,-31.720625000000005,-31.5057,-31.2585,-31.033400000000004,-30.78705,-30.5874,-30.4172,-30.2557,-30.10255,-29.92815,-29.668099999999995,100.0,100.0,100.0,100.0,100.0,100.0,100.0,100.0,100.0,100.0,100.0,100.0,100.0,100.0,100.0,100.0,100.0,100.0,100.0,37963591.0,9285.0,3648.2405343071305,2467.9463552501243,0.5082144632136044,-0.7463754517281651,2.7548315964103605,5.526102628173399,8.239104672684942,11.71453195773814,15.37789457272364,19.78875233378212,24.6706298147612,29.53565957445912,34.61157033327011,39.80362658527219,45.71473757579993,52.101952104583575,58.49308617828066,65.01342562667477,70.77204313996535,76.67930043814876,82.33699493812374,88.16349854785865,94.00386544044264,73.63059773207765,24.21679800115318,1.9988468191428024,0.1537574476263694,5.358293827839131,48.81612591773976,142.92851466357425,Tibig,5
619.0,-30.0652,-36.163769281758285,4.779121945459374,-0.8293647364048133,-0.2323069811779969,4.102455077349618,-45.00355999999999,-43.40722,-41.81904,-40.43488,-39.5606,-38.7612,-37.92524,-36.80804,-35.4969,-34.330200000000005,-33.680519999999994,-33.125879999999995,-32.62535999999999,-32.3273,-32.0802,-31.83512,-31.598640000000003,-31.358200000000004,-31.0366,100.0,100.0,100.0,100.0,100.0,100.0,100.0,100.0,100.0,100.0,100.0,100.0,100.0,100.0,100.0,100.0,100.0,100.0,100.0,292257570.0,9400.0,2844.7158277932976,1831.9470081062884,0.703361745750947,0.1007683671535546,3.34174714447944,7.397542174869927,11.662262845749384,15.774216216195873,19.384956564170437,23.62652642325056,27.520797835963663,31.697931382923635,35.82208837225328,40.51934120987867,45.44158907500668,50.798349209568805,56.44617759601574,62.52190045924216,68.65476983196706,74.7724987927601,80.98611748534007,87.29285951429762,93.5897715155847,76.974215715857,21.74679034817057,1.2420062879001723,0.0360142889124658,10.09514913325372,50.34318271119461,135.3787733514661,Rain Tree,4
637.0,-28.376700000000003,-38.48488800853753,6.827373147455694,-0.5305419851366149,-0.8823956660737386,4.340017285702071,-50.498875,-48.728840000000005,-47.31199,-45.44048,-43.90225,-42.31663,-40.950165,-39.78986,-38.278855,-36.8869,-35.741445,-34.79978,-33.855599999999995,-33.1161,-32.27835,-31.642779999999995,-31.18493,-30.78441,-30.3068,100.0,100.0,100.0,100.0,100.0,100.0,100.0,100.0,100.0,100.0,100.0,100.0,100.0,100.0,100.0,100.0,100.0,100.0,100.0,148921316.0,6790.0,1756.1061767411145,1140.7716879207533,0.745905200778728,0.4332698681030202,3.0268232386557745,6.391189828056583,9.841869111605218,12.943644011311314,17.128977023007234,21.31234255276122,25.891892467563203,31.330249593013264,35.204243696046845,39.53085131211169,44.18942080796546,49.03544970016247,54.359263115832256,60.37386548477721,66.68478272109817,73.06284682576938,79.62803390751664,86.33917054560544,93.09227699814308,72.05018749557793,24.808377160916013,2.9763448975260016,0.1650904459800476,18.833430562801745,53.80503518667013,128.54774678123593,Rain Tree,4
640.0,-25.370000000000005,-33.06559518161891,4.523290972964351,-0.7345740957782201,-0.4605581837224801,4.218339559621281,-41.410775,-40.164170000000006,-38.786795,-37.77204,-36.908175,-35.12538,-33.811255,-32.73751999999999,-31.934285000000003,-31.41865,-31.0438,-30.76006,-30.48927,-30.214,-29.7019,-29.150520000000004,-28.671745000000005,-28.20911,-27.650745,100.0,100.0,100.0,100.0,100.0,100.0,100.0,100.0,100.0,100.0,100.0,100.0,100.0,100.0,100.0,100.0,100.0,100.0,100.0,53433780.0,6897.0,2091.505401596994,1148.8709157740327,0.4913870610300946,0.3968955451689679,3.544398318816299,8.062190247442723,11.914279693482287,16.234939770310092,20.381457198049624,24.500454581352844,29.23266330774278,34.37872259832638,39.1473015758945,44.42089629444146,49.95869092547823,55.81775049416306,61.714398644453006,67.02680214650732,72.47489322297618,77.84601987731357,83.3944632028653,89.16452663464946,94.58011954235693,82.65226240801628,16.396586816971976,0.923751369970252,0.0273994050414905,10.034280549471328,46.59700891654924,126.58031989640932,Mahogany,1
642.0,-26.8594,-33.81756508990952,4.319368745363592,-0.7277432533877095,0.0875892355946743,4.271684343807152,-42.41498,-40.1741,-37.772085,-36.97852,-36.344725,-35.602140000000006,-35.25503,-34.70058,-33.983195,-33.1147,-32.478235000000005,-32.0106,-31.570005,-30.924,-30.428575,-29.97536,-29.398260000000004,-28.7435,-27.85616,100.0,100.0,100.0,100.0,100.0,100.0,100.0,100.0,100.0,100.0,100.0,100.0,100.0,100.0,100.0,100.0,100.0,100.0,100.0,37499307.0,6829.0,2147.480643683427,1354.329009077101,0.7997186926638885,0.4677540309569821,4.180506589095099,8.647317135754003,12.479806626826464,17.375553100221293,22.359783875472687,27.33902522518616,32.65047538078504,38.06784482710574,43.00979482100829,47.63535763474243,52.91864993665083,58.01789883743719,63.69571043006208,68.73035280358648,73.95293731694828,79.44384145552344,84.8429092302959,89.98558826700452,94.99996626604327,80.12255182682397,18.68629023021418,1.1625243385637385,0.0286336043981216,10.091112078141355,47.55631777574162,153.52610699611216,Mahogany,1
644.0,-25.771600000000003,-33.662609680439395,4.7404731765933095,-0.8245549581676337,1.0805983449896237,4.107974862005253,-42.46536,-39.96781,-37.782505,-36.94804,-36.114975,-34.80895,-34.25875,-33.77834,-33.39452,-33.08485,-32.837445,-32.57636,-32.32487999999999,-32.04716,-31.4968,-29.43796,-28.113115,-27.22395,-26.646305,100.0,100.0,100.0,100.0,100.0,100.0,100.0,100.0,100.0,100.0,100.0,100.0,100.0,100.0,100.0,100.0,100.0,100.0,100.0,37840540.0,7086.0,2361.7862938459616,1476.814158607765,0.6479301535448535,-0.0687186358461615,2.969259952421398,5.886316632902173,10.058952647081677,14.232447528497213,18.98853451879915,23.284139179832,27.45608545755425,32.365056101207855,37.623199880339975,43.43330459871873,49.311719653049344,55.095447897942265,60.89366853644266,66.58390445802306,72.00789946443682,76.59772297118381,81.384198005631,87.50037393758123,94.19309819574455,78.77917862938459,20.047434777181376,1.1172138309823991,0.056172762451629,6.280734352737179,48.27667781175883,143.2007008122519,Mahogany,1
645.0,-25.306400000000004,-36.53726408829143,7.050447394647579,-0.4762389116179212,-0.9859922881167872,4.274404737076105,-48.853345,-46.95686,-45.41279,-43.88318,-42.3005,-40.89567,-39.67702,-38.2768,-36.448235,-34.810050000000004,-33.21503,-32.10646,-31.3421,-30.8419,-30.4368,-30.0189,-29.6291,-28.87731,-27.619055000000003,100.0,100.0,100.0,100.0,100.0,100.0,100.0,100.0,100.0,100.0,100.0,100.0,100.0,100.0,100.0,100.0,100.0,100.0,100.0,176547141.0,5459.0,1416.0248079051637,960.4839373169368,0.8458808948687487,0.3372066133542422,2.928628563857627,6.418077877568122,10.136161876447494,14.33439638651526,19.08835159216767,23.61821254301705,27.652128900801625,31.58405380237792,35.585814442613945,39.942478026308,44.74702935008163,49.742495122025225,55.295536618177245,61.33817256208074,67.62442162685602,73.89093431991628,80.19645925617114,86.89299137390167,93.33759474473732,75.04852500040103,22.889362999085645,1.9987487768491636,0.0633632236641588,19.92338160361641,51.63405191453183,145.8776952446728,Rain Tree,4
646.0,-27.1263,-38.58498736476473,6.3536836045577285,-0.3722881284298697,-0.6479424185325833,4.271819722923126,-49.607375,-47.38021,-45.51593,-44.38104,-43.117925,-41.84966,-41.081135,-40.30998,-39.607745,-38.45185,-37.01192,-36.21026,-35.49253,-34.27591,-32.956625,-31.52528,-30.877070000000003,-30.37548,-30.014995,100.0,100.0,100.0,100.0,100.0,100.0,100.0,100.0,100.0,100.0,100.0,100.0,100.0,100.0,100.0,100.0,100.0,100.0,100.0,152237241.0,4485.0,1410.1263523527232,855.2835686393493,0.4324161507899025,-0.4803030590969639,3.620708680604636,6.919854781130722,10.28432064136002,13.893821157728418,17.285712633218306,21.176565463374367,25.633539956231864,30.77676571923686,36.5891221058059,42.20751938088526,47.38210934865799,53.05119330164424,58.80760082876173,64.27477623559928,69.89102226307425,75.30610529128022,81.17500631793504,87.35940767607579,93.9686702546061,81.49221934049649,16.556131900703964,1.861800666913672,0.0889218228973694,15.84314639948848,54.06021592071137,157.37039411786893,Rain Tree,4
648.0,-48.9638,-51.22502247246194,1.402575553597674,-0.8114042131694527,0.4763891243997338,4.148313608433384,-53.6696,-53.28262,-52.89898,-52.45602,-52.0925,-51.8299,-51.5785,-51.37592,-51.19852,-51.0236,-50.7978,-50.57724,-50.40786,-50.2641,-50.1066,-49.9456,-49.7871,-49.6278,-49.4111,100.0,100.0,100.0,100.0,100.0,100.0,100.0,100.0,100.0,100.0,100.0,100.0,100.0,100.0,100.0,100.0,100.0,100.0,100.0,14697862.0,4439.0,1031.2118150564793,801.4548268169422,1.5382649423283228,2.518651842387269,4.248917291508112,8.854519113051952,14.248528119259795,20.326085521826236,25.37180577692184,30.24889606393093,34.92801878259573,39.08375245324796,43.34038515261607,47.54662957102197,52.268881011401525,57.84309990119652,63.49281956790722,68.98078781798333,74.50299914368497,79.83797915642424,85.35267238187431,90.68782248737944,95.40754294740282,83.7367571739283,15.70897354942819,0.5542692766435137,0.0,6.256363417035203,56.65312736967656,239.5870719441912,Tibig,5
650.0,-46.0483,-48.82855772151899,0.9187241130623316,-3.1939087939589386,11.903948096029056,3.0303230925098124,-49.56624,-49.23028,-49.16262,-49.0999,-49.0223,-48.9411,-48.86796,-48.79482,-48.7103,-48.595,-48.52526,-48.481840000000005,-48.446720000000006,-48.40834,-48.3728,-48.33534,-48.29828,-48.25404,-48.19992,100.0,100.0,100.0,100.0,100.0,100.0,100.0,100.0,100.0,100.0,100.0,100.0,100.0,100.0,100.0,100.0,100.0,100.0,100.0,1316969.0,3646.0,1111.3662447257384,639.6303310085486,0.4633199554414333,-0.1316027803296489,3.99379180527408,6.594536393795146,10.495843106405694,15.403020116646635,19.85316283071204,25.06300452022789,30.31719045778602,34.87948463479398,39.60450094117629,45.8258318912594,51.52201760254038,57.52906864170683,62.830712036502,67.70706068252176,73.06641234531716,78.67907293186096,84.7051828858538,89.4657353362152,94.84862589780018,96.62447257383964,3.375527426160337,0.0,0.0,4.885220278739299,57.19694067510549,57.514465352035366,Narra,2
656.0,-39.9889,-45.66910598974359,2.7676388081468484,-1.872510516336792,4.949318646222531,3.849898954937961,-49.966640000000005,-48.38758,-47.94939,-47.50158,-46.8719,-46.4546,-46.03759,-45.58008,-45.17927,-44.9102,-44.71061,-44.55066,-44.32263,-44.10414,-43.88495,-43.73274,-43.53424,-43.23408,-42.57686999999999,100.0,100.0,100.0,100.0,100.0,100.0,100.0,100.0,100.0,100.0,100.0,100.0,100.0,100.0,100.0,100.0,100.0,100.0,100.0,2012359.0,3528.0,412.7915897435897,376.9691987776697,2.4779854671089967,8.978130076724682,10.900043183149728,15.31699860710738,20.80801685981477,26.19512721139717,30.162212607193844,33.330633351206224,37.80284730507827,41.86688359283806,46.17327226404434,51.68178242550161,57.54972149601537,64.70495572609062,70.33526324080346,75.52628531986589,80.73112203140693,85.61116580093314,90.33785721136238,93.90541150957658,97.17898247777856,83.8974358974359,14.953846153846154,1.0666666666666669,0.082051282051282,14.49491353034042,57.20841132307692,122.08462739481416,Narra,2
658.0,-24.197,-34.834773390699226,7.341655175652884,-0.6890006264972135,-0.5081613402540182,4.319514459268218,-48.82002,-45.92012,-43.86032,-42.16264,-40.0909,-37.9992,-36.70558,-35.648019999999995,-34.26086,-33.0441,-32.03948,-31.106660000000005,-30.04174,-29.247760000000003,-28.6291,-27.90428,-27.3534,-26.6863,-25.9356,100.0,100.0,100.0,100.0,100.0,100.0,100.0,100.0,100.0,100.0,100.0,100.0,100.0,100.0,100.0,100.0,100.0,100.0,100.0,156000454.0,3377.0,713.2655763489139,467.5446846236788,0.977383599643634,1.2451516941035896,4.987258562721875,9.2204225251806,12.742217404059604,16.71018021524476,21.362671803506416,26.142228406591688,30.888528055181176,35.725438337506375,40.47275977799398,45.20501395463887,49.88691699576721,54.649790955095554,59.80494838816303,65.31992656893165,70.96621718806023,76.43730318887405,82.23214850387551,88.04285402912994,94.12330428217857,80.50641708540415,18.252687311682436,1.2011174461508918,0.0397781567625152,22.565054115645605,52.00437584368556,,Rain Tree,4
662.0,-37.661100000000005,-43.80707883633479,4.410579065855098,-0.824778878747893,-0.2893997094124527,4.27229141790192,-52.3473,-50.65894,-49.426955,-47.8262,-46.5536,-45.69941,-44.956900000000005,-44.02994,-43.1058,-42.3902,-41.92207,-41.4417,-41.004105,-40.598490000000005,-40.0931,-39.710800000000006,-39.4158,-39.1601,-38.82453,100.0,100.0,100.0,100.0,100.0,100.0,100.0,100.0,100.0,100.0,100.0,100.0,100.0,100.0,100.0,100.0,100.0,100.0,100.0,232138829.0,5997.0,2002.1633633478232,1097.2536332317277,0.3028272924557382,-0.4368027154200256,3.0585322716519774,6.540017482383355,10.606571552921894,14.47127830562116,18.150138510434203,22.584747767466336,27.230788262484083,31.95967831818433,36.96560431947384,42.30536029799651,47.522334576780345,52.78080600639198,57.95336289906072,63.51061846702088,69.33471478827869,75.27878026816445,81.28500596511581,87.54637036615705,93.63416535542186,86.47622990409162,12.622472917960396,0.8805975298419927,0.0206996481059821,5.285583487586695,56.75034501310978,274.6031428827601,Rain Tree,4
663.0,-35.6319,-43.815631932138814,3.3268805569313904,-1.48063469152898,2.099169162597308,3.8503083954687214,-51.68497,-48.0245,-46.945800000000006,-45.94002,-45.0824,-44.40258,-43.90323,-43.56352,-43.24591,-42.9139,-42.62159,-42.34568,-42.09127,-41.79742,-41.4226,-41.1047,-40.9035,-40.68442,-40.39851,100.0,100.0,100.0,100.0,100.0,100.0,100.0,100.0,100.0,100.0,100.0,100.0,100.0,100.0,100.0,100.0,100.0,100.0,100.0,95202363.0,6607.0,1710.9494994878062,982.2568250177276,0.6750915504703051,0.9533406326482932,4.17664632967146,7.454975671139591,10.663832997506583,13.873966552699956,17.307994760592234,21.788218639068862,26.89721892722348,32.23348458273036,37.50471403740262,43.16527836604224,49.19621795522029,54.87876913307288,60.52451555220326,66.21140170648916,71.46343205787865,76.65886087302266,82.39020705820086,88.2290799861764,94.358073864196,83.92789748935175,14.7961109214097,1.2328594791797711,0.0431321100587675,2.393672285803264,57.167434581169246,222.7998654052016,Rain Tree,4
673.0,-34.3965,-42.01094596283019,5.67526394538461,-1.0413073564695134,0.09256851212431,4.212199615147367,-54.7917,-50.5623,-48.4961,-47.1036,-45.7926,-44.4658,-42.878,-41.168800000000005,-40.3945,-39.8363,-39.2294,-38.6541,-38.151,-37.8004,-37.5106,-37.2595,-37.0007,-36.7239,-36.3844,100.0,100.0,100.0,100.0,100.0,100.0,100.0,100.0,100.0,100.0,100.0,100.0,100.0,100.0,100.0,100.0,100.0,100.0,100.0,481370022.0,9241.0,2692.211016716909,1866.8737827885404,0.6873053121979937,-0.1813708119212109,3.198991274118021,5.69368484687233,8.443287313807838,12.11478890141605,14.906113949904428,18.412873454757843,22.971700551805448,26.59728714888689,31.54906019469572,37.53745367217737,43.32579439273848,49.114355318121575,55.32059430987998,61.36822662380085,67.54043296032258,73.98536109920032,80.63948818150541,87.2095136410468,93.73371198424982,70.56224517759968,27.2711002734884,2.0956258633900258,0.0704694045335316,5.291260553457172,57.34913379399444,276.1738584792798,Rain Tree,4
674.0,-19.6804,-35.619085044471696,9.437852341117363,-0.4625588297983153,-0.7055233066840292,4.347066873364244,-52.78815,-50.201600000000006,-47.94395,-45.0698,-42.32795,-39.587500000000006,-37.88544999999999,-36.41420000000001,-35.259550000000004,-34.2511,-33.101600000000005,-31.6968,-30.5631,-29.567400000000003,-28.414,-27.0117,-25.79635,-23.6128,-22.20465,100.0,100.0,100.0,100.0,100.0,100.0,100.0,100.0,100.0,100.0,100.0,100.0,100.0,100.0,100.0,100.0,100.0,100.0,100.0,781692947.0,9186.0,2640.5780036550227,1767.3274222296477,0.6089187745387397,-0.1537405922429595,3.980243152942251,6.736652441614009,9.21708380208783,11.816340719778813,15.099440189780807,18.0843864003803,22.829552535287235,28.4121399396482,33.965209104029434,39.7365277750165,45.66284976343787,51.88990620379743,57.901894821624886,63.82479167999964,69.68127371373097,75.57754515597543,81.49132846148093,87.30478784785556,93.39893557975265,71.08613624924416,26.08240353206252,2.7037708888596126,0.1260003175343123,22.42837990640121,52.561982518384895,275.3380846334495,Rain Tree,4
691.0,-35.1259,-42.22345657034704,4.8219172640426375,-0.9865131120964222,0.0617624071138291,4.177232007404832,-52.12383,-50.1495,-48.289085,-46.43592,-45.177925,-43.84308,-42.811755000000005,-41.887620000000005,-41.202585,-40.57415,-40.0162,-39.586,-39.1827,-38.75591,-38.3914,-38.129940000000005,-37.8674,-37.5907,-37.070535,100.0,100.0,100.0,100.0,100.0,100.0,100.0,100.0,100.0,100.0,100.0,100.0,100.0,100.0,100.0,100.0,100.0,100.0,100.0,705149572.0,14711.0,4144.817854791686,2325.3757812942927,0.5708571840636487,0.3401792977841178,2.91170197292554,6.42119655147433,9.969471838522225,13.938016685061536,18.47420521443641,23.28713744152992,28.396069564656845,33.536304550150106,38.99388213767504,44.91308405700912,50.97954281960481,56.963672240589545,62.52633590196663,68.05114674309127,73.48876459362015,78.79551446427028,84.09763694786729,89.42979164142497,94.85564135037154,82.30273676290793,16.230132606037806,1.4212827988338192,0.0452600394996708,4.008750085159683,57.99443053818301,247.4866693513047,Rain Tree,4
692.0,-40.4268,-48.98614217567716,3.6340805527832,-0.3246196552721885,-0.5379456747116911,4.300346723445221,-55.47647,-54.85624,-54.32777,-52.12404,-50.947,-50.25596,-49.71419,-49.36128,-49.02238,-48.4093,-48.01271,-47.640440000000005,-47.34888,-47.00396,-46.56365,-46.22132,-45.53828,-44.46114,-43.12948,100.0,100.0,100.0,100.0,100.0,100.0,100.0,100.0,100.0,100.0,100.0,100.0,100.0,100.0,100.0,100.0,100.0,100.0,100.0,29930124.0,13738.0,3282.171729356289,2584.8898029902484,1.3224018616321562,1.7153422188736729,5.811693262613947,12.631364307077378,20.169956529414986,27.25295424770041,30.879380920707177,34.75168028037572,39.12401766193819,42.81484767654153,46.57667973577389,50.70036128149687,55.648296011068986,61.78744531763384,67.9854650785944,73.4155728856987,78.47559535670484,83.10158688283417,87.49772637092984,91.41695837945744,95.42683485040024,63.29641408049128,31.64820704024564,4.792192126329641,0.2631867529334357,25.76022530300581,56.233360225901954,324.0130087297514,Tibig,5
701.0,-40.8907,-47.29913687573094,3.702026599703231,-0.6809900786647123,0.2072366589208161,4.271512150293559,-54.03274,-52.93044,-51.09822,-50.17098,-49.346575,-48.59314,-48.08948,-47.70328,-47.3747,-47.06255,-46.6276,-46.14562,-45.681520000000006,-45.122060000000005,-44.4962,-43.78486,-43.129195,-42.65172,-42.19236,100.0,100.0,100.0,100.0,100.0,100.0,100.0,100.0,100.0,100.0,100.0,100.0,100.0,100.0,100.0,100.0,100.0,100.0,100.0,247843476.0,18478.0,5367.598128817083,3750.9479925199385,0.8615080616556252,0.473932680323998,3.0048945085001955,6.21913767865328,9.563349168004727,14.0040046888303,18.256179153975392,22.67594205303996,27.436356646321407,32.55038555059645,37.868711137669806,43.64365556267457,49.6087663812462,55.81231236443762,61.99553382635741,67.66741885108164,72.99815751454358,77.82962542052145,83.40401383008363,88.54876777147848,94.22082508235964,73.50673539221206,24.117468705332005,2.28483562177849,0.0909602806774375,5.913428069230342,58.615944836921216,309.7583773070252,Mahogany,1
704.0,-40.207,-45.79667932489451,2.8100654290232714,-0.4952579433535812,0.8626399512568539,4.1083045841864,-51.63242,-48.31276,-47.75470000000001,-47.4902,-47.2891,-47.08604,-46.83068,-46.5451,-46.30804,-46.1193,-45.83828,-45.53232,-44.92224,-44.45414,-43.995,-43.09136,-42.44632,-41.94636,-41.35432,100.0,100.0,100.0,100.0,100.0,100.0,100.0,100.0,100.0,100.0,100.0,100.0,100.0,100.0,100.0,100.0,100.0,100.0,100.0,34320272.0,16548.0,4993.4922159173575,3016.1866112235703,0.5086974303658757,0.0981705180784375,3.666282132029723,8.042613997931019,11.890884780866536,15.865474492742948,20.192208849626837,25.0852091148928,30.70697691440208,36.46648837748139,42.14781572826696,47.72795798354978,53.24388746103178,58.5600516219685,63.7398590547301,68.44642723111285,72.74795199758324,77.89358720700116,82.94702034995527,88.33226030376449,94.40164984706416,82.03113633056888,16.703040884620982,1.22217372326495,0.0436490615451767,3.4540302318214464,58.76223486105049,187.16700023539784,Mahogany,1
706.0,-31.9699,-40.73934534777519,4.608222168400285,-1.0229990238133198,1.8587928049869216,4.074864317547895,-51.902705,-45.30712,-44.0142,-43.19499999999999,-42.5086,-42.03391,-41.6026,-41.20740000000001,-40.8062,-40.4856,-40.1385,-39.7819,-39.3557,-38.9676,-38.32345000000001,-37.32692,-35.862185000000004,-34.69723,-33.807965,100.0,100.0,100.0,100.0,100.0,100.0,100.0,100.0,100.0,100.0,100.0,100.0,100.0,100.0,100.0,100.0,100.0,100.0,100.0,1330966205.0,21023.0,8560.699570346167,3996.3165341738822,0.1215073307941603,-0.2606413669966758,4.803085064056904,8.257936196058411,12.782722608648053,17.30468137618866,22.04283781946214,26.943726418658397,31.859820437739817,36.83535075182469,42.14375037418775,47.63347203094462,53.0228704792696,58.65608428427377,64.25395361559913,69.71470624229711,74.97872765296847,80.04986264846596,85.22651076628952,90.1707532837019,95.08659853613638,91.75360510439045,7.996835483746478,0.2457002457002457,0.003859166162831,12.936483052412388,56.260678931525526,317.48264229405464,Rain Tree,4
708.0,-35.4343,-41.160816537312144,5.367084008153711,-1.6608373439509845,1.772554906905225,3.8658412497290433,-53.6194,-50.3761,-47.49085,-44.1776,-41.7517,-40.6827,-40.232825,-39.7036,-39.19865,-38.81425,-38.5268,-38.3135,-38.1089,-37.9211,-37.7321,-37.5526,-37.3461,-37.1234,-36.856225,100.0,100.0,100.0,100.0,100.0,100.0,100.0,100.0,100.0,100.0,100.0,100.0,100.0,100.0,100.0,100.0,100.0,100.0,100.0,788250774.0,22048.0,8473.445853847312,5380.423207482661,0.3571630521408032,-0.809000442442056,3.475691607757305,5.271863519920882,7.162754527152549,9.265742503413009,11.892708652132576,16.29600772202984,21.49020382693592,26.749914488507688,32.06778354524013,37.812378729107344,43.64526421638503,49.7307562428096,55.98049980474868,62.14192553396719,68.36008105207392,74.80259638793581,81.3929869988304,87.75706181545722,93.87466329338486,77.16444864876486,21.364994732655383,1.4329327284845097,0.0376238900952421,7.395525905463026,58.091888192548325,297.97175739936586,Rain Tree,4
709.0,-36.4639,-40.59408563581701,3.973475266792162,-1.928050152066672,4.046455957306885,3.6629165276209568,-48.81036,-46.24248,-44.56439,-42.69134,-41.9969,-41.21318,-40.60016,-39.87575999999999,-39.3312,-39.0043,-38.60565999999999,-38.3046,-38.1035,-37.96752,-37.8571,-37.7489,-37.6478,-37.54444,-37.4018,100.0,100.0,100.0,100.0,100.0,100.0,100.0,100.0,100.0,100.0,100.0,100.0,100.0,100.0,100.0,100.0,100.0,100.0,100.0,510326051.0,21034.0,8293.2648248964,4971.926957298368,0.3291928507677291,-0.6924838676096345,1.856911082910796,4.017628917791618,6.954987293015931,10.596259566611856,14.632274964932174,19.106831369657044,24.259081376976383,28.98302246380912,34.2898920517777,39.43617410979476,44.83594587257314,50.58449877174701,56.60040800072736,62.53306888305414,68.65274138239124,74.95175236507767,81.18579547098214,87.4619865329979,93.81952931107568,82.37750873486634,16.50280328268465,1.0855610628097832,0.0341269196392297,4.176721849151816,58.43971852116682,294.7505360091187,Rain Tree,4
712.0,-40.85210000000001,-45.8864583518268,3.362300015178691,-1.5143041138815996,2.0111839493520964,4.033634656278691,-53.88478,-50.93243,-48.702315,-47.92408,-47.0548,-46.23479,-45.88307,-45.51128,-45.199295,-44.89645,-44.65201,-44.3914,-44.1179,-43.88887,-43.663325,-43.419900000000005,-43.18967,-42.86514999999999,-42.193915,100.0,100.0,100.0,100.0,100.0,100.0,100.0,100.0,100.0,100.0,100.0,100.0,100.0,100.0,100.0,100.0,100.0,100.0,100.0,207073242.0,18544.0,5604.147280108255,3867.6537147972313,0.8922178867157929,0.627671821335257,3.483706021273381,6.473448655427919,9.493563634841822,13.148878018725371,17.04259355730761,21.496125028070985,26.018070939363568,30.918588699161813,35.80261181210463,40.7301716945157,45.67983873068448,51.3216314061476,57.331150009232005,63.44676875247841,69.58488967879298,76.02687120724173,82.25497189057387,88.54365741760107,94.61622424398033,79.43166441136671,18.96346414073072,1.553450608930988,0.0514208389715832,4.013788584427729,58.73597619756428,340.88531555418024,Mahogany,1
714.0,-37.2056,-42.77057708562071,4.148196606846237,-1.614427485057511,2.3621625743358097,3.958273850661662,-52.239335,-49.2445,-46.788315,-45.10598,-43.72505,-42.91911,-42.423535,-42.04578,-41.7558,-41.475750000000005,-41.2101,-40.9684,-40.7188,-40.4363,-40.1375,-39.78752,-39.420895,-39.0234,-38.509565,100.0,100.0,100.0,100.0,100.0,100.0,100.0,100.0,100.0,100.0,100.0,100.0,100.0,100.0,100.0,100.0,100.0,100.0,100.0,697154748.0,22293.0,6486.729329884437,4669.101143487385,0.9101094739620188,0.3975763366566496,2.9346485925388834,5.688920876430723,8.840483719978911,12.094132219838228,16.254704758892355,20.201923949315194,25.250132987690705,30.62984561355953,35.786536018829494,41.16907785873675,46.67554311772399,52.18460220542025,57.6412258760088,63.44157165519297,69.33244453783739,75.63666123091511,81.83734653414425,88.0007355267987,94.18612307865972,73.87554199155144,24.099782272921825,1.9688482795838995,0.0539665407447382,3.390017651431444,59.59315072761784,311.6532769010106,Narra,2
716.0,-26.2715,-39.47357716664313,7.945690758482371,-0.7105299299210185,-0.735470323490711,4.15076899670218,-53.6946,-53.1026,-52.31731,-50.73826,-43.36785,-41.25384,-39.235,-38.30328,-37.830515,-37.48,-37.134485,-36.45672,-35.672965,-34.50827,-33.230999999999995,-32.3969,-31.579695,-30.65753,-29.45283,100.0,100.0,100.0,100.0,100.0,100.0,100.0,100.0,100.0,100.0,100.0,100.0,100.0,100.0,100.0,100.0,100.0,100.0,100.0,1597744596.0,25109.0,10255.495051157295,5781.68487059033,0.1211727058645741,-0.7620598651105772,4.124279322550748,9.902011272394878,14.749003225544316,18.547642892481424,21.88199464891196,26.19798277195988,30.77986564505958,35.63367965226402,40.88665044685278,46.55522164570037,52.18680889846051,57.78071203064798,63.40727614014725,69.06171523048606,74.36268988012901,79.18229641754331,84.42217187758837,89.67366496415926,94.8472634358389,82.14051889032955,16.725932962758513,1.087975146668036,0.0455730002439118,15.319928774331872,55.46158326829018,325.9944170223547,Rain Tree,4
717.0,-36.31309999999999,-41.92279864559819,6.104745832467979,-1.4234460270925546,0.6877418847620174,3.800653379350969,-55.76383,-52.793400000000005,-50.03629,-47.8527,-43.94555,-41.33808,-40.05459999999999,-39.38444,-39.00957,-38.7668,-38.58503,-38.4205,-38.2779,-38.1395,-37.9968,-37.8463,-37.6786,-37.49564,-37.2188,100.0,100.0,100.0,100.0,100.0,100.0,100.0,100.0,100.0,100.0,100.0,100.0,100.0,100.0,100.0,100.0,100.0,100.0,100.0,1645887160.0,25513.0,8349.035736931544,5348.260534309376,0.5191898566683415,-0.4003222841177911,2.779113119759681,5.193842268020367,7.547376334110292,10.150894366294224,12.905229116678935,16.529680746765166,20.289851219205087,25.19595681152285,30.84014623456933,36.687296047682885,42.78702143833481,49.0496124290805,55.37759453691832,61.790364595832926,68.2608285856,74.75125396810314,81.19081517107163,87.51010573531663,93.86420913569798,76.27767773353285,21.81347807340148,1.846957668602734,0.0618865244629315,4.572503302709297,59.30320538057677,281.7401820887092,Rain Tree,4
719.0,-31.1671,-40.81193356426767,7.603633727753424,-1.046741441223345,-0.4220352422145441,4.035346267391831,-55.73749,-54.69155,-53.62678,-51.28082,-44.651825,-40.44770000000002,-39.14931,-38.52162,-38.034575,-37.69545,-37.227765,-36.78768,-36.28918,-35.90141,-35.50735,-35.17084,-34.55502,-33.82207999999999,-33.29954,100.0,100.0,100.0,100.0,100.0,100.0,100.0,100.0,100.0,100.0,100.0,100.0,100.0,100.0,100.0,100.0,100.0,100.0,100.0,191926570.0,24644.0,7821.606080365148,5529.496009281078,0.7552129871312757,0.0970704231053978,2.616712214468273,5.305562955665804,7.471300612520716,9.373301466284737,11.08789679302871,12.619678453066712,17.446633366083706,23.39181281674549,29.097950325481246,35.05458519891227,41.412506876979045,47.57867396890384,53.90867246780891,60.58597097837991,67.50258236782953,73.82275679703962,80.16785013143308,86.7222459089432,93.31139977127712,68.03732985573396,29.085500040753114,2.730458880104328,0.142635911647241,16.00374626623667,57.714955004482846,317.8896964880895,Rain Tree,4
720.0,-29.6292,-40.96455453929898,6.927883927839377,-0.7745433785517546,-0.6456517900609109,4.1844215424860085,-54.0171,-52.76118,-51.1783,-49.51174,-45.44525,-41.7353,-40.92734000000001,-40.1941,-39.61280000000001,-39.0835,-38.49341999999999,-37.63878,-36.98203,-36.19896,-35.5504,-35.018600000000006,-34.573640000000005,-33.95318,-32.77375000000001,100.0,100.0,100.0,100.0,100.0,100.0,100.0,100.0,100.0,100.0,100.0,100.0,100.0,100.0,100.0,100.0,100.0,100.0,100.0,769572793.0,26800.0,8141.990425205514,4706.864657646024,0.3681594492088065,0.1555581884328134,2.2703710628709817,4.640896264117279,6.73818324551918,9.826965777362142,12.867772340803112,16.087188129063705,21.25139408352239,27.013729940944003,32.82413636470643,39.08095345049445,44.93036606090101,51.123249493566746,57.00482436363885,63.35187216006478,69.58978148282849,75.45412705357946,81.39076000312812,87.47381886719064,93.70410798813154,76.24181381521176,21.609411864281256,2.0651932415704777,0.0825230905955416,10.730900438942188,59.08228625144151,299.8982104571985,Rain Tree,4
721.0,-24.9061,-35.617284255762016,7.96054901045738,-0.8534620239038782,-0.6471413950732838,4.092847787157113,-50.8158,-48.29542000000001,-46.7587,-45.00958,-42.2325,-40.08692,-34.30984,-32.85556,-32.2534,-31.8098,-31.5058,-31.19614,-30.79166,-30.4395,-30.089600000000004,-29.677039999999995,-28.859540000000003,-27.94936,-26.67216,100.0,100.0,100.0,100.0,100.0,100.0,100.0,100.0,100.0,100.0,100.0,100.0,100.0,100.0,100.0,100.0,100.0,100.0,100.0,685567200.0,27540.0,8016.735853689909,5261.08166169909,0.8069301598379628,0.92407286322651,3.070691830064215,6.2905226504418525,12.480511903136556,17.810251423930435,20.274166558726847,23.52549859444851,26.00326284571374,31.17151170592759,36.71395539343189,42.35969996814317,48.03552926686108,53.81963022735044,59.84109931163568,65.77426953914947,71.47828075788924,77.31118656201755,83.30815330721774,88.71232944049832,94.51032050541508,73.51053007004455,23.545026135154416,2.7830723715752423,0.1520165581112527,17.098618289240754,55.18277949179696,297.7914622043855,Rain Tree,4
722.0,-28.3001,-38.51705985352146,7.156263815929329,-0.9221994288085942,-0.2636490795252277,4.241763417742102,-53.4014,-52.1739,-48.1166,-44.4379,-42.40575,-40.367,-39.13205000000001,-38.1927,-37.13765,-36.29559999999999,-35.638949999999994,-34.8976,-34.273900000000005,-33.5062,-32.8429,-32.3363,-31.68425,-31.0369,-30.478,100.0,100.0,100.0,100.0,100.0,100.0,100.0,100.0,100.0,100.0,100.0,100.0,100.0,100.0,100.0,100.0,100.0,100.0,100.0,885406534.0,28293.0,8669.322086340093,5668.32734358063,0.5967472775292698,0.1115396375753388,2.3437894575103733,4.54132903428517,6.8796981568243085,9.808703422105085,12.725177720452647,16.052118833810187,20.74971371286492,26.190304802968623,31.65639694725813,37.37371402773045,43.39447443020564,49.36825788096115,55.31935141558375,61.385275139611736,67.65022167771805,73.9211691880286,80.19063771670788,86.86838626831278,93.44271317518874,72.79572313988896,24.293309572999384,2.7680136295542,0.1409953882758418,14.61403250194746,58.22324724618382,304.4337979223101,Rain Tree,4
723.0,-37.1044,-42.60438200923421,3.2593932321952988,-0.7380643980929119,-0.0076313127713247,4.04789899152696,-49.12824,-47.44566,-46.38831,-45.42326,-44.55085,-43.68136,-43.26696,-42.9273,-42.38234,-41.9239,-41.46239,-41.19332,-40.95933,-40.63233999999999,-40.3098,-39.93386,-39.23654,-38.68172,-38.19539,100.0,100.0,100.0,100.0,100.0,100.0,100.0,100.0,100.0,100.0,100.0,100.0,100.0,100.0,100.0,100.0,100.0,100.0,100.0,182756512.0,27006.0,9698.907392665713,6564.611014488391,0.5840275961440903,-0.4383378663542761,4.732855155388389,9.254624535622566,13.82034857395396,18.01620945796996,21.584692971159352,26.44012433329872,31.038852393943696,36.178586074131246,40.7148534329655,45.07237257843923,50.56813461180524,55.67163976077635,60.66375353016149,66.25955851028718,72.64415836520233,78.47867057125713,84.02000033793597,89.34859459344464,94.6818584500015,79.9023510056785,18.43124767818288,1.597410178846256,0.0689911372923632,1.641604316369201,60.2684568805392,237.59042665605483,Mahogany,1
725.0,-31.489600000000003,-41.46186245159568,6.43985423373224,-0.8681733373730449,-0.2000575545197227,4.184947689051168,-54.453225,-51.55336,-49.32049,-47.60106,-46.25045,-43.90307000000001,-42.0961,-41.13034,-40.2035,-39.34485,-38.6897,-38.0596,-37.48779999999999,-37.05622,-36.5031,-36.0269,-35.391805000000005,-34.752469999999995,-33.936899999999994,100.0,100.0,100.0,100.0,100.0,100.0,100.0,100.0,100.0,100.0,100.0,100.0,100.0,100.0,100.0,100.0,100.0,100.0,100.0,792623731.0,30174.0,8819.866148128365,6363.525760060706,0.7811337420390341,0.1199063833241531,2.8121827707427043,5.762053319092461,8.365039855209684,11.222943184879233,14.303434853882768,17.173578165299723,21.260287373353957,26.910950007879592,33.05171013104577,39.22021052887199,44.9797254430173,50.9727107829932,57.08608792587362,63.18372960751033,69.64982556143023,76.24396032623959,82.1792943517105,88.06393950877053,93.85077179830236,68.43926647972583,28.07562202341212,3.281479503271465,0.1958427916499755,22.69732621953192,60.490767625851255,235.65738012430415,Rain Tree,4
726.0,-27.9564,-42.03124597434864,6.090229090362986,-0.452698843616818,1.0753067343703355,4.092264566530238,-54.7568,-48.12039,-46.58427,-45.726600000000005,-45.139525,-44.47717,-43.8407,-43.2778,-42.8318,-42.23140000000001,-41.470085,-40.7801,-40.092685,-39.27976,-38.632675,-37.90722,-36.672395,-33.5676,-31.219110000000004,100.0,100.0,100.0,100.0,100.0,100.0,100.0,100.0,100.0,100.0,100.0,100.0,100.0,100.0,100.0,100.0,100.0,100.0,100.0,2708054531.0,32119.0,11365.391363651624,7681.711242642836,0.5252505691346662,-0.5282014451820785,2.063193239294486,4.16714237871453,7.318360791162369,12.56717584908928,18.13162790406158,23.219403110313515,28.73325005433578,34.24627777556374,39.76559547352778,45.06084969970644,50.19269853838848,55.40156502852933,60.50911827077976,65.57103646447953,71.58553662079119,77.58470979622972,83.35168509943126,88.79097988887581,94.12893462151632,76.56333937684663,21.31933252753156,2.026255707762557,0.0864558152027934,23.87347201978873,59.09231809276794,,Rain Tree,4
727.0,-40.0405,-46.60830964556276,5.589967386111086,-1.1178645220926766,-0.1469062620756003,3.7457781499602207,-58.07635,-56.01129,-54.403605000000006,-52.33794,-51.564975,-48.325260000000014,-44.50873500000001,-44.00466,-43.781795,-43.62245,-43.44388,-43.27772,-43.120000000000005,-42.9784,-42.8417,-42.70464,-42.4998,-42.25362,-41.5991,100.0,100.0,100.0,100.0,100.0,100.0,100.0,100.0,100.0,100.0,100.0,100.0,100.0,100.0,100.0,100.0,100.0,100.0,100.0,147144366.0,30418.0,9952.946834415585,7251.860675304119,0.673034869522412,-0.4148161580198,1.9469613943628667,3.802772170019748,5.843219984379151,7.989187978831619,9.843514497863955,12.55494688801065,14.87836238323933,20.639096708602487,26.38758727602252,32.86848101272189,39.17708340936411,45.23460449719156,51.47880483578964,58.16684139982634,65.41972188048301,72.7602156374781,79.88351385468609,86.76261855652699,93.38435764506268,69.5413961038961,26.54897186147186,3.7134740259740258,0.1961580086580086,13.69192246755912,63.61398666125542,187.0411799412498,Rain Tree,4
728.0,-39.6176,-45.93227818025011,5.29390423945279,-0.730416257196313,-0.9345735755131436,3.865202080257781,-54.14225999999999,-53.39262,-52.84344,-52.23244,-51.7548,-50.36334,-48.89418,-43.88362,-43.54366,-43.3357,-42.8689,-42.48098,-42.27616,-42.03378,-41.6444,-41.458920000000006,-41.05168,-40.8488,-40.6248,100.0,100.0,100.0,100.0,100.0,100.0,100.0,100.0,100.0,100.0,100.0,100.0,100.0,100.0,100.0,100.0,100.0,100.0,100.0,61334662.0,31317.0,8816.251545206267,5774.368424968544,0.6462127509832178,-0.0023412204059067,2.074388214611829,4.292230386791729,6.72355543428282,9.155697311904971,11.54119672168406,13.909872039402453,16.87157744506687,20.58581491816161,26.332444776495223,33.03189638511418,39.635048449439566,46.01854820688504,52.45352130578301,59.306620129413936,65.43384717763668,72.51163461208932,79.49778055351476,86.32149468762051,93.2260375055136,67.28474917349432,29.524220209860573,2.975420439844761,0.2156101768003449,21.36198685407742,63.14433034353889,148.73073346827252,Rain Tree,4
729.0,-42.2947,-47.68769100889646,4.911619713721752,-0.9539163411774216,-0.5680804921595928,3.3919013400190363,-56.32735,-55.23715,-54.671925,-53.8908,-52.56235,-50.2451,-48.85610000000001,-45.0283,-44.758075000000005,-44.591,-44.463275,-44.3507,-44.259025,-44.1876,-44.10825,-44.0317,-43.9624,-43.8851,-43.750875,100.0,100.0,100.0,100.0,100.0,100.0,100.0,100.0,100.0,100.0,100.0,100.0,100.0,100.0,100.0,100.0,100.0,100.0,100.0,106336008.0,31878.0,10063.979557069846,6490.657279744718,0.6252401122750645,-0.1020319313412803,2.505322562043142,4.942593857764531,7.390089347721235,9.634595272750882,11.742474853861356,13.870373994103671,15.937577795848798,21.03844165374348,27.564438002976377,34.22281754267097,40.72498565114462,47.52335539998831,54.046506052775655,60.77163062205607,67.45947713214888,74.21315364782173,80.6161408654724,87.05091223661509,93.5382763287484,67.71720613287904,29.18796138557638,3.000189286390309,0.0946431951542684,4.328206986187755,64.02706132879047,166.1380516367725,Rain Tree,4
730.0,-39.3335,-46.81356718319231,7.216913589705707,-1.1099509319428418,-0.3887549524476132,3.692700891313827,-61.77206,-58.90015999999999,-57.58825,-56.41224,-51.12995,-48.08283999999999,-43.75554999999999,-43.1798,-42.93489,-42.74369999999999,-42.57092,-42.44144,-42.33106,-42.21468,-42.1043,-41.99766,-41.87604,-41.34284,-40.678340000000006,100.0,100.0,100.0,100.0,100.0,100.0,100.0,100.0,100.0,100.0,100.0,100.0,100.0,100.0,100.0,100.0,100.0,100.0,100.0,103925949.0,34794.0,9879.831637988402,6426.497242927246,0.6401794404926417,0.269012487246234,2.93336267730401,5.514486088551378,8.23318726682977,11.00580087077194,13.294231260760489,15.684227237607423,18.094851363830223,23.22571333940862,29.180908417781204,35.954912473303466,42.38702212861198,48.75036455043581,55.33492121395014,61.92503471871112,68.25705772482289,74.46056711014494,80.64134300087075,86.8945060102362,93.24008963343698,68.2099058845898,28.5293278828786,3.137180340336534,0.1235858921950755,10.339023400380384,64.00113755109803,178.9147138928169,Rain Tree,4
732.0,-41.401,-50.22668061209964,2.397743485922736,0.6832039101770261,3.638125825190068,3.725286526945649,-54.028195,-52.91409,-52.18132,-51.70512,-51.159875,-50.8587,-50.66084000000001,-50.4482,-50.2608,-50.08295,-49.879920000000006,-49.68736,-49.5415,-49.415470000000006,-49.2834,-49.12084,-48.929345,-48.58521,-47.7834,100.0,100.0,100.0,100.0,100.0,100.0,100.0,100.0,100.0,100.0,100.0,100.0,100.0,100.0,100.0,100.0,100.0,100.0,100.0,124163037.0,26284.0,8837.226832740214,5757.945913357889,0.6359866273855855,-0.0199041048672956,2.3995603458056523,5.316666827342504,9.636679553835334,13.17584556183174,16.696913591119714,21.01402932017521,26.57011925376793,32.21367241524545,37.92483909684007,43.48288049687445,49.40586625631588,54.98485430893576,61.02817056576991,67.06696454275679,72.956396032742,78.43827386406471,83.78833871468527,89.76816103491412,95.7007728475585,70.39145907473309,27.22419928825623,2.3701067615658364,0.0142348754448398,4.945351973941755,59.89227612811388,222.0898944140164,Mahogany,1
740.0,-33.702,-43.597442562479856,7.584033323450607,-0.8158583412901691,-0.5585432624494686,4.181913877744243,-58.01658,-55.78774,-54.10524,-52.39056,-50.17880000000001,-44.80432,-42.72854,-42.2647,-41.99096,-41.6264,-40.8786,-39.9738,-39.17902,-38.43816,-37.77029999999999,-37.15536,-36.35356,-35.3004,-34.72576000000001,100.0,100.0,100.0,100.0,100.0,100.0,100.0,100.0,100.0,100.0,100.0,100.0,100.0,100.0,100.0,100.0,100.0,100.0,100.0,1129757248.0,39188.0,11033.539870889612,6898.971879755051,0.5656936263514692,0.1467626828511439,2.597602188607512,5.218865654934041,7.79468431434219,10.479100905046815,13.13310751160589,15.48789045697718,20.487078388719485,26.88325040956055,33.40320371195353,39.84996217523714,46.07111518172796,51.99593541355178,57.72505935717616,63.619614326209664,69.78027690422925,75.80699752235624,81.6787332529687,87.79766040500763,93.90360282070084,71.88186692449679,25.36892170363209,2.618343050794488,0.1298916918148701,13.16261514565772,63.43297666344379,159.5865632928123,Rain Tree,4
743.0,-34.415400000000005,-40.92899466427161,6.707206476454705,-1.228940391448366,0.2298583738345323,3.915051726530836,-55.8124,-52.0723,-49.8402,-47.7347,-44.8957,-42.3222,-38.993675,-38.2572,-37.9573,-37.66955,-37.362225,-37.0774,-36.8547,-36.60655,-36.3301,-35.9698,-35.601924999999994,-35.290350000000004,-35.009750000000004,100.0,100.0,100.0,100.0,100.0,100.0,100.0,100.0,100.0,100.0,100.0,100.0,100.0,100.0,100.0,100.0,100.0,100.0,100.0,436108681.0,36880.0,11033.463568284167,5945.550466779173,0.2923474533643047,0.7308661970249388,2.555424940050666,5.2893131930111705,8.999874506052311,12.669470113116136,16.501130597764917,20.874624139848297,25.12212385884609,30.23605737396454,35.33923966993907,40.998454694828695,46.90636346218479,52.64755140244503,58.34763857865054,64.17917211787857,70.18896833195576,76.4071612231906,82.43118095601496,88.36881052592484,94.10944310003312,79.57040935080705,18.248747659768256,2.0467540353185245,0.1340889541061579,3.829733862982498,61.21790552041694,163.4083311018827,Rain Tree,4
744.0,-35.5433,-44.602054044042816,6.223253939612656,-0.9400983928521396,-0.1982557850759039,4.101148990129103,-56.65826,-54.645,-52.84757,-51.27142,-49.66135,-45.99578,-43.7847,-43.25214,-42.81486999999999,-42.4877,-42.17059999999999,-41.7634,-41.144000000000005,-40.4434,-39.8564,-39.3799,-38.87241,-38.4349,-37.74807,100.0,100.0,100.0,100.0,100.0,100.0,100.0,100.0,100.0,100.0,100.0,100.0,100.0,100.0,100.0,100.0,100.0,100.0,100.0,1950265052.0,42182.0,15877.11199576668,10528.979387390022,0.4020776349105958,-0.8175471646190577,2.499146767256946,6.105268967307527,9.113029934969065,12.561613804686072,15.65634243852512,17.85784591908895,22.28738024886681,28.26592546662729,34.47267058959738,40.96382408025635,47.388384878877474,53.62614640135591,59.74985035008462,65.73730958698428,71.3764193524604,76.99991800909326,82.84923756096717,88.75266375844384,94.50420649797913,76.4749460658607,21.535393006879147,1.9033663043920708,0.086294622868075,16.182638802007713,63.667589337729474,323.79331714555576,Rain Tree,4
745.0,-35.879999999999995,-41.482585820707946,5.393080039608632,-1.985892175281072,3.987303771991424,3.847147163558739,-55.3708,-47.9817,-44.3613,-43.3278,-42.8031,-42.3983,-41.9547,-41.3372,-40.7325,-40.1564,-39.5026,-39.0585,-38.5861,-38.113,-37.7309,-37.386,-37.0928,-36.8324,-36.6016,100.0,100.0,100.0,100.0,100.0,100.0,100.0,100.0,100.0,100.0,100.0,100.0,100.0,100.0,100.0,100.0,100.0,100.0,100.0,649694027.0,38794.0,14846.41637531135,8473.900439043866,0.3199998757790703,-0.4948687216102705,3.1026217207319347,5.036760327180905,7.469792699818063,12.101826203182872,17.613437594370865,22.62260647195391,27.768016251132934,33.4078109048092,39.27262071011775,44.92525694714444,50.276520550496,55.689170742522464,61.105754786321896,66.51773035309128,72.11606918467176,77.99036099188272,83.93515183109417,89.34792792854167,94.66263940271688,85.03233472726858,14.033043120586823,0.9186261739905396,0.0159959781540641,19.027745361709574,62.50737638536597,328.71542663630754,Rain Tree,4
746.0,-44.2533,-49.56063630213067,4.407715674917209,-0.7500709240990819,-0.7924530541739045,4.152694985559655,-57.76129,-56.52366,-55.25939,-54.09868,-53.485800000000005,-51.71526,-50.81886,-49.2447,-48.32631,-47.5084,-46.99654,-46.65494,-46.401500000000006,-46.159560000000006,-45.93235,-45.74054,-45.507760000000005,-45.182,-44.8924,100.0,100.0,100.0,100.0,100.0,100.0,100.0,100.0,100.0,100.0,100.0,100.0,100.0,100.0,100.0,100.0,100.0,100.0,100.0,122880305.0,36727.0,12408.391901444009,8116.004852979338,0.6749368459061764,-0.0055711276667618,3.6683046969976183,8.021593045362314,12.33635040212506,16.370215715203507,21.590577920521923,27.40186802107954,32.00750112070441,35.25069131298136,38.99461593947053,43.4253381776681,48.3188652567228,53.4246899859176,59.05282787180583,64.81606063721928,70.05676703032272,75.60887157628719,81.39804421872162,87.8284750351165,94.2043535780612,78.9053822074119,19.367868322730487,1.6560638190447337,0.0706856508128849,1.323719944212584,61.581187024134096,292.3589393570872,Mahogany,1
749.0,-40.604,-46.34819319967488,3.582687585921581,-1.2831158298415424,1.6444703300651016,4.090425319373112,-54.48613999999999,-51.43283,-49.361255,-48.71316,-47.83765,-47.12629,-46.598765,-46.1733,-45.83237,-45.52835,-45.237545,-44.98518,-44.672845,-44.3479,-43.986225,-43.6227,-43.217925,-42.58594,-41.8692,100.0,100.0,100.0,100.0,100.0,100.0,100.0,100.0,100.0,100.0,100.0,100.0,100.0,100.0,100.0,100.0,100.0,100.0,100.0,356701652.0,36880.0,12080.1155513411,8280.183515061985,0.773095517067978,0.0761968732352786,3.8555529313892833,6.683561420679935,9.583683116780184,14.06826901939888,18.951645617834146,24.01058237879986,29.050357748273058,34.60494542368983,40.11390421034552,45.61353559416652,51.25275674361048,56.57073912290152,61.94842770170293,67.43207429832705,72.63708383385901,77.55578210778793,82.91675223303983,88.65807916134911,94.26628111046708,77.69235979409375,20.32646979138445,1.9337577892170144,0.0474126253047954,4.206113354036498,62.20093783866161,237.206294607889,Mahogany,1
762.0,-40.818,-45.55538277570667,3.422744573489418,-1.1636812449479657,1.2383590893599044,3.94986510817473,-52.89455,-49.898700000000005,-48.6607,-47.983,-47.5723,-47.1489,-46.582550000000005,-45.954800000000006,-45.1933,-44.6364,-44.222,-43.6809,-43.2619,-42.9459,-42.7301,-42.54859999999999,-42.3702,-42.18729999999999,-41.85585,100.0,100.0,100.0,100.0,100.0,100.0,100.0,100.0,100.0,100.0,100.0,100.0,100.0,100.0,100.0,100.0,100.0,100.0,100.0,238570361.0,34553.0,11258.098296446604,7744.381189270769,0.7111098626535409,-0.0357108984943712,2.679666062960772,5.467942013132134,9.59163908881372,14.128052981401156,18.74937180482365,23.390500297729773,28.49931513495929,33.76805386147695,38.691426132351786,42.76032721432651,47.07532466700673,52.1824406343586,57.57823034857209,62.83165703052275,68.42709224889842,74.43680483008532,80.28993132135136,86.66093605818872,93.24660157596024,74.5552357132745,22.986173375489592,2.345335283846916,0.1132556273889859,3.059962897160609,61.617793525553296,276.5300651876785,Mahogany,1
764.0,-39.1478,-44.24410701635079,3.888450015894755,-1.5280546735409752,2.496067651167316,3.936213837114503,-53.4142,-49.3591,-47.18770000000001,-46.2371,-45.6447,-44.9438,-44.4811,-44.0671,-43.7408,-43.4467,-43.1589,-42.8746,-42.4496,-41.955,-41.3473,-40.9641,-40.6507,-40.328,-40.0007,100.0,100.0,100.0,100.0,100.0,100.0,100.0,100.0,100.0,100.0,100.0,100.0,100.0,100.0,100.0,100.0,100.0,100.0,100.0,341045166.0,34698.0,10083.828568049435,6546.557091794262,0.7216480050892102,0.5815199411496663,3.0389121539403376,6.908185586187139,10.341336138451528,14.45586506275242,18.68140010522829,23.57000098925314,28.82200212742496,33.5936187994525,38.547763787978745,43.81570093856718,49.11204810919384,54.33227193139574,59.64514447919195,64.58629764011961,69.72938593124643,75.269967614788,81.18937742105396,87.31037020474878,93.55659390873758,79.32054049259337,18.754619910706367,1.847964282546347,0.076875314153928,3.654943371226775,61.925222503769845,243.53602098860392,Mahogany,1
765.0,-42.2837,-47.2870612585034,4.076658285936454,-1.9953061546986204,3.137963680887188,3.626310064279074,-58.53868,-53.1821,-49.8205,-48.8203,-48.111525,-47.10215,-46.628910000000005,-46.18832,-45.911435,-45.682100000000005,-45.39893,-45.1876,-45.02606,-44.88804,-44.7768,-44.6662,-44.558385,-44.4345,-44.2825,100.0,100.0,100.0,100.0,100.0,100.0,100.0,100.0,100.0,100.0,100.0,100.0,100.0,100.0,100.0,100.0,100.0,100.0,100.0,214909453.0,41790.0,14619.69068027211,9159.717991404254,0.5440755202939657,-0.0621979626515063,1.9161172030901776,5.241305043943321,7.1650533678479,10.430060049522345,15.01252762483184,19.398047604727743,24.33295337641569,29.40516115873228,34.50630857080075,39.83452137863847,46.35018590829506,52.66518499770226,58.69848498474378,64.15016513954833,69.62330689101888,75.43720517496268,81.38914996912676,87.64307589578203,93.87723163578104,78.40816326530611,19.07482993197279,2.360544217687075,0.1496598639455782,8.59523931601921,63.46726254421768,215.33883977410383,Tibig,5
768.0,-39.1398,-44.26248230587403,3.1018443150791057,-1.131876401843747,2.3849536610525224,3.888734721094591,-49.318945,-48.07649,-47.147835,-46.64638,-46.2437,-45.85167,-45.348615,-44.65776,-44.1954,-43.8223,-43.41149,-42.90134,-42.458785,-42.144,-41.8394,-41.47033999999999,-41.157,-40.87092,-40.35143,100.0,100.0,100.0,100.0,100.0,100.0,100.0,100.0,100.0,100.0,100.0,100.0,100.0,100.0,100.0,100.0,100.0,100.0,100.0,920815153.0,36431.0,12509.03593164158,7858.389454697274,0.4123020000211718,-0.7609839618437411,3.2030059348947315,8.061962029853781,13.027794841251922,17.98298870957003,22.933793097559946,27.845654924838104,32.88129501491815,37.8503994927199,42.89757349377589,47.46896307862996,51.90015503578491,57.0856049976406,61.99983798485557,66.85748165571293,72.01251356905071,77.71755587084697,83.49773377371864,89.00669882872789,94.55466356774863,80.66483725479542,18.15193175025811,1.1601369341955114,0.0230940607509645,3.49296909938802,61.05375874313971,265.1889205222064,Narra,2
771.0,-46.5566,-49.61704567901234,1.1156581757174229,-3.450026786789053,24.79948317830086,2.929210760907991,-51.64824,-51.0393,-50.38514,-49.85384,-49.7179,-49.62408,-49.54746000000001,-49.48832,-49.422920000000005,-49.376,-49.3231,-49.2695,-49.19944,-49.12874,-49.0574,-48.98312,-48.91528,-48.811220000000006,-48.6009,100.0,100.0,100.0,100.0,100.0,100.0,100.0,100.0,100.0,100.0,100.0,100.0,100.0,100.0,100.0,100.0,100.0,100.0,100.0,52505159.0,32212.0,14404.70754458162,7553.699767088109,0.1691033248244461,-0.5623800709081763,1.2190668730286105,3.167043070948514,6.67650011306508,12.287939171844046,16.96479959236006,21.99962674144078,27.386409781179783,32.827016103312815,38.237122565422574,44.05197401649617,49.771651962809976,55.52221449324627,61.02735733073392,67.04366708041015,72.64112656053474,78.51072501275542,84.14679974590688,89.87603675288366,95.36022164983828,86.28257887517147,12.921810699588477,0.7956104252400549,0.0,4.3626961515746965,61.39620781893004,153.96902234718544,Tibig,5
777.0,-41.148,-43.620419088447655,2.9619967277523456,-2.8439112623839287,7.886796429030655,3.372905368177231,-48.03215,-47.25405,-44.4019,-43.775,-43.524975,-43.34545,-43.200275,-43.0004,-42.78675,-42.65155,-42.54622499999999,-42.4224,-42.3256,-42.2204,-42.14215,-42.05200000000001,-41.9513,-41.81715,-41.566325,100.0,100.0,100.0,100.0,100.0,100.0,100.0,100.0,100.0,100.0,100.0,100.0,100.0,100.0,100.0,100.0,100.0,100.0,100.0,23341247.0,29243.0,10533.053700361012,7176.953337105101,0.6273053033595402,-0.4081996759892954,2.966105452720671,5.507747722304639,8.743727359553668,11.831471557625006,15.639352944596318,19.98583880287116,23.89526146567919,28.60311190743151,34.203481073654714,39.00768455087254,44.35361572584361,50.0203523830582,55.7200692833592,62.29347129568528,67.93852530672419,74.69473246223734,80.873331232046,87.48068601476177,94.29351825118854,81.04693140794224,18.456678700361014,0.4963898916967509,0.0,3.8702145315177714,60.96357495487365,331.87292148313554,Mahogany,1
790.0,-51.5307,-55.35563438959984,2.165900434697641,-0.6971318779312013,-0.382703249205246,4.311195842331459,-59.949200000000005,-58.4613,-57.717275,-57.1932,-56.672375,-56.37125,-56.078775,-55.8113,-55.4438,-55.05975,-54.59405,-54.1454,-53.818075,-53.6169,-53.44405,-53.3005,-53.172975,-53.0187,-52.775475,100.0,100.0,100.0,100.0,100.0,100.0,100.0,100.0,100.0,100.0,100.0,100.0,100.0,100.0,100.0,100.0,100.0,100.0,100.0,69915957.0,28702.0,7100.950335161487,5500.245378142501,1.25071968998212,1.3336719993197637,3.5128103874770678,6.2475122810662524,9.561382389430785,13.658896208772484,17.928197707427504,22.061401519541526,26.657767124606472,31.463525558264188,36.01250283965934,40.20702169606289,44.85964770531569,50.97834962053083,56.94808268161158,63.32008299621788,69.84762148074437,75.9198075483684,82.41896767571959,88.83313862098748,94.78190222011835,64.75726183221613,31.10907982937233,4.021937842778794,0.1117204956327442,7.3884003328173105,60.76517327848872,311.0149390578894,Tibig,5
793.0,-35.2013,-41.29320661249456,3.4613350962901426,-1.05493739881475,1.6939349006257212,3.9122009370241417,-47.489,-45.6964,-44.54665,-43.6987,-43.13249999999999,-42.6332,-42.15135000000001,-41.687,-41.25279999999999,-40.8176,-40.3592,-39.9468,-39.5589,-39.2056,-38.863200000000006,-38.4333,-37.82565,-37.2386,-36.6188,100.0,100.0,100.0,100.0,100.0,100.0,100.0,100.0,100.0,100.0,100.0,100.0,100.0,100.0,100.0,100.0,100.0,100.0,100.0,1782833606.0,25064.0,6537.446622981838,4767.531181179329,0.967133131361508,0.8188255387050449,3.373532717668549,6.872793040675945,10.843294200277713,15.349753228737375,20.02500103198077,24.970501425470665,29.970044495560177,35.0169912042818,40.4298570306398,46.12200579081972,51.74047554946078,56.97258356481755,62.47763348477064,67.8822319664082,73.34290416107402,78.63568076582465,83.85658566052406,89.01827426064348,94.7439603626139,73.4180139414985,24.265981203545145,2.240100325986117,0.0744377747872289,3.2359382482652133,59.88641105529296,272.5163484009217,Narra,2
794.0,-35.083,-40.14665839247469,4.594516844703646,-1.3485297645588243,1.1778649930951373,3.880989064451108,-49.78904,-47.5062,-46.22576,-43.1708,-42.4732,-41.7457,-40.12996,-39.24529999999999,-38.693760000000005,-38.2721,-37.98386,-37.64586,-37.22304,-36.9668,-36.7588,-36.53144,-36.277640000000005,-36.054,-35.814499999999995,100.0,100.0,100.0,100.0,100.0,100.0,100.0,100.0,100.0,100.0,100.0,100.0,100.0,100.0,100.0,100.0,100.0,100.0,100.0,179167509.0,26008.0,7523.93688321505,5240.380042621205,0.8037971063664988,0.4011509544169032,2.3507816922319327,5.70445727411436,9.67436065654069,12.411969739446452,16.367223702373405,20.95371153482968,24.145791411321124,28.68451277067205,33.82999146346339,39.100553661210974,44.20132670371613,49.40343340934656,55.35916559514147,61.64244042707543,67.8422687676034,74.29568270662288,80.76135835543708,87.23501926903498,93.59606322371764,71.75072439423845,25.116532986184016,2.956368370217948,0.1763742493595935,3.2785589682906235,60.324239558224505,322.9847357541388,Mahogany,1
796.0,-37.8339,-44.08512018399777,2.7710509720996006,-0.9353369291043008,0.5726772751590148,4.012125921412635,-49.896,-48.72226,-47.00248,-46.33194,-45.2834,-44.7268,-44.35792,-44.0756,-43.7601,-43.5201,-43.26316,-42.9504,-42.62638,-42.343,-42.0969,-41.9071,-41.64604,-41.319880000000005,-40.55042,100.0,100.0,100.0,100.0,100.0,100.0,100.0,100.0,100.0,100.0,100.0,100.0,100.0,100.0,100.0,100.0,100.0,100.0,100.0,268430153.0,28240.0,10690.595125253893,6858.911440553559,0.4780021611251613,-0.6160304649777166,3.9047602822772296,8.769710010931595,12.051298499241254,16.594125325406345,20.68755144657687,25.180672604988608,30.32129441881293,35.123981768173415,40.35736551549036,45.706333893122654,51.56843501109951,56.78682677649854,62.25685904966124,68.08655956024434,73.9423622054859,79.48417777044592,84.86203671761123,90.24548333808087,95.30328770479076,82.23744474092955,16.651399896451473,1.0872595483691108,0.0238958142498705,2.09270099428486,60.53120688199451,260.6503492069865,Narra,2
797.0,-38.4888,-43.585516263317565,4.690275833677384,-1.5951780547283618,1.5348710630018871,3.929141156398433,-55.0093,-51.56458,-48.84224,-46.75278,-44.3346,-43.25358,-42.6651,-42.36882,-42.09042,-41.8135,-41.45918,-41.17054,-40.905660000000005,-40.66188,-40.4831,-40.31798,-40.15544,-39.94326,-39.55638,100.0,100.0,100.0,100.0,100.0,100.0,100.0,100.0,100.0,100.0,100.0,100.0,100.0,100.0,100.0,100.0,100.0,100.0,100.0,131619386.0,28788.0,9286.628519015028,6968.089998324483,0.799026752719724,-0.2262221909881718,3.5683003414101933,6.086689995651552,8.710442548334028,11.8741558329409,15.01912871710251,18.651962105339106,22.377307701465803,26.43230534444219,31.21038871887763,36.46978492970633,42.30113715923276,47.86944683057556,53.45942656198077,59.51463791207778,65.76303888851145,71.92010377559427,78.83406780213973,85.93631792204228,93.16247152224216,72.53933535595851,24.55372892118817,2.779933676709236,0.1128907076836237,3.55972891219115,60.7305527199605,294.4771775022222,Mahogany,1
798.0,-35.9924,-45.56964809683316,7.050370209359534,-0.6774613634134322,-0.6234770437540633,4.15671615670422,-58.84626,-56.05024,-54.71508,-52.64366,-50.9508,-49.4404,-47.92268000000001,-45.985,-44.5769,-43.4628,-42.26662,-41.5021,-40.87796,-40.3925,-39.9644,-39.20942,-38.4471,-37.7359,-37.0587,100.0,100.0,100.0,100.0,100.0,100.0,100.0,100.0,100.0,100.0,100.0,100.0,100.0,100.0,100.0,100.0,100.0,100.0,100.0,2628553730.0,29201.0,7840.414159883313,5445.195445600209,0.9179743019455514,0.7315303153337984,3.5761176546313167,7.580551986662262,12.714945339922728,17.56146582554354,22.52263757225917,26.932976789483394,31.12069133926359,34.64441885310064,38.32570970500953,42.88484146755486,47.69153879917075,53.562908109167694,59.623265110125786,65.48564826179147,71.46014131504931,77.42240901425286,83.37773072647063,89.11637370258359,94.55680725232884,77.40658658879606,21.280390864322,1.2730532099255198,0.0393727796884181,15.926850856659192,62.63236744497506,294.53112325086823,Rain Tree,4
801.0,-40.4752,-45.45971338252786,3.5613960351533955,-1.1669253927655394,1.457303600964532,4.159628596909125,-52.31702,-50.16514,-49.18544,-48.03356,-47.32300000000001,-46.73714,-46.14348,-45.57502,-45.06632,-44.6847,-44.3146,-43.9231,-43.5741,-43.1586,-42.77420000000001,-42.37194,-41.994,-41.58352,-41.1388,100.0,100.0,100.0,100.0,100.0,100.0,100.0,100.0,100.0,100.0,100.0,100.0,100.0,100.0,100.0,100.0,100.0,100.0,100.0,780086553.0,17457.0,5910.060025910465,2636.296764414821,0.3348233650716385,0.7623567639652751,3.5338955522285485,7.513210011710073,11.524475156540738,15.935306347986748,20.548164864982617,25.252383885150756,30.21580888601729,35.41775588073751,40.75880859338438,46.06264838409541,51.61100437530551,57.20772410237919,62.507296033341575,67.82580214531656,73.30227816399753,78.76627749023639,84.16516237525761,89.4372151804032,94.86241906800308,93.02084201434924,6.79960300925049,0.1787973604660853,0.0007576159341783,3.680557172307037,58.91403036448902,246.29765275999796,Rain Tree,4
802.0,-42.6704,-46.39204650583956,2.4863418451386035,-1.2122918835605287,2.0057116924648213,3.891413777841096,-51.05978,-50.04808,-49.0048,-48.0448,-47.6134,-47.16258,-46.83342,-46.58164000000001,-46.30744,-45.9501,-45.64014,-45.34134,-45.09754,-44.84708,-44.4901,-44.06116,-43.77796,-43.62666,-43.49372,100.0,100.0,100.0,100.0,100.0,100.0,100.0,100.0,100.0,100.0,100.0,100.0,100.0,100.0,100.0,100.0,100.0,100.0,100.0,101581307.0,14530.0,6482.9476673686895,3094.5403474142618,0.1884773538342152,-0.3768832577930658,2.718195976745997,7.408586503026586,12.1863425128011,17.233986760969714,22.001040998616013,26.750231713399792,31.84107190115205,36.89903399254353,42.04810733533878,47.60594486148913,53.06850403096309,58.54984421494006,64.11724747743204,69.69647181247629,75.01437444588107,80.16954339837348,85.16334506308331,90.05200828928102,94.98704323621274,93.76475844023231,6.0437807135107535,0.1850788180483757,0.0063820282085646,3.5110617559928903,58.42131250239326,205.8415428179885,Rain Tree,4
803.0,-41.2155,-44.856072144514414,3.774277227550271,-1.675605295618496,2.116577394509536,3.796923475763743,-52.722235,-50.85122,-49.06233,-47.87042,-46.09595,-44.57199,-43.9542,-43.63524,-43.367245,-43.1504,-42.9629,-42.7985,-42.6574,-42.52817,-42.3995,-42.27608,-42.156,-42.0154,-41.84929,100.0,100.0,100.0,100.0,100.0,100.0,100.0,100.0,100.0,100.0,100.0,100.0,100.0,100.0,100.0,100.0,100.0,100.0,100.0,339408028.0,14476.0,5624.92588664236,2952.5720917844933,0.1760044630860666,-0.5360281866509649,2.883469804079001,6.176297043863677,9.635491297218229,13.90789289167904,18.02811305335418,21.823927511814777,26.323494033558926,31.459221701143736,36.69251865780853,42.012974424989146,47.41618221240188,53.14482042834885,58.92602398903776,64.72171925173203,70.52944369365358,76.3388077550128,82.21260193645155,88.11247917801165,94.08387888809747,88.36758369240968,11.160092807424595,0.4590652966523035,0.0132582035134239,3.6000491214647723,58.05081774776268,198.35112781381503,Rain Tree,4
812.0,-39.6363,-45.16285673078479,3.513266279435367,-0.8920779852877975,0.2242688891795343,4.134477022054003,-52.03242,-50.457080000000005,-49.27834,-48.04448,-47.0335,-46.53004,-46.1833,-45.59082,-44.92766,-44.383500000000005,-43.79914,-43.2976,-42.93334,-42.6072,-42.2429,-41.925,-41.6635,-41.41162,-41.05416,100.0,100.0,100.0,100.0,100.0,100.0,100.0,100.0,100.0,100.0,100.0,100.0,100.0,100.0,100.0,100.0,100.0,100.0,100.0,276408871.0,14538.0,4471.694805299856,2718.2187505927955,0.6417929215542327,0.2685797362409974,3.4497575875558644,6.123279957972116,9.058812008967683,12.246486835800576,16.603285861979444,21.25485943611412,26.23553026270275,31.496394339673703,36.60762320468361,41.83288205681358,46.87279229905758,52.47702379277111,58.003311695448446,63.78239068890086,69.75340129369437,75.98581884877349,82.15137494628382,88.23022868900615,94.32008099334844,78.66629996926213,20.170514293109864,1.137301214954783,0.025884522673224,3.586741385810793,57.79801065795222,192.22625915241457,Rain Tree,4
817.0,-38.66669999999999,-46.1103586390218,4.984636046831266,-0.7162434566297513,-0.439186714835202,4.354815856529878,-56.03226,-54.21229999999999,-52.30053,-50.61522,-49.5416,-47.86398,-47.13826,-46.20142,-45.52351,-44.8958,-44.32613,-43.75664,-43.33874,-42.89914,-42.3114,-41.55874,-40.90073,-40.30364,-39.83171,100.0,100.0,100.0,100.0,100.0,100.0,100.0,100.0,100.0,100.0,100.0,100.0,100.0,100.0,100.0,100.0,100.0,100.0,100.0,116403827.0,17635.0,2690.6092272842843,2637.4606702210885,2.185783909832631,5.808097552663657,7.036752322584721,12.6876936786623,18.295514459331308,21.94755589951523,25.333855217663935,28.643437126856664,32.397911625362624,35.955812689904086,40.39483255133871,45.07589600125432,49.738945438623766,54.908072738879966,60.1964985223381,65.20435621072836,70.38636195354643,75.49194666941663,81.16236504835877,86.61849923542462,94.25736320507744,75.39467905600628,21.32307052215519,3.04879458197536,0.2265215079860388,5.423623616658892,59.6144984906271,209.1757299272725,Teak,3
823.0,-28.785,-40.92341486532215,6.713565071912705,-0.5303336310475991,-0.5940229831864001,4.364450770861121,-53.505545,-51.34355,-48.624715,-47.20904,-45.6441,-44.54395,-43.61459,-41.70708,-40.10522,-39.04825,-38.30155500000001,-37.73656,-37.23497,-36.54383,-35.8593,-35.002939999999995,-34.36323,-33.480819999999994,-31.173805000000005,100.0,100.0,100.0,100.0,100.0,100.0,100.0,100.0,100.0,100.0,100.0,100.0,100.0,100.0,100.0,100.0,100.0,100.0,100.0,118386320.0,15818.0,4006.03410936654,2815.459994446048,0.8359751970796482,0.6024977526762738,4.9825892045635,9.678036279867472,13.214532726416364,16.637945161231464,20.935305700861385,25.175256735744465,28.953292069556685,32.093440356960166,36.11590004655943,40.3547614285164,45.75821767244729,51.74813863628837,57.871255732925896,63.51114132105804,69.27592056244336,75.75624362679743,82.3026959533838,88.78273857993052,94.3062914701631,69.87682728749324,26.076069301570115,3.752707092582566,0.284244721169464,30.233147537580397,56.4043752673254,192.90338641542056,Mahogany,1
827.0,-39.4032,-45.89486040121242,4.0026961414226365,-0.7418204591695924,0.0304764343145738,4.18666503072012,-53.850625,-50.96706,-49.909235,-49.09764,-48.432100000000005,-47.8075,-47.25219,-46.58503999999999,-46.008495,-45.61375,-44.935100000000006,-43.9862,-43.2868,-42.7963,-42.427375,-42.0595,-41.701595,-41.31813,-40.93262,100.0,100.0,100.0,100.0,100.0,100.0,100.0,100.0,100.0,100.0,100.0,100.0,100.0,100.0,100.0,100.0,100.0,100.0,100.0,92009155.0,17236.0,3669.504466778336,3455.048172798899,1.527847928015529,2.042996677561579,3.137891006606897,6.074993298221248,8.728078200479072,11.645818288408366,14.994440498882962,18.581450943658812,22.554038236738503,27.409248568797317,32.43204439819059,38.51063516451162,43.25525758822587,46.73737955750164,51.61667336255832,57.53206189101508,64.33179719996342,71.44669679881311,78.62049162390417,85.23030670154508,93.76489546067454,66.59487915769323,28.41987716359576,4.722022812475074,0.2632208662359416,11.182846720806328,59.87385511685411,200.3070259123138,Teak,3
831.0,-43.7297,-51.669834461962616,2.675047306074405,0.0543672259952677,0.3085810959116029,4.195377665494157,-56.10867,-54.94796,-54.17186,-53.61676,-53.1675,-52.8472,-52.54232,-52.25488,-51.97413,-51.7421,-51.541700000000006,-51.33038,-51.094150000000006,-50.6817,-49.957350000000005,-49.36926,-48.86794999999999,-48.3697,-46.95497,100.0,100.0,100.0,100.0,100.0,100.0,100.0,100.0,100.0,100.0,100.0,100.0,100.0,100.0,100.0,100.0,100.0,100.0,100.0,30656730.0,16620.0,2641.2277074179374,2199.2598247911305,1.8775923215912944,5.069632466106324,6.257441677569656,11.687906701073468,16.808312563016344,21.222152525726,24.84938869866421,29.06759461951748,33.02119306266519,37.65753881774084,42.50204441243407,47.2076930579354,52.27173935380584,57.62980918056165,63.21624974353103,68.78551300154973,74.70669898583444,79.99536154051656,84.55169223853946,89.40898458511394,94.69585308022089,76.59171189799258,20.93564228482812,2.326182476092013,0.1464633410872749,3.7747471317729024,58.58906139398639,282.2471866854132,Teak,3
833.0,-48.0503,-54.08743314370779,2.884078127216692,-0.9307591660931336,-0.4244211562620053,3.8768913360800745,-59.4996,-59.36898,-59.23066000000001,-57.18525999999999,-54.7536,-54.08006,-53.81262,-53.5908,-53.37224,-53.1631,-52.99814,-52.82167999999999,-52.64676,-52.43324,-52.1838,-51.83406,-51.37706,-51.13152,-50.90994,100.0,100.0,100.0,100.0,100.0,100.0,100.0,100.0,100.0,100.0,100.0,100.0,100.0,100.0,100.0,100.0,100.0,100.0,100.0,77611394.0,18126.0,4126.290286564942,3222.8896302793087,1.3488414115470986,1.6347167617341078,7.005512618417857,14.20172275220311,20.89106529899463,28.468670463514677,31.015127753020387,34.126088496748295,37.7496840219105,41.74359373058033,46.49889551011028,51.9566701765465,56.58746704124397,60.91284483306665,65.14929882589146,69.86735865097333,74.47110278678927,79.48932214772486,84.83179544488017,89.67093156450714,94.70139783856996,76.2985804667978,22.345685576054017,1.3344675421340848,0.021266415014089,7.907610551059225,59.49385116167792,258.2927073923088,Mahogany,1
834.0,-47.8753,-51.27698501549919,2.076308094519748,-1.464538662372734,2.947428124428077,4.037724005860543,-55.12296,-53.61706,-53.02324,-52.69036,-52.3821,-52.04234,-51.647,-51.2486,-50.98626,-50.793600000000005,-50.6045,-50.40058,-50.231820000000006,-50.0724,-49.8941,-49.67604,-49.4467,-49.11653999999999,-48.713440000000006,100.0,100.0,100.0,100.0,100.0,100.0,100.0,100.0,100.0,100.0,100.0,100.0,100.0,100.0,100.0,100.0,100.0,100.0,100.0,345253566.0,18824.0,6731.007466905816,4272.940831416938,0.6311923530514405,-0.2449183400752561,2.9300653190067267,5.78994685894135,9.828892252484367,13.926675271472794,18.4529112148258,23.287551503523066,28.14351061619448,33.09013092134145,38.07892863299202,43.40590445921709,48.74776239096108,54.4274780930141,60.30889974935118,66.35556285608358,72.2152764093391,77.67830354574818,83.14170374130182,88.9147239104838,94.9232194172326,84.82054081453609,14.434718187666936,0.7330434952137719,0.0116975025831984,6.990024130238701,59.72448239330903,218.3576220458873,Rain Tree,4
848.0,-40.862300000000005,-48.52963177248793,3.6970408917885007,-1.1673141531637954,1.2152636709671416,4.048875038119985,-57.33294,-54.52566,-51.161,-50.27084,-49.79635,-49.28034,-49.01824,-48.77498,-48.3956,-47.9576,-47.59665,-47.18312,-46.8833,-46.5382,-46.1562,-45.6309,-45.06137999999999,-44.3011,-43.71307,100.0,100.0,100.0,100.0,100.0,100.0,100.0,100.0,100.0,100.0,100.0,100.0,100.0,100.0,100.0,100.0,100.0,100.0,100.0,78116290.0,17958.0,3399.4642934853564,3338.6922460328337,1.8530184119961088,3.489986476501781,5.873508585725205,9.377543403558976,12.533192500565503,15.672517217599555,18.99244702993447,23.000806873956765,27.42968208039578,32.0695491298934,37.83061125918806,43.16043299035323,47.80692733871514,53.05002580127653,59.7489934557824,66.6735120165077,71.41726520806351,75.78947617712004,80.92351544088947,87.26204355071138,95.26234156793672,76.61778145263067,20.605770486096,2.6545976761390837,0.113146786196092,6.309605560727105,60.49688709691458,244.22185163747412,Teak,3
849.0,-39.2161,-45.19760981511146,4.804131166021164,-1.0287865445399564,-0.0139190982361738,4.158860183758855,-55.56207,-52.56364,-51.4892,-50.08102,-47.60455,-46.645030000000006,-45.6231,-44.79342,-44.04566,-43.37705,-42.911045,-42.424,-41.9944,-41.63845,-41.3737,-41.12606,-40.8799,-40.63849999999999,-40.353,100.0,100.0,100.0,100.0,100.0,100.0,100.0,100.0,100.0,100.0,100.0,100.0,100.0,100.0,100.0,100.0,100.0,100.0,100.0,104272556.0,17310.0,3479.92778000267,3368.196674605728,1.669248638982876,2.622797187564422,3.2044261003825394,5.977353235687442,9.257746592497456,12.113044394922094,14.660595833097254,18.360817778361547,23.739133238471684,27.33686225165517,31.19058575681218,35.44113083791674,40.701283854593534,46.61329295505138,52.04451878977628,58.01954351248473,65.25109444905138,72.73227290985366,80.04385161518435,87.4227864904357,94.07020194268569,61.44706981711388,32.26204779068215,5.820317714590843,0.4638900013349352,8.112372473477262,60.06754317180617,250.58475684564604,Teak,3
850.0,-36.2966,-41.77975233960988,4.304549709696985,-1.1887582995690855,0.8644265997057787,4.068276763778627,-51.49969,-48.06197,-46.399515,-45.07396,-43.879675,-43.15839,-42.440225,-41.71692,-40.98087,-40.4058,-39.924195000000005,-39.45776,-39.096875,-38.77685999999999,-38.464375,-38.18154,-37.889735,-37.53662,-37.179285,100.0,100.0,100.0,100.0,100.0,100.0,100.0,100.0,100.0,100.0,100.0,100.0,100.0,100.0,100.0,100.0,100.0,100.0,100.0,74471701.0,16220.0,4198.427162025031,2742.982908168363,0.6077216742659942,0.2322737330250137,4.089976405937069,7.404674427941426,11.028668460251769,14.719248859375456,18.61910606822315,22.78841596487772,27.74659867108447,31.902467220400943,37.01548323704866,42.21856702319717,47.131670861123474,52.33833050221318,58.28444955218627,64.27981415383542,70.36082068274499,76.05754567093882,82.03459996166866,88.0483957255119,94.07585708294752,76.07396549780134,21.592062239260347,2.226857593866276,0.1071146690720487,5.979440036957155,58.86558610328109,241.6738392073164,Mahogany,1
851.0,-40.4269,-46.12629285673695,3.751038503499209,-0.6819714684040381,-0.6266980477035764,4.193638741297995,-53.05096,-52.10504,-51.47128,-50.49766,-48.2946,-47.05500000000001,-46.551300000000005,-45.97572,-45.58104,-45.2182,-44.84406,-44.53458,-44.25046,-43.84512,-43.2302,-42.482,-42.14004,-41.86018,-41.4782,100.0,100.0,100.0,100.0,100.0,100.0,100.0,100.0,100.0,100.0,100.0,100.0,100.0,100.0,100.0,100.0,100.0,100.0,100.0,69676432.0,16579.0,3959.563107347844,2714.357416066147,0.7669692873439802,0.566936055161543,2.4070405901381404,5.903726528361843,9.425677824605026,12.606733364303157,15.434660890787288,19.185240426777305,24.27973493246612,29.744142179955485,35.17377439763276,40.98000454443477,46.9517885186773,52.78538516438385,58.902876944100704,63.852796021472514,68.86915219769003,74.62182478000595,80.45197980286936,86.50621489917853,93.45932639030656,79.01346820480764,19.25328180939933,1.659373756890379,0.0738762289026538,5.99769344402095,59.32506771608797,279.9333337096143,Mahogany,1
854.0,-40.5982,-48.00718906069698,4.306794102916539,-0.7326385034133343,-0.1344599239423747,4.286159562287538,-56.4838,-54.22645,-53.106125,-52.0313,-50.4999,-49.71625,-48.837050000000005,-48.2314,-47.748825,-47.30159999999999,-46.67807500000001,-45.9456,-45.43625,-45.0829,-44.770375,-44.2414,-43.728375,-43.221,-42.3817,100.0,100.0,100.0,100.0,100.0,100.0,100.0,100.0,100.0,100.0,100.0,100.0,100.0,100.0,100.0,100.0,100.0,100.0,100.0,50438225.0,20239.0,5820.242903300254,4520.12807415598,0.991022570392632,0.3384041715187811,2.5913857991632336,4.812405670500895,7.391582475394405,10.43238139327861,13.374770821138137,17.137274358881584,21.351984531573027,25.90685140089684,30.38176303785472,35.24838949031216,40.45594189724163,45.81614836763189,50.76656444591379,57.19436597937377,64.15295343957881,72.24446934839598,80.34468302562193,87.20794992290074,93.9885453938952,67.22824832679437,27.83291022386337,4.673436418186014,0.2538656819755366,40.43070999527289,59.71842485575814,167.64477836623138,Mahogany,1
863.0,-47.6876,-51.79007094504557,2.7515786503805155,-1.4625027171519591,2.089865821484937,3.9856223143224927,-58.6345,-55.23570000000001,-54.0616,-53.3786,-52.7508,-52.3291,-52.0556,-51.7319,-51.409600000000005,-51.1627,-50.9859,-50.757,-50.4556,-50.0358,-49.7241,-49.5051,-49.3434,-49.0928,-48.8186,100.0,100.0,100.0,100.0,100.0,100.0,100.0,100.0,100.0,100.0,100.0,100.0,100.0,100.0,100.0,100.0,100.0,100.0,100.0,127954078.0,22123.0,6820.216299770801,4116.224643646722,0.6038322577350826,0.4858986664070195,3.147800416333741,5.997331323820722,9.320028862229776,12.814863157389947,16.93923893539368,20.827749624361328,24.858179197696224,30.019673151800603,35.8674406610159,41.45553922869109,46.60044676340836,51.78610720011597,57.43488144238748,64.34776857991193,70.6075886069063,76.30505219224041,81.94388146034704,88.3832573120491,94.65143268040272,84.02537178188796,15.137785832311708,0.8048611481264324,0.0319812376738979,8.891883949895847,63.351366702201375,263.39432777542146,Rain Tree,4
864.0,-45.60849999999999,-50.884764050293526,3.808622382310805,-1.512187606730765,2.0338887464362783,4.083852911455884,-59.91566,-56.071560000000005,-54.51428,-53.22852,-52.1445,-51.67162,-51.15836,-50.47996,-50.0567,-49.775000000000006,-49.47424,-49.15126,-48.825880000000005,-48.43412,-48.1017,-47.88788,-47.68488,-47.41274,-46.921960000000006,100.0,100.0,100.0,100.0,100.0,100.0,100.0,100.0,100.0,100.0,100.0,100.0,100.0,100.0,100.0,100.0,100.0,100.0,100.0,169379388.0,23292.0,7829.676327832478,4869.210784653587,0.6238637291636845,0.1449293418894752,2.8101654257954927,4.834818508141026,7.7540013310238205,11.329708547535905,16.06435784264376,20.850928449452187,26.588471319780652,32.655006995302166,38.42050545134807,44.114443252091576,49.49324648640246,55.13185996397626,60.881001057814665,66.8277370325603,72.200464557116,77.33422675963382,82.94929545972855,88.470358624746,94.28467116671835,83.12762908519392,15.860028659917718,1.0077196875144456,0.0046225673739194,15.121188131158933,63.82315058013221,294.0684042030996,Rain Tree,4
865.0,-44.4486,-49.46745691379407,3.603160839922232,-0.6511208548275048,-0.7690949944652479,4.256126303453765,-56.37491,-55.15938,-53.878690000000006,-53.006,-52.3073,-51.57566,-50.74169,-49.649280000000005,-48.86545,-48.2854,-47.80912,-47.3483,-47.04806,-46.76008,-46.4352,-46.126360000000005,-45.84317,-45.57122,-45.25379,100.0,100.0,100.0,100.0,100.0,100.0,100.0,100.0,100.0,100.0,100.0,100.0,100.0,100.0,100.0,100.0,100.0,100.0,100.0,159880135.0,22248.0,8932.35013129225,4935.536698113016,0.4389139269683338,-0.2363901519694491,3.790759871449946,7.513523177848206,11.269246801674267,14.64283789852942,18.57174126103909,23.244659506948757,27.345801277938627,31.99936377336684,36.60426981751048,41.70727213859308,47.672027547387295,53.68756412421093,59.50273934907548,64.98335331027836,70.57696317306711,76.63679105599954,82.82835888273425,88.61213683613664,94.50382500615228,87.90993910274317,11.458740711771608,0.5977987597072463,0.0335214257779764,6.107082711455714,62.65405502542042,338.50243648438595,Rain Tree,4
866.0,-42.3453,-47.505661913023694,4.6015781256564505,-0.9045357946658348,-0.260134575011647,4.0121266948300764,-56.10362,-55.10682,-53.18322,-51.96308,-51.0631,-49.9193,-48.57352,-47.42078,-46.03338,-45.3517,-44.89204,-44.5923,-44.29512999999999,-43.99194,-43.72355,-43.49052,-43.27097,-43.086200000000005,-42.9024,100.0,100.0,100.0,100.0,100.0,100.0,100.0,100.0,100.0,100.0,100.0,100.0,100.0,100.0,100.0,100.0,100.0,100.0,100.0,284825770.0,24164.0,8101.0771068574195,5633.553454460236,0.6918419384286296,-0.1700925037959435,2.805606388775847,5.854214666039523,8.654821858289017,11.81696550842292,15.651506182182883,18.827103320040177,21.57687101135547,24.70276829234939,29.676847358299074,35.14679377501551,41.69999470202433,47.90361841205591,54.22902990835416,60.98199049896363,67.70927574425588,74.2760755110045,80.79772943297932,87.29287767746577,93.86633835835852,76.23083705452373,21.71279046616798,1.9937995961204813,0.0625728831878039,5.580240535093254,62.10406754173896,324.94185416322324,Rain Tree,4
867.0,-42.0942,-48.14066057441253,5.746263652249395,-1.2125634671884358,0.3373784691686454,4.025129074756215,-61.18621,-60.3066,-53.728855,-51.4737,-50.732075,-49.93858,-48.78461,-48.15272,-46.407695,-45.28675,-44.863205,-44.54226,-44.26419,-44.10187,-43.918925,-43.684,-43.4341,-43.06618999999999,-42.70649,100.0,100.0,100.0,100.0,100.0,100.0,100.0,100.0,100.0,100.0,100.0,100.0,100.0,100.0,100.0,100.0,100.0,100.0,100.0,229253269.0,22365.0,8551.035770234987,5264.257607675773,0.494743447493314,-0.3878547816852609,6.024657384492955,10.918697085187477,14.065638470786649,16.557722454984926,19.23640792227918,22.49612065509958,27.575772103821123,33.20146680220294,37.67830808990559,42.52133216037151,47.91677539830413,53.56032938400542,59.2547799176639,64.89363298893679,70.65168959488207,76.19398046620657,81.7556342021016,87.84324248828923,93.86887303229688,82.71167474822828,16.08355091383812,1.1712047743379337,0.0335695635956732,8.492756593262897,61.8731927079448,314.6775675868167,Rain Tree,4
868.0,-40.7003,-44.32481655388472,4.761075594452649,-1.879704810441726,2.524325086878166,3.452837071203631,-56.31179,-51.76454,-48.934705,-47.6875,-44.0319,-43.09723999999999,-42.79151,-42.55142000000001,-42.3076,-42.107800000000005,-41.963865,-41.8468,-41.729325,-41.63284,-41.545775,-41.45758,-41.375355,-41.28118,-41.134695,100.0,100.0,100.0,100.0,100.0,100.0,100.0,100.0,100.0,100.0,100.0,100.0,100.0,100.0,100.0,100.0,100.0,100.0,100.0,53322034.0,22329.0,6681.959147869674,4070.925055463953,0.6185040312241041,0.5160950944094798,1.9789061310001792,3.806381429485605,6.262641818952368,8.582999665766689,10.81333281472346,15.16749154767802,21.08469080530574,27.030499249147173,33.20273941537939,39.77006015937052,46.20973573513719,52.33356627018392,58.44586498707083,64.60406592891786,70.69635978252442,76.84599766017928,82.64255635859652,88.57004779675134,94.13720226801551,76.52882205513785,21.591478696741856,1.8045112781954888,0.075187969924812,7.913987886072664,61.251355814536346,281.9863146159847,Rain Tree,4
869.0,-39.7977,-47.46822938578433,6.0845796126317495,-0.6806247490968056,-1.0483039837732682,4.077719184527895,-58.06412,-57.06616,-55.73856,-54.847280000000005,-53.71690000000001,-50.81778,-49.00484,-47.61828,-45.9091,-44.22839999999999,-43.67352,-43.17194,-42.8476,-42.58232,-42.3126,-42.05162,-41.84403999999999,-41.6389,-41.3247,100.0,100.0,100.0,100.0,100.0,100.0,100.0,100.0,100.0,100.0,100.0,100.0,100.0,100.0,100.0,100.0,100.0,100.0,100.0,185188583.0,24177.0,6931.488677620991,4399.026095521444,0.671162361167313,0.4869393310259511,3.196159236231102,8.109524224827618,13.081218403188494,18.228888332711094,23.249728089339072,27.71043288343537,29.935640794875567,32.92450593458021,36.866280790106806,40.949551949430926,45.956884393893766,51.86438032197698,58.07302656449399,64.18682138736382,69.98723404023238,76.13563790808854,81.93069223927264,87.6484032495675,93.6638113376568,80.29718905565744,18.224351536474902,1.414829509301194,0.0636298985664558,22.84707377154522,63.14200205861435,242.47138010287648,Rain Tree,4
870.0,-40.0133,-47.26574895518127,4.547767540725408,-1.2168144831884236,1.3244560122355624,4.170751195307784,-58.5136,-52.49948,-51.23282,-50.41336,-49.2302,-48.473290000000006,-47.932165,-47.3099,-46.74869,-46.36175,-46.011305,-45.60422,-45.11849,-44.45914,-43.890075,-43.37138,-42.8744,-42.3767,-41.926515,100.0,100.0,100.0,100.0,100.0,100.0,100.0,100.0,100.0,100.0,100.0,100.0,100.0,100.0,100.0,100.0,100.0,100.0,100.0,287576931.0,21934.0,8209.447073936626,4863.841820815239,0.5277480392498202,-0.3404848553028938,4.421452359125427,8.519470569077045,12.886363266739224,17.765465339081736,21.67034670802576,25.754050487450257,30.59505005983947,35.76760091371863,41.34282906023501,46.07476842431426,51.514985393595424,56.76556719356603,62.244824846538194,67.58836751060537,73.1423675983245,78.95166493726856,84.91627410823158,90.4322892297644,95.26915912458917,86.28889523265772,13.005994861547244,0.6879817299457608,0.017128175849272,6.116225548502352,60.87336775620896,291.0018361047004,Rain Tree,4
871.0,-38.473600000000005,-45.51219286431223,5.794071290098995,-1.0310256467015957,0.0667296499919265,4.196481201168558,-59.17339,-54.386480000000006,-52.57194,-50.584860000000006,-49.41315,-48.03206,-45.92014,-44.32034,-43.73441999999999,-43.2409,-42.85979,-42.4902,-42.17700000000001,-41.73342,-41.0166,-40.44314,-40.04703,-39.76012,-39.4931,100.0,100.0,100.0,100.0,100.0,100.0,100.0,100.0,100.0,100.0,100.0,100.0,100.0,100.0,100.0,100.0,100.0,100.0,100.0,916580147.0,23484.0,7131.642951067124,4396.252241158037,0.7324998404207419,0.5686775720272523,5.496829946066899,9.835829010160744,13.958676109095348,18.19263449527889,22.08342540065948,26.878689638474132,32.1833682483197,36.7245797437068,41.696449486811765,47.047281616497855,52.58405525992698,57.7924888220386,62.737288482858666,67.73272921434987,72.86801783630604,78.3579748427608,83.81304793851268,89.16524230586461,94.48766131741232,79.45659531756962,19.0074928222964,1.487671467363818,0.0482403927701656,5.197694154436434,60.709039928261866,296.9482420643158,Rain Tree,4
873.0,-39.7398,-45.68366202935546,3.7010058590079167,-0.8811033237497674,0.705281756521825,4.100502703178481,-52.996755,-50.66034,-49.066205,-48.0635,-47.492,-46.94629,-46.443215,-46.065740000000005,-45.747605,-45.36585,-44.90235499999999,-44.50558,-44.189895,-43.58431,-42.699325,-42.14944,-41.706955,-41.27438,-40.779985,100.0,100.0,100.0,100.0,100.0,100.0,100.0,100.0,100.0,100.0,100.0,100.0,100.0,100.0,100.0,100.0,100.0,100.0,100.0,262231207.0,36367.0,11953.28685386088,8418.912850079641,0.6855030700657991,-0.2757312261386468,2.714793209185053,5.173401043759067,8.398172838368547,11.948436785405178,15.98043515850499,20.9216075491732,26.304239983153494,31.933320583007497,37.79832809906565,43.55056414014065,49.03995045868053,54.3501426205158,59.30797397427988,64.49826736296875,69.24173407019401,74.43774569515672,80.33396421807264,86.51648123634652,93.00409237715174,78.08824870088431,19.86963260096636,1.955510985504604,0.086607712644726,2.045797099994433,61.80477667061719,265.74738981490464,Mahogany,1
875.0,-41.2484,-47.90285325427718,3.1435615758043656,-0.9810084908752608,1.0520307501406787,4.089162061662748,-54.349575,-52.34549,-50.747405,-50.02084,-49.2981,-48.78967,-48.41797,-47.979580000000006,-47.6729,-47.3929,-47.11857,-46.75336,-46.369255,-46.0862,-45.8114,-45.4545,-44.960795,-44.50583,-43.83643,100.0,100.0,100.0,100.0,100.0,100.0,100.0,100.0,100.0,100.0,100.0,100.0,100.0,100.0,100.0,100.0,100.0,100.0,100.0,285774318.0,37112.0,12934.47623789264,9319.34552450767,0.6928106450120806,-0.44522434246548,2.041309744285699,5.094043475243286,7.994905966322698,11.76041718346433,15.28338106295472,19.354948473711342,23.98943385808377,29.513328066100048,35.33823777684599,41.477949393619056,47.332645195919945,53.229542831067135,58.88301691266743,64.50952356047614,70.71282346652298,76.59640814889461,82.33770397800407,88.38017312668384,94.24168479688228,73.5448538064633,23.59011496333846,2.747352222322802,0.1131528921879243,6.272306183373188,62.171982248574274,269.6103904909091,Mahogany,1
876.0,-44.8946,-50.068960935573365,3.228312188361284,-0.8577530356281358,0.3917985655707157,4.205652427461822,-56.089025,-54.55945,-53.576925,-52.7872,-52.085675,-51.5241,-51.1058,-50.6103,-49.968775,-49.2428,-48.733375,-48.3821,-48.062925,-47.7733,-47.556475000000006,-47.2616,-46.972625,-46.616,-45.95745,100.0,100.0,100.0,100.0,100.0,100.0,100.0,100.0,100.0,100.0,100.0,100.0,100.0,100.0,100.0,100.0,100.0,100.0,100.0,156318169.0,33257.0,12046.7146270037,7927.019893416293,0.6396752791566036,-0.1652702286695135,2.3551133073980672,5.647227738446706,9.301407567024407,13.34456201313361,18.07950680384441,22.57168390962921,27.8318798629224,33.83095473693784,39.03466397434581,43.71287191829889,48.725869479702006,54.3149523456867,59.58375894231464,65.56725021516853,71.30450907469368,77.41318029384031,83.16870190566267,89.08289669129888,94.60689883080708,75.91707768187423,21.63224414303329,2.3350801479654746,0.1155980271270037,6.325893996350966,61.50727836004931,293.52483521716226,Mahogany,1
877.0,-42.8708,-47.8743569581162,4.61216251344015,-0.9443455446476156,-0.2546478885596812,4.084363626012519,-58.3103,-54.6172,-53.5379,-52.5547,-51.31100000000001,-50.444,-48.65350000000001,-47.607,-46.5434,-45.6328,-45.21639999999999,-44.8192,-44.6057,-44.4027,-44.1769,-43.9578,-43.7633,-43.5637,-43.332,100.0,100.0,100.0,100.0,100.0,100.0,100.0,100.0,100.0,100.0,100.0,100.0,100.0,100.0,100.0,100.0,100.0,100.0,100.0,42483796.0,30450.0,8199.922022775527,5625.20447286016,0.7458854039544215,0.457097187712272,3.4082382845450065,6.239574260266196,9.055283101349982,12.660210495314498,16.59076321710988,21.21495452054237,25.011397286626647,28.91312725444779,32.19096758679474,36.083741198644304,40.34507886253855,46.06640847253857,52.21498333152715,58.57486228396351,66.247601791516,73.17828661073507,79.52632810872173,86.36995149868434,93.48163473904262,70.93225246091488,26.018143215595448,2.9917004439297434,0.0579038795599305,3.368432564851889,62.759347056552784,4.954720819014482,Mahogany,1
878.0,-42.18860000000001,-47.05780497937537,5.1557234550260285,-1.2281180305840669,0.2660790497749512,3.675550653909011,-56.79859,-54.45664,-53.587755,-53.3401,-52.75395,-46.93097,-45.690115,-45.03852,-44.762575,-44.5826,-44.40659,-44.18816,-43.964065,-43.72065,-43.397525,-43.156400000000005,-42.954205,-42.79815,-42.6336,100.0,100.0,100.0,100.0,100.0,100.0,100.0,100.0,100.0,100.0,100.0,100.0,100.0,100.0,100.0,100.0,100.0,100.0,100.0,31279769.0,31181.0,9216.195934001178,5865.943482692852,0.5140020831795777,0.0936869374010518,3.4853134625131026,8.009832169796395,14.30726358624963,19.022704419588266,23.639493629252826,26.94684541947864,29.62525714304348,33.33112210643244,37.71523056963752,42.06636244660247,46.59576929740114,51.67112647155419,56.844172986060094,62.21013332930944,68.59383456444323,75.62551692757066,82.1820519198847,88.27022987286128,94.2429657968382,79.55215085444904,18.65055981143194,1.73836181496759,0.0589275191514437,4.207243841250793,62.50498995285798,348.5228058235208,Mahogany,1
879.0,-42.4627,-47.17228807796585,4.0275082618451945,-1.6141125171833963,2.166975373369969,3.9672646045191287,-55.567,-53.63902,-51.99317,-49.37032,-48.2594,-47.46186,-46.81569,-46.34418,-46.03807,-45.7184,-45.42623,-45.18374,-44.9598,-44.720560000000006,-44.49175,-44.2443,-43.99879,-43.72776,-43.38143,100.0,100.0,100.0,100.0,100.0,100.0,100.0,100.0,100.0,100.0,100.0,100.0,100.0,100.0,100.0,100.0,100.0,100.0,100.0,118487487.0,31722.0,8682.310178061112,5486.6153652105095,0.4873502036582392,0.1555576005703018,2.9769877725569454,5.971379914572752,8.63549329896751,11.96477818792798,16.26765955463297,21.00099312596612,25.383529317319383,30.3592370053388,35.57326521744866,40.916724818376814,46.62877017553761,52.20876023811696,57.99655283430899,63.63029118846954,69.32446039639612,75.66377367763737,82.18545811508349,88.49948096206987,94.3824456332676,84.19432842382942,14.530666080457245,1.2163845533816957,0.0512933245401919,6.771169549294887,61.97567376712831,349.8979726791313,Mahogany,1
880.0,-42.6091,-47.70293670788253,4.734586304724165,-0.9508124435978668,-0.2386235032243524,3.8201606668348096,-55.241515,-54.701,-54.37457500000001,-54.03884,-51.817125,-49.25676,-47.964245,-47.36762,-45.771245,-45.35255,-44.925415,-44.66854,-44.436325,-44.24293000000001,-44.014,-43.78702,-43.57919,-43.32274,-43.10924,100.0,100.0,100.0,100.0,100.0,100.0,100.0,100.0,100.0,100.0,100.0,100.0,100.0,100.0,100.0,100.0,100.0,100.0,100.0,22573239.0,30915.0,8722.271638330758,5754.125960307168,0.5359332292150261,0.0301168697570917,4.2042305049798125,8.448605891250255,14.270158571395092,20.520710386311865,25.42955399533049,28.67514493600143,31.98925949439511,35.1231606593985,37.940266348130194,41.83247251313824,47.41206611953207,53.004236565253215,59.05195971211752,64.48997859810902,70.00081822551032,75.79101962283747,81.66475799064547,88.4719335138391,94.29841238113856,69.16537867078826,27.78207109737249,2.936630602782071,0.115919629057187,6.480002603431132,62.66852252704792,342.9307857262495,Mahogany,1
881.0,-42.8612,-47.88593330467183,3.654933249026898,-1.0280971777329826,0.3368295610710601,4.107008103443593,-55.74354,-54.03802,-51.64002,-50.49546,-49.7743,-48.88802,-48.30798,-47.79068,-47.37954,-47.0515,-46.682500000000005,-46.27656,-45.759220000000006,-45.3278,-44.9825,-44.72636,-44.43376,-44.01882,-43.69428,100.0,100.0,100.0,100.0,100.0,100.0,100.0,100.0,100.0,100.0,100.0,100.0,100.0,100.0,100.0,100.0,100.0,100.0,100.0,32734417.0,30644.0,9382.177414732016,6385.282961470448,0.7492303379210148,0.4412308423108841,2.661128805196072,5.260112009937431,7.897818983609819,11.844845136542377,16.192941514736614,20.462527253807515,24.8950057671716,29.989921616749736,35.747882725389616,42.24659629649125,48.03351164005762,53.43865754505418,59.15469641631314,64.49184660902927,70.04080445361224,75.41399927788541,81.55628371203312,87.79056917372317,93.95882016166657,72.82889079965607,22.785898538263112,4.12725709372313,0.2579535683576956,6.145900871860121,62.90324921180854,316.3969656482045,Mahogany,1
883.0,-41.718500000000006,-45.8884820883462,3.313617715475904,-1.473576434497691,1.1939695554603391,3.782557522967005,-53.861325,-51.71685,-49.586375,-47.3492,-46.516000000000005,-46.01865,-45.60955,-45.2602,-45.01,-44.7986,-44.551875,-44.3115,-44.0648,-43.83115,-43.64985,-43.4439,-43.2537,-42.99895,-42.73165,100.0,100.0,100.0,100.0,100.0,100.0,100.0,100.0,100.0,100.0,100.0,100.0,100.0,100.0,100.0,100.0,100.0,100.0,100.0,245760248.0,30769.0,11032.512479798886,6866.077082391967,0.5936538784453947,-0.1181235209095965,2.291108120952092,4.544036755692076,7.445645969562986,10.814012118021624,14.920364175413756,20.020476623216947,24.925942457545048,30.538102728477064,36.1946672514751,41.40746431863952,46.86165355757616,52.55157335290449,58.07021361729746,63.50517395311223,68.99651484726692,74.70886707438544,80.87090594081758,87.44693975080949,94.00897984119872,77.01113305799964,21.278506015442627,1.638534745914886,0.0718261806428443,3.426494868986169,61.29701346740888,232.87898499766013,Narra,2
885.0,-44.0424,-48.064600854700856,3.236403933504444,-0.8005130311844837,-0.6398698311782778,4.060866851790944,-54.345995,-53.80304,-52.66772,-51.53786,-49.957375000000006,-49.34933,-48.857435,-48.223960000000005,-47.36674,-46.633950000000006,-46.34106,-46.12268,-45.864995,-45.6292,-45.447275000000005,-45.26702,-45.034325,-44.79798,-44.55904,100.0,100.0,100.0,100.0,100.0,100.0,100.0,100.0,100.0,100.0,100.0,100.0,100.0,100.0,100.0,100.0,100.0,100.0,100.0,21024716.0,31208.0,8984.921367521367,5920.185343527992,0.6158834356525794,0.2968687257702793,3.562706863674164,7.689283412912689,11.768986558486688,14.81928222003094,18.65246598336929,23.275448762304325,28.203353614859765,33.00164910669899,37.4261987653008,41.58733463985911,46.00190556676247,51.15294304094286,56.63839644730516,63.21174564260463,69.28339008241538,75.39116818510176,81.03922069625102,87.20281881572146,93.44785917678983,72.77777777777777,24.35897435897436,2.6923076923076925,0.1709401709401709,9.339350787262584,62.86903606837608,352.75020962952755,Mahogany,1
887.0,-44.772000000000006,-49.43782402520209,4.042708031699515,-1.1923253885845897,0.2486176209969453,4.119914502365391,-58.502135,-56.31362,-55.28711,-52.71314,-51.29645000000001,-50.27717,-49.55796,-48.54072,-47.96474,-47.55895,-47.27615,-47.07814,-46.891385,-46.7219,-46.5449,-46.34873999999999,-46.156165,-45.91003,-45.553520000000006,100.0,100.0,100.0,100.0,100.0,100.0,100.0,100.0,100.0,100.0,100.0,100.0,100.0,100.0,100.0,100.0,100.0,100.0,100.0,76863696.0,30238.0,9137.386590584878,6376.008517202458,0.7576252777579294,0.2998412951060074,2.339339758004871,5.224519778492046,7.468848492531506,10.9268672170019,14.68321403644186,19.697868809223017,22.51201399422687,25.9273844963167,29.729479831414817,35.09528347426853,41.42330990692928,47.25420307657336,53.59869371881363,59.81269623048051,66.63978661655823,73.61660178297957,80.37888654222405,86.72927203500596,93.65786547657036,69.9358059914408,25.844032334759863,4.065620542082739,0.1545411317165953,6.779912410902354,63.04316270803614,354.500271177073,Mahogany,1
888.0,-45.5019,-52.9978849318433,5.473900750749137,-0.6912311901249468,-0.6610443358555722,4.374784968573264,-63.878690000000006,-62.56854,-60.04028,-58.118640000000006,-56.56255,-55.06652,-54.12541,-53.36884,-52.8219,-52.0508,-51.06292,-49.95268,-49.3167,-48.62486,-48.14035,-47.7722,-47.47546,-47.16342,-46.62684,100.0,100.0,100.0,100.0,100.0,100.0,100.0,100.0,100.0,100.0,100.0,100.0,100.0,100.0,100.0,100.0,100.0,100.0,100.0,74407903.0,29702.0,9137.65233943264,6445.349093300461,0.8182491444620951,0.2798022427055224,2.7623503917319105,6.150373569861255,8.899738781779671,11.118183239218554,14.061709278381358,17.442428124872702,22.52873461573027,29.571497264208613,35.052112676794565,40.98518540429772,46.252541211919386,51.84872902546387,57.67094524892067,62.66349556981871,68.10373623887774,74.29786591351728,80.5872287517631,87.13757058843602,93.50285950136238,67.30934545007983,29.129313520815423,3.3525727618813708,0.1964877809161242,35.35902807629784,63.98073894142208,68.96748457066239,Mahogany,1
907.0,-41.7792,-55.69786475598086,1.7446206908275472,-0.8046762942105808,6.483748563879862,3.2424265718164387,-58.788920000000005,-58.0759,-57.40405500000001,-56.77344,-56.4517,-56.10619,-55.878600000000006,-55.68657999999999,-55.504895,-55.36,-55.199205,-55.0427,-54.859715,-54.67464,-54.489325,-54.325680000000006,-54.161535,-53.972280000000005,-53.779845,100.0,100.0,100.0,100.0,100.0,100.0,100.0,100.0,100.0,100.0,100.0,100.0,100.0,100.0,100.0,100.0,100.0,100.0,100.0,116934589.0,30477.0,11189.912822966508,6712.050955258845,0.5656694022758348,0.0924900082696438,1.8837933402237383,4.572452039832286,7.703018479844317,12.53369608200359,18.069980132225886,23.18829119072715,28.663518028869973,34.3087869407058,40.102753514616616,45.8602732165074,51.49706559450943,56.601188378914976,62.05807761465686,67.96000967686302,73.53535830189645,79.19125794336182,84.56526494483168,90.02363364017127,95.2112740568148,75.90430622009569,20.30622009569378,3.5311004784688995,0.2392344497607655,14.830665771937612,63.71977055502393,95.73443032320148,Tibig,5
909.0,-55.8127,-59.09290646968925,1.4265997278671014,-0.8466720237585241,0.9054356246422008,4.107018363999978,-62.045075,-60.85145,-60.5521,-60.0855,-59.827475,-59.63345,-59.437,-59.2315,-59.05435,-58.89150000000001,-58.713475,-58.5192,-58.384275,-58.26925,-58.13615,-57.9375,-57.6712,-57.477450000000005,-57.232850000000006,100.0,100.0,100.0,100.0,100.0,100.0,100.0,100.0,100.0,100.0,100.0,100.0,100.0,100.0,100.0,100.0,100.0,100.0,100.0,53576041.0,29735.0,13646.469943963322,7529.393077577769,0.2799281710279871,-0.6203876516855487,2.66185028490627,6.369720375568624,10.569541709884836,15.07632488186277,20.651130231888544,25.91036728525723,31.51834977877518,36.885982299438666,42.05400507290189,47.66208462472992,53.333156886302966,58.77705670712026,64.34891671073643,69.79928584122145,74.57457709501155,79.11382440520381,84.3325918762829,89.88485356728766,95.56765495233216,88.9964340295466,10.468670402445236,0.5348955680081509,0.0,18.741818033500547,64.39444289353031,113.43576633117166,Mahogany,1
910.0,-55.7055,-59.58794603219832,1.6913624730040848,-0.5363062963838137,0.4589866986348987,4.217671502646194,-62.37057,-61.74538,-61.21198999999999,-60.95788,-60.69924999999999,-60.3865,-60.12695000000001,-59.88756000000001,-59.70093,-59.4926,-59.2483,-59.06882,-58.83258,-58.56204,-58.3708,-58.16304,-57.88821,-57.49652,-57.02989,100.0,100.0,100.0,100.0,100.0,100.0,100.0,100.0,100.0,100.0,100.0,100.0,100.0,100.0,100.0,100.0,100.0,100.0,100.0,80504099.0,29772.0,11469.45419575438,7155.73075265197,0.5099206024255573,-0.4172407408299978,3.077420939771029,6.736611014055321,11.293280855177326,15.701817866441806,19.800778094541496,24.99522664057143,29.95029731343245,34.990217081989826,40.16701683724204,45.50287930059313,50.60762930841571,56.56114976207609,62.33322106989857,68.03036451597329,73.65167579852053,78.81339433411955,83.41235270517096,88.17949257465759,94.0246446333124,85.59623878045306,13.89086764496367,0.512893574583274,0.0,10.929738306513784,64.88923115828466,84.74167731810768,Tibig,5
917.0,-40.01519999999999,-46.78966557655552,3.024910631877741,-1.5479899929217156,2.9133340758349062,3.759086104098128,-53.068515000000005,-50.64274,-49.2586,-48.6354,-48.0718,-47.48893,-47.108335,-46.75204,-46.4472,-46.1821,-45.880055,-45.5895,-45.2976,-44.97194,-44.602,-44.2419,-43.986785000000005,-43.7742,-43.511095,100.0,100.0,100.0,100.0,100.0,100.0,100.0,100.0,100.0,100.0,100.0,100.0,100.0,100.0,100.0,100.0,100.0,100.0,100.0,1202574418.0,37085.0,12768.893799108091,5736.528132294071,0.5657368192923622,1.3839965409700277,3.326611509542356,7.310482634929957,11.86610873007944,17.036631740489927,22.277522371176868,27.68591689766013,32.948677276785375,38.40449872267281,43.85527981520724,49.222141277913,54.47015595836498,59.67201116696298,64.78948631684597,69.79859386963942,75.0234625396796,80.24947001658238,85.24381266191212,90.19007745099064,95.19028401616973,94.57421957952856,5.2856232745805904,0.1390953493310681,0.0010617965597791,2.6038404546785245,62.21082998301125,271.0877460348921,Rain Tree,4
918.0,-51.3188,-54.517040362511054,2.1557611745241028,-0.7116210986267762,-0.774471774104343,4.205714819674142,-58.22387,-57.89446,-57.46171,-57.1735,-56.28855,-55.27801,-55.00465,-54.66704,-54.26987,-53.59515,-53.31608,-53.20124,-53.10148,-52.9494,-52.767575,-52.62206,-52.43603,-52.243930000000006,-52.073555000000006,100.0,100.0,100.0,100.0,100.0,100.0,100.0,100.0,100.0,100.0,100.0,100.0,100.0,100.0,100.0,100.0,100.0,100.0,100.0,40184476.0,35293.0,17765.020335985853,10323.508228664736,0.1546174058747708,-1.1257534538694345,3.701511499117221,8.045430280091246,12.452958202067885,16.807958376762212,21.766330858712703,26.6131428465062,31.42135286273237,36.611837367246,42.09060235101735,48.3293896876993,53.3026783775904,57.37956369021708,61.74193487057041,67.19204948697104,73.03777458738045,78.59168301709347,84.92881430132373,90.4207784120415,95.17712760519758,88.06366047745358,11.538461538461538,0.3978779840848806,0.0,3.6415652996162615,62.64347793987623,101.19956003593782,Mahogany,1
925.0,-37.6349,-43.66936250435509,5.8150595021940745,-1.523503785656687,1.2456891782224666,3.9389883336210656,-57.372755,-54.46173,-50.46589,-47.0861,-44.15724999999999,-43.55497999999999,-43.21036,-42.74166,-41.86251,-41.35065,-40.90607,-40.5203,-40.253535,-40.01053,-39.7869,-39.5355,-39.24807500000001,-38.96351,-38.586915,100.0,100.0,100.0,100.0,100.0,100.0,100.0,100.0,100.0,100.0,100.0,100.0,100.0,100.0,100.0,100.0,100.0,100.0,100.0,334568302.0,44113.0,11656.619817434324,8143.016458638569,0.7505842578133578,0.4513526398156036,3.457461729294367,6.940077963512515,10.399157000832671,13.57466225237321,17.07032485103744,21.48294879411499,26.153109388109332,30.97751740988302,35.51927881081813,39.96305812617,44.97402536358629,51.05475234172064,56.91680767773392,63.03553945167226,68.95788711029773,74.7769479369268,81.15343395561723,87.78578521763248,94.3191046831448,72.86251829140826,23.92167793185144,2.999790955334123,0.2090446658769423,4.411095790151903,62.493727729774925,106.06473134945854,Mahogany,1
926.0,-40.7488,-51.14193131664524,5.689947355825304,-0.4241387689845944,-1.4509322517040844,4.063312325082335,-59.60136000000001,-58.89126,-58.56464,-58.16774,-57.7865,-57.23174,-54.90603,-50.62094,-49.81449,-48.833000000000006,-48.29454,-47.64576,-46.94936,-46.5143,-46.07575,-45.7144,-45.394580000000005,-45.054100000000005,-44.61316,100.0,100.0,100.0,100.0,100.0,100.0,100.0,100.0,100.0,100.0,100.0,100.0,100.0,100.0,100.0,100.0,100.0,100.0,100.0,142250548.0,41820.0,10757.81199425244,7794.487169174143,0.9473833028215056,1.0053897839666366,5.669061464705218,8.887709873708184,12.515310661580015,17.396833508156327,22.445920559828,26.88244758115097,30.40655491886049,33.25215801629109,37.71217668701002,42.07778658258666,47.16620002054404,52.27443060535697,57.74619300587861,63.00745006620291,68.63992327115675,74.76593552384769,80.78135066305686,87.1548417514708,93.3519623418252,74.12085003403162,22.13567269152235,3.4863495424638886,0.2420025712773198,3.901291303288941,62.70720324434698,101.76645439221328,Mahogany,1
927.0,-40.8508,-45.16512851827738,3.2121236886274342,-1.217838710344333,0.7999633057482303,3.833023267962637,-51.25455,-50.3023,-49.4973,-48.6038,-47.5798,-45.3964,-44.714,-44.315000000000005,-44.05755,-43.8683,-43.69425,-43.4873,-43.32685,-43.1799,-42.98805,-42.7731,-42.5341,-42.2534,-41.836200000000005,100.0,100.0,100.0,100.0,100.0,100.0,100.0,100.0,100.0,100.0,100.0,100.0,100.0,100.0,100.0,100.0,100.0,100.0,100.0,129517476.0,42229.0,12047.01664961399,6819.645463089295,0.3739858985303024,0.6166767678569345,2.517366073440159,5.720046613632279,9.285302934717471,13.59269153762694,17.6344781456365,20.584830575296262,25.06466308840052,30.251377814064256,35.93171395650113,41.42682335779922,46.91215956061404,52.80685828065396,58.68753032216285,64.5431431971389,70.43861633004646,76.28665570968971,82.21519542273971,87.9804591003611,94.1521891609438,80.95991070598085,16.268254115896198,2.6230118128546183,0.1395219049390754,4.998764647561868,62.46555011626825,83.95573719860617,Mahogany,1
929.0,-36.9018,-43.66222129269619,5.152471475082131,-1.1423382417248542,0.3462678746789596,4.022899375322356,-54.05791,-52.18032,-50.491345,-48.694320000000005,-46.668375,-44.64567999999999,-43.29221,-42.5324,-42.092735,-41.7274,-41.31423,-40.96566,-40.591195,-40.2329,-39.91225,-39.59088,-39.263255,-38.77076999999999,-38.352855000000005,100.0,100.0,100.0,100.0,100.0,100.0,100.0,100.0,100.0,100.0,100.0,100.0,100.0,100.0,100.0,100.0,100.0,100.0,100.0,620913334.0,46894.0,12979.50027175049,9476.622257750383,0.9223992858340252,0.5630298444159161,3.136623411601594,7.214075064459802,10.671594950801945,14.031337423331932,17.891639286329127,21.726309713941493,25.35843045689851,30.3834625010646,35.484168230151106,40.86430909212847,46.22644422063578,51.99143895337895,57.87677721219625,63.620700727293446,69.07943258954074,74.95310496907447,81.19295212300916,87.592204131986,93.86622803626248,70.5276140306869,25.65324637317613,3.6289142522680713,0.1860445670805635,9.340334348320816,63.13789134997282,162.61063443428995,Mahogany,1
930.0,-34.2617,-43.52102339713394,7.880854087845866,-0.7755303689275848,-0.8440917705485584,4.1935401481127785,-58.39256,-55.23624,-54.1545,-53.11,-51.793125,-46.79986,-45.024645,-42.37668,-41.072475,-39.97495000000001,-38.92590499999999,-38.25838,-37.738865,-37.38263,-37.049325,-36.68022,-36.341395,-36.00486,-35.626465,100.0,100.0,100.0,100.0,100.0,100.0,100.0,100.0,100.0,100.0,100.0,100.0,100.0,100.0,100.0,100.0,100.0,100.0,100.0,387516091.0,46410.0,9607.678162344424,7613.789439084947,1.10245995654131,1.1862250141078778,5.051542491947774,8.834310315129597,13.44246528333194,18.25572089598726,23.080072822059925,26.908018898239767,30.7263026659711,33.70128390358892,37.52756604886376,41.31883339006947,45.37169838451947,49.836551174335625,54.95892659590231,60.30736772682816,66.11979836470843,72.42174493342523,78.68148060979486,85.40046250621371,92.5149810101692,61.89319184806863,30.2499132245748,7.120543462091536,0.7041205930480487,8.28684732448414,61.66276690385282,122.97476780848028,Mahogany,1
931.0,-37.5485,-44.919899581487705,5.501374358377528,-1.2927905674927087,0.7076076127038919,4.160399979266474,-57.2102,-54.93108,-51.47768000000001,-48.7414,-46.8719,-45.5647,-44.65471,-43.88714,-43.332350000000005,-42.8555,-42.4509,-42.069280000000006,-41.76947,-41.4771,-41.233,-40.87196,-40.38572,-39.88498,-39.32027,100.0,100.0,100.0,100.0,100.0,100.0,100.0,100.0,100.0,100.0,100.0,100.0,100.0,100.0,100.0,100.0,100.0,100.0,100.0,319604857.0,44227.0,9763.398716969605,8403.27267870756,1.2525661955792782,1.5472096098733,3.800204450585055,7.081342008516472,9.87070825397375,12.792816537203,15.53097486250029,18.690614892626616,22.38412196595623,26.85446516853153,31.63945940909152,36.27026450352098,41.29866743545765,47.53443812651446,54.29809472513743,60.82156442322152,67.33488752957219,73.74590242851033,79.88828905688376,86.07293442977934,93.45322089394904,63.80021383839927,28.819306552619523,6.628990377272033,0.6965022147548495,8.486350681122566,61.475813056361694,141.85641108074887,Teak,3
933.0,-40.0734,-46.40068871450423,4.322414949144685,-1.349011163522103,1.451524513817608,4.049298040016915,-56.7233,-53.71404,-50.13522,-49.273,-48.521,-47.58834,-46.4751,-46.05868,-45.5255,-44.9782,-44.62832,-44.3462,-44.10446,-43.82184,-43.4096,-43.01198,-42.62062,-42.12954,-41.63572,100.0,100.0,100.0,100.0,100.0,100.0,100.0,100.0,100.0,100.0,100.0,100.0,100.0,100.0,100.0,100.0,100.0,100.0,100.0,117897929.0,42366.0,7840.521979118175,7822.8515465759,1.7369786556685682,3.136025091265536,3.95095489760469,8.256483453581275,11.076094474908036,13.690421143869283,16.624964633602684,20.153627974245417,23.50846128942604,26.800133189786568,30.496321101620023,35.37214805528942,41.13241887395664,47.14635402967935,52.435231495881496,58.39169066320071,64.92298265900837,71.72634135074586,79.26544918359,87.03703098974708,93.26819642438332,63.39030391700472,30.05253707521447,5.932034315355456,0.6118241670545986,5.125073264418615,62.14816001197048,151.33367277208546,Teak,3
934.0,-31.9397,-44.83137451634079,4.897578909774547,-0.8177103896006314,0.1405426079206511,3.956531964624467,-54.14564000000001,-51.8783,-50.2452,-49.30423999999999,-48.2846,-47.04652,-46.18072,-44.7843,-43.96082,-43.3897,-43.015,-42.69362,-42.29908,-41.65268,-41.0078,-40.4063,-39.92818,-39.4547,-38.84028000000001,100.0,100.0,100.0,100.0,100.0,100.0,100.0,100.0,100.0,100.0,100.0,100.0,100.0,100.0,100.0,100.0,100.0,100.0,100.0,1142990678.0,50613.0,14712.38757095599,11275.600476253838,0.9356493374866048,0.2073805963022517,3.435122066673583,7.484412834380088,10.836819440796877,16.224583504433447,20.452462430319137,24.890976319931102,29.30425343329003,33.51022710615668,38.34625639877704,43.48273136134886,48.94591493772445,54.50791384319584,60.19201400695938,65.7601618689667,71.35533269852267,77.48433622833099,83.17305987687155,88.61158375956589,94.49456962237797,69.37532984077541,26.872530216632985,3.5899548198586677,0.1608979392191944,15.95602361247725,63.47616732613368,178.09552862452065,Mahogany,1
935.0,-36.0237,-44.57429427701082,7.012558856459242,-0.851857522419619,-0.5328966799544363,4.104726727630855,-59.982760000000006,-53.8872,-52.6557,-52.02942,-51.4388,-49.85774,-44.36872,-43.12316,-42.45536,-41.8239,-41.2686,-40.40546,-39.70046,-39.29248,-38.9097,-38.47066,-38.07792,-37.75128,-37.339560000000006,100.0,100.0,100.0,100.0,100.0,100.0,100.0,100.0,100.0,100.0,100.0,100.0,100.0,100.0,100.0,100.0,100.0,100.0,100.0,141801441.0,40873.0,9190.578845032083,8009.978465917235,1.207184754249664,1.1658438933655528,6.257949804614468,10.931410069380044,15.182876032973455,19.936568909761643,25.06965779000793,30.33259231829668,34.101666145973795,36.771854102667405,40.130309395092816,43.88007453323412,48.447093002390574,51.981238328882704,56.460582794782745,61.16114292519777,66.70254641488445,72.83196226475583,79.77414700602372,86.85063997339773,93.49909356703928,68.06662777885799,26.83258798366712,4.67301834208309,0.408321991055804,10.236746359605911,61.03576254455895,117.890397474904,Teak,3
937.0,-35.1374,-42.77645013048572,5.4233812696616965,-1.364970306035821,1.4980117952197949,4.070656597531745,-54.85511,-51.71567,-47.595525,-45.69334,-44.674275,-43.93983000000001,-43.19839,-42.50434,-42.01673,-41.51715,-40.886935,-40.33822,-39.87252,-39.32008,-38.799675,-38.32216,-37.937445,-37.49826,-36.861515,100.0,100.0,100.0,100.0,100.0,100.0,100.0,100.0,100.0,100.0,100.0,100.0,100.0,100.0,100.0,100.0,100.0,100.0,100.0,1005469813.0,45752.0,13387.699896144011,9694.686377616035,0.8572996800702848,0.2870532034120834,3.663504714288225,7.405863312576645,11.24869971606,15.501681401547954,19.30711916857916,23.27898072858404,27.598188768298705,32.11705630788539,37.09493902031249,42.117155833498906,46.991763143067125,52.05365185836762,57.63966143059135,63.03776252703869,68.58913575359622,74.6207053955582,80.79740221897642,87.16246451846487,93.57680706422164,73.23311674478057,23.761717085641244,2.861365573072007,0.1424691095014912,4.585626328785016,63.37945741904559,161.3743169512911,Mahogany,1
938.0,-42.3216,-53.33699096793174,3.568799519663442,-0.6162024240736276,-1.0078935027817684,3.905403553795869,-59.542235,-58.7027,-58.309955,-57.64036,-56.906725,-55.48241,-54.114135,-53.17204,-52.399255,-51.9722,-51.54938,-51.2803,-50.93294999999999,-50.58451,-50.39635,-50.20363999999999,-49.823355,-49.4962,-49.279885,100.0,100.0,100.0,100.0,100.0,100.0,100.0,100.0,100.0,100.0,100.0,100.0,100.0,100.0,100.0,100.0,100.0,100.0,100.0,78136502.0,40389.0,11494.042659605766,8025.566426785173,0.8630771475589714,0.6055707827498384,5.863004975574667,9.809831261706597,14.267750301901152,19.279981333180235,23.977963589923696,28.196202077231455,31.774509178821443,35.83805044152092,39.82984034785688,44.32184716945737,48.96556285562925,53.66878338116544,58.59086320501012,63.99163607298417,69.11335114540961,74.8106115628263,81.89343566979746,88.50104270088774,94.6215790412527,75.00735510444248,21.94763165636952,2.809649897028538,0.2353633421594586,11.47920177040297,61.88573487790526,46.570795377964494,Tibig,5
939.0,-38.5939,-45.54129922795851,6.506766403137605,-1.2119653389027194,0.0687316903019166,3.9188535897983336,-59.54356,-57.57826,-55.917155,-50.35752,-49.4783,-45.98972,-44.064965,-43.28178,-42.73139,-42.29115,-41.963475,-41.75322,-41.58286,-41.3754,-41.144400000000005,-40.8266,-40.48834,-40.1891,-39.729205,100.0,100.0,100.0,100.0,100.0,100.0,100.0,100.0,100.0,100.0,100.0,100.0,100.0,100.0,100.0,100.0,100.0,100.0,100.0,285067399.0,48667.0,16800.29461338991,12291.2508864637,0.6736248189055893,-0.4913240656867095,6.118313094090426,10.84541168455394,16.53620342605364,20.655501543338527,24.93235117355528,28.3550217539958,32.11802202608233,36.35629621751311,41.39259221290331,45.8756965751808,50.88911412139415,56.258082321086455,61.67219423081066,67.12948399967686,72.47366507876265,77.64470429675475,83.1611481465827,88.62055215229996,94.5288328112188,73.23785950023574,24.292786421499294,2.4045261669024045,0.0648279113625648,4.806865506935205,63.56325355374823,226.099910711498,Mahogany,1
940.0,-50.0772,-58.41141373414231,3.0377979933958628,0.7566393272612998,-0.4325278677761184,4.235401993370555,-61.98964,-61.67908,-61.38726,-61.01464,-60.7979,-60.61782,-60.4553,-60.234660000000005,-59.92634,-59.5305,-58.96928,-58.39464,-57.4517,-56.75266,-55.885,-55.1777,-54.80624,-54.2344,-53.02798,100.0,100.0,100.0,100.0,100.0,100.0,100.0,100.0,100.0,100.0,100.0,100.0,100.0,100.0,100.0,100.0,100.0,100.0,100.0,22558751.0,39654.0,12442.7749586321,9087.42984772966,0.9331830074163928,0.3907648705544542,9.3671099078136,19.815795652871028,26.504463833126223,31.370287300037138,36.3479431995149,41.00300588450132,46.618799950405055,52.02062826971228,57.33647665156639,60.48919109041099,63.49253112461767,67.54091571825055,71.38162924002309,77.51047475988365,83.80581885938632,87.66069983218486,91.2032807135466,93.07562728096072,97.34673253851686,81.74296745725317,16.49200220628792,1.709873138444567,0.0551571980143408,13.93721948759954,62.22514412575841,131.67913247247384,Mahogany,1
941.0,-41.9609,-53.25570203753352,3.123067502113584,-0.316069990033375,0.738710873173678,3.965606672442697,-59.43936,-57.43353,-56.55082,-55.7563,-54.85965,-54.38486,-54.087585,-53.7539,-53.409985,-53.0838,-52.559555,-52.182460000000006,-51.881775,-51.44298,-50.8562,-50.528760000000005,-50.056155,-49.65174,-49.180075,100.0,100.0,100.0,100.0,100.0,100.0,100.0,100.0,100.0,100.0,100.0,100.0,100.0,100.0,100.0,100.0,100.0,100.0,100.0,49305947.0,39695.0,13218.75254691689,9676.457055744952,0.8176990753433371,0.0907361766739689,4.755389851857019,8.8678471179146,13.274145206053948,17.738752690420895,23.072715751712465,27.77227258204776,32.51670838002564,36.55325999518881,41.29530054457732,46.596920651377005,52.04149308804473,57.82727791436599,64.05393653629653,68.91055352815756,74.22752878065602,79.58703439972464,86.90933164715405,92.93274906574656,97.6342306131956,71.23324396782841,25.201072386058986,3.351206434316354,0.2144772117962466,20.402059752722074,61.44454487935658,93.15892131585164,Mahogany,1
942.0,-37.746,-45.85017742943548,5.992939105302888,-0.5204430965454113,-0.7750820396773488,4.179457456689171,-56.750185,-53.62020999999999,-52.094875,-51.4046,-50.681325,-49.94983,-49.07108,-48.16406,-47.02662,-44.3672,-42.802655,-41.62964,-41.04028,-40.72218,-40.44335,-40.20468,-39.81959499999999,-39.13747,-38.631085,100.0,100.0,100.0,100.0,100.0,100.0,100.0,100.0,100.0,100.0,100.0,100.0,100.0,100.0,100.0,100.0,100.0,100.0,100.0,69277400.0,41098.0,6983.6088709677415,6645.52237690186,1.7116266815771288,3.497660604636729,5.512397982603273,10.412503933461704,16.000822779145867,20.771941498959254,24.71640101966875,28.26239004350625,31.597316007817845,35.124122729779124,38.91712160098388,43.25828336513784,46.45310736257423,49.62728970775462,54.41790684985291,59.74254807484115,65.54127464367889,71.93077540438874,78.41606353587173,86.06095927387575,94.78848946409651,66.37096774193549,27.449596774193548,5.665322580645162,0.4838709677419355,6.977159363512242,61.134403074596776,151.54030714593168,Teak,3
945.0,-53.17530000000001,-58.596614069767455,1.2104006379227363,-1.0757721086274696,2.486867051768507,3.05390422133308,-61.398985,-61.20774,-59.646925,-59.02814,-58.6984,-58.56608000000001,-58.3281,-58.22654,-58.165525,-58.099900000000005,-58.03428,-57.98702,-57.95536,-57.92347,-57.89775,-57.87338,-57.84737,-57.822,-57.77923500000001,100.0,100.0,100.0,100.0,100.0,100.0,100.0,100.0,100.0,100.0,100.0,100.0,100.0,100.0,100.0,100.0,100.0,100.0,100.0,10826897.0,38758.0,12589.41511627907,9010.42008563852,0.8848474022589135,0.3335539282876456,2.9725783851088634,4.962169677978833,6.916737085427155,10.252771408095969,15.5132814138714,20.279060565552623,27.26128271101129,33.054382987110706,39.60064457988286,47.12563535055335,53.625955802479695,58.9114498826395,63.70234241629896,69.34934358385418,74.109174586218,79.67715957767032,84.63653066986782,90.32420831194756,94.81561522197912,74.76744186046511,23.37209302325581,1.744186046511628,0.1162790697674418,7.225657555868381,61.96084488372094,205.84125534690023,Mahogany,1
946.0,-30.8655,-43.86064699426202,6.388930663039464,-0.3368238472741107,-0.2699311014535697,4.345786077425339,-55.3354,-52.70433,-50.90288,-49.04256,-47.8103,-46.79249,-46.037400000000005,-45.27192,-44.4419,-43.6102,-42.455715,-41.63648,-40.779945,-40.07401,-39.193775,-38.6361,-37.361905,-35.559839999999994,-33.673500000000004,100.0,100.0,100.0,100.0,100.0,100.0,100.0,100.0,100.0,100.0,100.0,100.0,100.0,100.0,100.0,100.0,100.0,100.0,100.0,3379559742.0,38914.0,13318.567011365609,7935.902634585516,0.3775413531478967,-0.4862871248067257,2.759577966353938,5.540657668302879,8.460746127564683,12.22754244774644,16.754212330181083,21.83081526362909,27.20752716908177,32.57166134156181,37.969678507313695,43.50424603323968,49.21269620804946,54.90580817198053,60.88625652707873,67.01168193167571,72.83225120747103,78.56567173535706,84.07915382251585,89.14331211725033,94.37325298213356,79.82486561470435,17.678168891971563,2.313318725664833,0.1777353910178602,12.049670210955014,60.88578046487066,138.83748210013238,Rain Tree,4
947.0,-28.4707,-38.882215978579,7.296130661788029,-0.92483738607945,-0.0755565257640338,4.273689086364086,-54.20961,-52.6434,-47.74111,-43.35674,-41.48775,-40.47048,-39.829710000000006,-39.22272,-38.56016999999999,-37.6618,-36.17595,-35.54976,-34.71746,-33.94648,-33.23435,-32.5743,-31.71883,-30.920800000000003,-30.161800000000003,100.0,100.0,100.0,100.0,100.0,100.0,100.0,100.0,100.0,100.0,100.0,100.0,100.0,100.0,100.0,100.0,100.0,100.0,100.0,112152090.0,40245.0,6983.753035680927,6375.017534504101,1.7461162709963851,3.5322771127692114,4.7719770536599,9.58851502455282,14.398979992258726,17.87706229995357,21.23520390926286,25.591516841103896,30.922312727297367,36.93017669131266,42.93886007830973,49.4561768755268,53.90725754642647,57.643518725330935,61.60025551017373,66.29359024874168,71.62827014636999,76.74646990528665,81.86080972721953,88.33459010884238,94.13743158954952,59.48689208543496,32.92857587645557,6.874649729123856,0.6849741577931379,18.80063849532389,56.96857248271997,137.8788612871329,Teak,3
948.0,-33.1607,-40.68192204734911,5.468148252204822,-1.0218666454679943,0.0446447939572025,4.150760627039077,-51.32044,-49.2939,-48.0761,-45.71416,-43.53105,-42.68794,-41.04702,-40.01092,-39.29306999999999,-38.6497,-38.0901,-37.66576,-37.1943,-36.7589,-36.38965,-36.06060000000001,-35.72291,-35.489999999999995,-35.02263,100.0,100.0,100.0,100.0,100.0,100.0,100.0,100.0,100.0,100.0,100.0,100.0,100.0,100.0,100.0,100.0,100.0,100.0,100.0,124101104.0,39115.0,8276.165655218407,7104.094411745847,1.487783140848036,2.361532935432474,3.8250973174259593,6.962219288556853,11.220731767221023,16.000602218655523,19.771264887377637,24.83408527937028,28.88965274636074,31.732135114607846,35.17319152938398,38.85957936361307,43.04516017843,47.98831604270015,53.49127998087753,58.82380466172162,64.61935745551466,71.383497120219,78.69362306398176,85.71571208584898,92.90885115735956,58.85295098366122,33.07769256418806,7.2490830276758915,0.7935978659553184,18.07958639464456,56.51783502500834,133.756096224686,Teak,3
951.0,-29.2148,-37.8871636286264,6.789881239878703,-0.7912789607561218,-0.5773849650563725,4.253336768292872,-51.52432,-49.41516,-46.445645,-43.70862,-42.27135,-41.62785,-40.10838,-39.15528,-36.57393,-34.760400000000004,-33.888670000000005,-33.473600000000005,-33.12472,-32.69779,-32.307375,-31.92196,-31.520945,-31.10673,-30.599345000000003,100.0,100.0,100.0,100.0,100.0,100.0,100.0,100.0,100.0,100.0,100.0,100.0,100.0,100.0,100.0,100.0,100.0,100.0,100.0,247489195.0,40074.0,9158.125925103612,7785.846675878754,1.380283979903014,1.8303090670127995,3.6368634194313008,7.352320168967376,11.24061395892455,14.45308430535725,17.917835968556123,22.054981834661508,25.795047335298825,29.907048669336856,33.026241408236025,36.17802748924049,40.8767809035057,46.56681314915587,52.759160657498605,59.17501772148073,65.82942418960957,72.89908151343738,79.96321657598021,86.81541268902669,94.15338798932213,59.510065127294254,32.18620485494375,7.463735938425104,0.7955891059798696,11.292735641619686,54.339275074008285,128.00808488388083,Teak,3
952.0,-22.2366,-34.433218079647624,9.322698242938394,-0.5995002881285489,-1.1884254836572308,4.285300760336579,-50.66897,-48.99835,-47.368210000000005,-46.42796,-44.4894,-40.98406,-35.557185,-33.62674,-32.145365000000005,-31.38395,-30.032314999999997,-28.38246,-27.60323,-26.81247,-26.246625,-25.75906,-25.4009,-24.97618,-24.36406,100.0,100.0,100.0,100.0,100.0,100.0,100.0,100.0,100.0,100.0,100.0,100.0,100.0,100.0,100.0,100.0,100.0,100.0,100.0,281879304.0,41217.0,6399.947870311506,5860.607805228253,1.8790018717455303,4.419496256175243,6.303289297180896,11.695383993143391,18.532063638130737,25.586606031920667,31.17688022956095,35.46284192613162,39.63532349292306,43.83278596430762,47.36943014447063,50.98010175305385,54.54492820799642,57.475394859070605,61.05177625952985,64.66287961318366,68.8118677914715,74.43900812242676,80.35368996086353,86.54819298120589,92.91668146023235,59.0727454363818,32.72636454454636,7.519752974298428,0.6607029334302061,7.033748175866714,52.52379049132686,120.20849146254702,Teak,3
953.0,-31.104099999999995,-39.37546389548694,6.975446393264602,-0.7284677247134506,-1.0062425981866605,4.195988339310711,-52.37905,-51.033,-49.47147,-47.04048,-45.2405,-43.8418,-42.11009,-37.90628,-36.4806,-35.692499999999995,-34.91337,-34.53964,-34.251110000000004,-33.99738,-33.765100000000004,-33.4814,-33.14519,-32.80828,-32.42554,100.0,100.0,100.0,100.0,100.0,100.0,100.0,100.0,100.0,100.0,100.0,100.0,100.0,100.0,100.0,100.0,100.0,100.0,100.0,164593504.0,38973.0,8318.26471926012,7439.624063864686,1.6083582600971806,2.46105547779725,5.446668782262512,9.176511000093903,14.239447141243192,19.05223003211597,23.54889169866631,27.573890765458152,31.09613244517839,33.851179205711546,36.92218558030091,40.032867275248,43.80942093559173,49.11821125091304,54.62514365086973,60.93600145969309,67.4042348597184,74.19492934544975,80.96315878906132,87.74379516217117,94.15964739410371,65.59357153686764,28.255925607722244,5.670389649770051,0.4750593824228029,7.979105306019901,53.63864303330469,110.97906232421528,Teak,3
958.0,-56.8306,-57.95566475042064,0.4775311691784346,-1.5137554457635405,2.581989294985225,3.850131742058536,-58.973075,-58.6018,-58.374325,-58.2448,-58.132175,-58.04965,-57.984825,-57.9227,-57.8708,-57.82875,-57.7942,-57.7584,-57.724775,-57.6833,-57.642175,-57.5978,-57.55235,-57.49875,-57.41865,100.0,100.0,100.0,100.0,100.0,100.0,100.0,100.0,100.0,100.0,100.0,100.0,100.0,100.0,100.0,100.0,100.0,100.0,100.0,57491070.0,39434.0,16122.005047672465,6590.166918906443,0.3348834563727393,0.8390711557585528,3.3648773626930235,7.154328489624564,11.198718340083078,15.998279384954916,21.19668150201414,26.398028424240493,31.635073064390696,36.87449024692009,42.130092551765,47.47110116405904,52.65071775494873,57.98099774451928,63.23183235239838,68.40540278690239,73.79473368646644,79.15274319994393,84.4424325377837,89.55106940956222,94.77420232394353,93.77453729669098,6.141334828939988,0.0841278743690409,0.0,2.12911457488916,62.25717153673584,102.24719957117232,Tibig,5
959.0,-48.8224,-53.968176679634105,3.205673609847962,-0.4779819621042081,-0.855407284499504,4.293730338184122,-59.78455,-59.4253,-57.76455,-56.944,-56.32040000000001,-55.459,-54.9248,-54.519200000000005,-54.13005,-53.5826,-52.7706,-52.3155,-51.97635,-51.6714,-51.32599999999999,-50.8376,-50.4953,-50.2145,-49.8249,100.0,100.0,100.0,100.0,100.0,100.0,100.0,100.0,100.0,100.0,100.0,100.0,100.0,100.0,100.0,100.0,100.0,100.0,100.0,117908553.0,38419.0,12397.07212701083,7851.493906116432,0.6460832725532986,0.1243948935661145,3.8217685531260814,9.020952873537512,14.174198202568054,17.9939618120833,22.539985712486864,27.27112256224534,31.6460248647102,36.06257978587864,40.520475219469446,44.65243416226132,48.95013595833035,54.06707009626351,58.874842607898,64.443570942644,70.66004109133627,76.38382772791724,82.20311803843441,88.16566513202821,93.99196002345988,81.13763011250131,17.348333508569024,1.4509515298075912,0.0630848491220691,3.268278388476133,62.45889954789192,55.33935922064078,Mahogany,1
965.0,-44.4007,-50.98123907524933,3.03302625608542,-1.1425734640997949,1.603042739463815,3.9275159024175177,-56.51391,-56.081,-54.065075,-52.60178,-52.07492499999999,-51.7154,-51.35141,-50.86991999999999,-50.538345,-50.28695,-50.075985,-49.887060000000005,-49.74379,-49.633300000000006,-49.3861,-48.63804,-48.06776,-47.62204,-47.09881,100.0,100.0,100.0,100.0,100.0,100.0,100.0,100.0,100.0,100.0,100.0,100.0,100.0,100.0,100.0,100.0,100.0,100.0,100.0,72507250.0,37709.0,10956.066787549107,8221.734907873295,1.0375298543371263,0.6517209839818521,2.8993707525799146,5.524552372348972,8.841024863030938,11.982829303276567,15.520991349140948,20.350443576332022,24.68765261404894,29.14600815780491,33.462601326074285,38.83373179923387,43.77961652110651,50.138456499177664,56.89198942174748,63.92146164693876,70.79181599081471,76.19469915077458,81.10003758244865,88.68400194463312,95.78252519575628,72.60501662133575,25.24932003626473,2.10033242671502,0.0453309156844968,5.085612340189848,61.70449820187368,266.11058913123605,Tibig,5
967.0,-44.7556,-51.84015141111434,2.6814421872456333,-1.9124328404543405,3.201018570041918,3.4012710544920166,-58.33372,-56.3247,-53.9947,-52.57864,-51.9356,-51.65036,-51.295480000000005,-51.07238,-50.95648,-50.832,-50.70536,-50.59804,-50.50564,-50.40538,-50.3024,-50.20862,-50.10244,-49.991400000000006,-49.81166,100.0,100.0,100.0,100.0,100.0,100.0,100.0,100.0,100.0,100.0,100.0,100.0,100.0,100.0,100.0,100.0,100.0,100.0,100.0,45938439.0,38278.0,13365.85365144021,8642.180919087396,0.6762573446031528,0.0584963036655259,1.651336041261655,3.831562496061305,5.057461791420471,6.634287246895785,11.6221341347711,17.357285475024522,23.16179703015159,29.05677966114608,35.45407148031303,40.63345731011888,46.27638522937186,51.86561519863572,57.82999722737641,63.49698996084739,69.17748772438698,75.33521981450001,81.7904478643691,88.01358705288179,94.98536726509144,77.829502473087,19.61012510910678,2.502182135583358,0.0581902822228687,10.02280164759028,61.85839240616817,265.90885621048386,Tibig,5
968.0,-50.3572,-53.86010918304669,3.227698764257479,-1.5364964663207077,1.2618229908932097,3.964681350840426,-61.64806,-61.42394,-55.849235,-54.84964,-54.36985,-54.03239,-53.71509,-53.40676,-53.147105,-52.9218,-52.6859,-52.42518,-52.107065,-51.82132,-51.63055,-51.46906,-51.262365,-51.06908,-50.837365,100.0,100.0,100.0,100.0,100.0,100.0,100.0,100.0,100.0,100.0,100.0,100.0,100.0,100.0,100.0,100.0,100.0,100.0,100.0,106374003.0,39022.0,16335.07417076167,9915.697817701788,0.3543904698663007,-0.6825914748975261,3.023299781244483,5.3076624370336045,6.65742173865545,10.93900828381912,15.526129067456454,20.25687140870312,25.85568017027619,31.595807295133945,36.82673951830129,41.731130490595525,46.57049711666863,51.28766847290687,56.16831774207087,61.63464488593139,67.58879798854613,73.7555500285159,80.44964896169226,86.88425592106373,93.44777783722212,81.01965601965601,17.152948402948404,1.765970515970516,0.0614250614250614,5.95753846771178,62.40887360257985,264.3588454778827,Tibig,5
969.0,-45.64359999999999,-49.591554485616776,2.5391828155541067,-2.122946793645161,6.139662893274839,3.694999492768248,-53.53885,-52.71189,-51.396475,-50.85968,-50.578500000000005,-50.31967,-49.982415,-49.62766,-49.32521,-48.9174,-48.649185,-48.43226,-48.23962,-48.01789,-47.80045,-47.62102,-47.45333,-47.28809,-47.132255,100.0,100.0,100.0,100.0,100.0,100.0,100.0,100.0,100.0,100.0,100.0,100.0,100.0,100.0,100.0,100.0,100.0,100.0,100.0,73283248.0,39719.0,17865.2481716236,10915.990458727993,0.1829044689907165,-1.0260132150210008,3.2717900276472465,7.48359434068752,12.434784549942435,17.67758164867365,22.55678951347789,27.352410744676604,32.41140594641766,36.82786412523637,41.25487724015726,45.60028780383752,49.77407660752154,53.9833018864011,58.719524822371405,64.21217984224717,69.77024953915799,75.8012144876548,82.3017178496237,88.46796200954412,94.34401706649248,80.05850804485617,19.08824963432472,0.8288639687957094,0.0243783520234032,2.389499680033934,62.699188566552905,277.1886370106449,Tibig,5
970.0,-43.1983,-48.48072884369871,3.7646131233799753,-0.269900286108638,-1.0427983451546627,3.956727166536883,-54.845875,-53.131,-52.345,-51.9431,-51.594800000000006,-51.2929,-50.987725,-50.5135,-49.543400000000005,-48.639700000000005,-46.901475,-46.38419999999999,-45.7493,-45.17830000000001,-44.7382,-44.4777,-44.181475,-43.8961,-43.617225,100.0,100.0,100.0,100.0,100.0,100.0,100.0,100.0,100.0,100.0,100.0,100.0,100.0,100.0,100.0,100.0,100.0,100.0,100.0,177651316.0,42132.0,16200.192960058364,10685.490180715207,0.5343488739846415,-0.6093975654953341,5.440275488868318,10.395490681307422,15.192253909337772,20.613352506772312,26.86603571233888,33.17245958369372,39.32397044556652,44.82813400605487,50.08621720539351,54.41585132980384,57.84246202825764,62.29477410682396,66.4373603627006,70.63988312926429,74.96748293156466,79.86416154665581,85.0325015323838,89.81040196741351,94.78040736833044,79.46379719131862,18.949480211563014,1.4772934524895132,0.0911909538573773,2.8627194073659528,63.30585578150647,200.92929751039756,Mahogany,1
972.0,-41.1756,-47.9122820219221,5.861197947933284,-1.352174725577148,0.7272363856424664,3.934103841677431,-61.23386000000001,-59.418380000000006,-56.59873,-49.53586,-48.3788,-47.21708000000001,-46.924105,-46.66152,-46.480135,-46.28855,-46.061685,-45.7906,-45.47699,-45.03228,-44.42060000000001,-43.552020000000006,-42.778335,-42.08085,-41.71887,100.0,100.0,100.0,100.0,100.0,100.0,100.0,100.0,100.0,100.0,100.0,100.0,100.0,100.0,100.0,100.0,100.0,100.0,100.0,132683236.0,45873.0,12985.24525347426,8197.527932236873,0.5933463258392634,0.5667077459245302,3.2499780153085807,7.796952585630336,11.319068220494714,15.054881537559124,18.5328024408449,22.33161391993786,26.40852383190293,31.44433860506689,37.133278841646586,43.172460762111655,49.14625311067933,54.5903719140525,60.42726528014436,65.58780794282106,71.23876523481836,76.73625626676757,82.50756109083743,88.07813294514463,94.01156450540594,73.6739087884126,22.92033666079468,3.1513016245840677,0.2446662752006263,8.809038765301429,64.7478057936974,202.8408681919922,Mahogany,1
973.0,-38.7365,-43.49864441551958,4.248695200315948,-1.6213835706688702,2.698841512425802,3.727824802740176,-51.854055,-49.0694,-48.200675,-47.30678,-45.89424999999999,-44.67392,-43.131365,-42.46818,-42.0004,-41.6308,-41.384845,-41.12874,-40.9118,-40.72383,-40.5295,-40.34622,-40.1673,-39.96351000000001,-39.6386,100.0,100.0,100.0,100.0,100.0,100.0,100.0,100.0,100.0,100.0,100.0,100.0,100.0,100.0,100.0,100.0,100.0,100.0,100.0,341246401.0,44111.0,12169.117787604308,8153.843296952028,0.7515333296685218,0.6534810731953842,2.8355642643099994,5.986525554594787,9.057560434168506,12.959721734911426,16.083987065991064,20.021634455274445,23.29220784954154,27.31743359836929,32.34132101513358,37.64803456491252,43.061911735737255,49.25302171904811,55.1537969187256,61.48778899502592,67.85210695892438,74.1016374851086,80.496643245184,86.87445058211765,93.4731801024914,73.92839312459881,23.22587547250553,2.6745595891876475,0.1676057342557592,4.212060003871338,63.85457619998574,199.3132683253317,Mahogany,1
974.0,-39.45270000000001,-44.65178884720008,4.967427563588943,-1.314606608819611,0.7804459914925586,3.892864572545452,-56.08,-53.0999,-50.4358,-48.4122,-47.2421,-45.4742,-44.4393,-43.3781,-42.8279,-42.4316,-42.1094,-41.8522,-41.6427,-41.3975,-41.1579,-40.8968,-40.53829999999999,-40.2543,-40.0393,100.0,100.0,100.0,100.0,100.0,100.0,100.0,100.0,100.0,100.0,100.0,100.0,100.0,100.0,100.0,100.0,100.0,100.0,100.0,125519580.0,43294.0,11773.71541131226,7860.462363760631,0.7436291756649371,0.6809688945020369,2.777467069281143,5.922829729035104,9.917194592269988,13.3890959482178,17.466082980838525,21.546819229318643,25.97365207882308,30.280700429367275,34.911689475060385,39.71422944531841,45.19649444333705,50.94394675316792,56.73884664050023,62.50098112182976,68.55230076455004,74.75513302386767,80.8490802789493,87.31022602210746,93.66921001488372,70.61251289747679,25.504174092486632,3.620673482787731,0.2344995779007598,5.519473337740959,63.922522258699935,233.54145769164415,Mahogany,1
975.0,-46.215,-54.43457116002767,4.296005061261097,-0.5537645835639935,-0.2786157421251194,4.33338806351524,-62.69036,-61.28457999999999,-58.62008,-57.68522,-57.0579,-56.40016000000001,-55.78244,-55.21118,-54.37494,-53.7079,-53.31074,-53.01013999999999,-52.51418,-51.78856,-50.96,-50.40111999999999,-49.80550000000001,-49.18464,-48.47586,100.0,100.0,100.0,100.0,100.0,100.0,100.0,100.0,100.0,100.0,100.0,100.0,100.0,100.0,100.0,100.0,100.0,100.0,100.0,302883256.0,47473.0,12323.849778247955,8221.651601460722,0.6999470620004565,0.5390656371875879,3.779635477769693,8.294816732952711,11.274903555579844,14.602350616568913,18.82888336356236,23.034201335976128,27.705554314299896,32.682119938647254,37.66179336106978,42.2341494506385,47.150949143256696,51.93233626622133,57.0617046589066,62.0068142690595,67.59308411555111,73.65542814951777,79.98026044727939,86.45453316178032,93.4155964039161,71.25361109980877,25.515726085364363,3.071977865483989,0.1586849493428815,10.355967195750209,65.85219095902673,205.05798037410835,Mahogany,1
980.0,-34.3106,-43.14851187865547,6.907319315521705,-0.9859377147592002,-0.1879275859843683,4.22269668539349,-57.4025,-54.81959,-52.4685,-50.25096,-47.26985,-44.355970000000006,-43.256,-42.40292,-41.420155,-40.4832,-39.92159,-39.3952,-38.8819,-38.43979,-38.0106,-37.5614,-37.028415,-36.20431000000001,-35.647405,100.0,100.0,100.0,100.0,100.0,100.0,100.0,100.0,100.0,100.0,100.0,100.0,100.0,100.0,100.0,100.0,100.0,100.0,100.0,1983552773.0,42772.0,13458.582275990284,8872.595409837335,0.683699470359148,0.0091377795261693,3.091040068839147,6.331710641106296,9.366812747764488,12.081716164150675,14.50166176143376,17.669270350186945,22.47370743384804,27.760683229374305,33.43490473394125,39.21026819083275,44.878028712775766,50.80306502135096,56.91454718860661,63.06501969736098,69.13844399137648,75.64969404522115,82.21293298557477,88.40364097537424,94.1635326482942,74.65837076440813,23.27964066168189,1.995494700845422,0.0658153641557313,7.898968110163539,62.27005554341778,237.2416465420426,Rain Tree,4
981.0,-35.0831,-40.38370588400901,4.712566297470729,-1.6164791855566505,2.068229821170208,3.8226994604014575,-51.155345,-48.31809,-45.090035,-43.63524,-42.31465,-40.45697,-39.561815,-39.144400000000005,-38.846905,-38.5416,-38.277795,-38.01236,-37.721355,-37.47373,-37.23945,-37.01302,-36.77443,-36.49988999999999,-36.14854,100.0,100.0,100.0,100.0,100.0,100.0,100.0,100.0,100.0,100.0,100.0,100.0,100.0,100.0,100.0,100.0,100.0,100.0,100.0,160161425.0,25276.0,7515.081878753754,4939.68830617446,0.6319959358125655,0.2841562046324406,3.5236843078787543,6.736993005650394,8.97611956187328,12.432893875663256,16.427142802956453,20.140191060363005,24.805330621902247,29.745077505398072,35.173854128732934,41.077258771892176,46.50447322131406,52.10803225558214,58.16579866219347,63.90027311507749,69.5934036550936,75.5695811272908,81.64573897865857,87.85152354881957,93.80110785103216,73.47034534534535,23.338963963963963,3.049924924924925,0.1360735735735735,4.410742733937365,60.25340295608108,269.7390927587589,Mahogany,1
983.0,-40.8077,-48.53423585409252,3.883903332246293,-0.9340408547657052,1.7244659952873225,3.9731815992044472,-54.731125,-53.64999,-52.58124,-51.1236,-50.471,-49.85041,-49.371055000000005,-49.055420000000005,-48.78275500000001,-48.5192,-48.101815,-47.39784,-46.86419,-46.43674,-45.977775,-44.92818,-43.967225000000006,-43.56817,-43.12557,100.0,100.0,100.0,100.0,100.0,100.0,100.0,100.0,100.0,100.0,100.0,100.0,100.0,100.0,100.0,100.0,100.0,100.0,100.0,372206002.0,47608.0,19479.066464308144,11345.015032691086,0.4223062534245938,-0.3900911722456426,2.523674779430344,6.127176852994435,10.10362589478071,14.534857232098048,19.840323262707624,25.09029663632345,30.513726374568247,36.0448588359948,41.609344870263534,47.25928062815065,52.62680288535487,57.53313591111839,62.47116052685254,67.93598588987825,73.09342824622156,77.82458784745766,83.24208511822977,89.00538283098402,94.47574464422529,84.80741050868747,14.07787314213942,1.0937827088130627,0.0209336403600586,11.502269744360026,65.41663741364873,322.4224177050028,Narra,2
986.0,-34.9658,-42.29899314265581,6.304497217945482,-1.2562333789367348,0.4749527243916414,3.958307542867646,-55.037175,-53.36345,-51.227775,-49.191,-45.125350000000005,-42.1095,-41.314525,-40.6972,-40.1051,-39.68355,-39.31,-38.9549,-38.6484,-38.35025,-38.00015,-37.6138,-37.202075,-36.77459999999999,-36.206050000000005,100.0,100.0,100.0,100.0,100.0,100.0,100.0,100.0,100.0,100.0,100.0,100.0,100.0,100.0,100.0,100.0,100.0,100.0,100.0,1594827074.0,45574.0,17026.74475263169,9960.8509775679,0.3403294639798458,-0.6361257004385359,2.593822532511133,6.080508450159406,8.55097071169987,12.775203865143313,16.05514141152585,20.23038480220834,26.70922653273191,32.89949948517114,38.76524690851844,44.2886353959652,49.73771620333052,55.072327296094045,60.35675213273938,65.83183933332197,71.46975572349733,77.21049981372462,82.95419920868487,88.6648199076159,94.42229107781,83.63867358486537,15.016121111182288,1.2928917643541946,0.0512459163410415,14.578501041899832,63.69614968718639,274.83447725334645,Rain Tree,4
993.0,-39.9107,-46.65537866716773,5.440783240216236,-1.6667429424062548,1.8741523466470584,3.923936690788163,-60.617525,-56.40398,-50.921395,-48.89696,-47.94485,-46.89816,-46.120015,-45.49342,-44.908425,-44.5513,-44.26189,-44.00124,-43.7625,-43.535990000000005,-43.300175,-43.00044,-42.631465,-42.2076,-41.666695,100.0,100.0,100.0,100.0,100.0,100.0,100.0,100.0,100.0,100.0,100.0,100.0,100.0,100.0,100.0,100.0,100.0,100.0,100.0,473071655.0,48922.0,14814.97103219341,9402.642091739552,0.581895859997862,0.300510768516669,3.4792621426451773,7.609448509444093,11.078941518912185,15.040396364478864,20.010985228020058,23.995608868174525,28.661448972249246,33.3740077916949,38.11724906663452,43.532153495858886,48.92478370956299,54.292198715647,59.93258442000715,65.74806431807883,71.42347769705205,77.14779402710145,83.05551365152071,88.85540077432879,94.895462506626,79.43129149442566,18.138544406864582,2.2735813603908306,0.1440561192534135,8.032500801827835,65.68522452085682,203.1662425977034,Mahogany,1
994.0,-37.2434,-43.863844096884776,4.976779354723044,-1.766255154793413,3.10516255316272,3.969509010466685,-56.20886,-50.51161999999999,-47.77106,-46.37188,-45.46900000000001,-44.73036,-43.86328,-43.20706,-42.71636,-42.2874,-41.89902,-41.5885,-41.26632,-40.9495,-40.6666,-40.3636,-39.91438,-39.46695999999999,-38.8718,100.0,100.0,100.0,100.0,100.0,100.0,100.0,100.0,100.0,100.0,100.0,100.0,100.0,100.0,100.0,100.0,100.0,100.0,100.0,1285341572.0,46420.0,13726.855537874986,9939.708579644785,0.839917605416438,0.2485680865252391,3.1104949743273376,6.035650187466278,9.229747686088224,12.666942044569613,17.37067203487292,22.36776311160968,27.11722732640285,32.10050604354062,36.780975135222654,41.83084813505122,47.21009047079977,52.72177970137264,58.52265393000143,64.51149181378847,70.52325029754815,76.39375107677603,82.20368694338006,87.89195079422825,94.0050818647294,73.08222177130835,23.588965900231745,3.101338146245608,0.2221344126787487,4.815249431012116,63.7747143906789,198.723463964184,Narra,2
996.0,-39.9581,-46.636976529395056,6.143296253705773,-0.8547898031949084,-0.6266263999423067,3.9032121844004353,-57.552800000000005,-55.95424,-54.956680000000006,-52.98834,-51.75020000000001,-51.137040000000006,-48.38398,-44.67088,-43.59714000000001,-43.1904,-42.83172,-42.57816,-42.30716,-41.979600000000005,-41.694300000000005,-41.4967,-41.31746,-41.13164,-40.8691,100.0,100.0,100.0,100.0,100.0,100.0,100.0,100.0,100.0,100.0,100.0,100.0,100.0,100.0,100.0,100.0,100.0,100.0,100.0,217784054.0,44810.0,12370.579608065893,7819.2963443025155,0.5160857589553302,0.3769186873590517,2.3886840677508925,5.486991715196926,9.060453066963296,14.057532421542671,18.662068803255902,23.22618716611823,26.48854998355389,29.52420290605849,33.44765774265549,38.85725857596535,44.44280387947963,50.167410328398056,55.93823228214863,61.94499483419479,68.52431078356177,74.76503950100957,80.97870976357157,87.21045802554488,93.60002316790374,69.87219539903437,24.92473729054246,4.782732178358421,0.4032945186026697,5.367969598384531,64.4698451576257,241.79126370760815,Mahogany,1
999.0,-38.8662,-45.88036134466459,7.017991167967325,-1.501791773559903,1.0725926717163787,4.0381842100719965,-62.8405,-59.40155,-53.98287500000001,-49.3764,-47.76480000000001,-45.88655,-44.738475,-43.9023,-43.225525,-42.8355,-42.5513,-42.3022,-42.0306,-41.65785,-41.23685,-40.908100000000005,-40.5477,-40.15225,-39.771,100.0,100.0,100.0,100.0,100.0,100.0,100.0,100.0,100.0,100.0,100.0,100.0,100.0,100.0,100.0,100.0,100.0,100.0,100.0,258163834.0,48556.0,12982.19018404908,9708.628910476178,0.9501239863484184,0.6830656107929327,3.9098292133359,7.458958019658168,9.92976808672589,13.142742914175964,16.316936554327746,19.308663505516424,22.642942310811826,26.46889068125631,31.30427904940396,36.91979644213062,42.84434124107407,48.48749767173042,54.318975987937954,60.16723434623302,66.27484545337207,72.45619500677233,79.36952973823591,86.14098247394327,93.05520540107877,69.62184451372825,24.856683093633716,5.018606054510711,0.4827516846022327,7.348295988423247,65.1229420748265,182.16680021285683,Mahogany,1
1000.0,-39.17710000000001,-48.41408118208631,7.0365906576607,-1.111796439073566,-0.02812736332262,4.215640638910952,-63.31825,-61.21940000000001,-59.44522500000001,-54.7525,-49.6582,-48.6402,-48.013775,-47.4226,-46.728525,-45.9912,-45.36065,-44.8694,-44.3774,-43.9269,-43.441375,-42.9814,-42.500325,-41.89045,-40.8848,100.0,100.0,100.0,100.0,100.0,100.0,100.0,100.0,100.0,100.0,100.0,100.0,100.0,100.0,100.0,100.0,100.0,100.0,100.0,712628058.0,50723.0,13827.772004036016,10450.742311927066,0.9975565416096828,0.7177488758870862,3.950747473936818,7.4633920742985955,10.71974351029552,13.63655723474194,16.093912625595777,19.858552215467213,24.63743604100416,29.32797237686086,34.339127438622405,39.30742985143591,44.2649862658088,49.83182980426516,55.9490537208121,62.415725848392015,69.08944357057577,75.25252394707141,81.61222105571375,87.61627864503758,93.62372102951916,69.34570009313877,25.698540825830484,4.643356100589879,0.3065818068922695,6.949295040941401,65.88843274022042,179.51206945332098,Mahogany,1
1002.0,-43.49419999999999,-50.73512013619597,4.421583593190504,-1.304755725019198,1.50901274385794,4.0657025916082,-61.29014500000001,-56.32382,-54.24188,-53.29655999999999,-52.64812499999999,-51.65747,-50.845505,-50.35979999999999,-50.024535,-49.72005,-49.442365,-49.147380000000005,-48.796995,-48.39401999999999,-47.8517,-47.31005999999999,-46.728555,-46.12904,-45.454785,100.0,100.0,100.0,100.0,100.0,100.0,100.0,100.0,100.0,100.0,100.0,100.0,100.0,100.0,100.0,100.0,100.0,100.0,100.0,1100152243.0,52237.0,17342.164680475424,12114.664403577532,0.7822698886152669,0.0726680531242709,2.7243252186870284,5.683134620487248,9.856759524872412,15.481620392424178,20.618591330727305,25.392451797237303,29.41768333057882,33.9248251662202,39.031198248440965,44.8400267452802,50.57333787574707,56.4711388767309,62.418790796393445,68.03471571888619,73.51969003802685,78.37475108433696,83.71142347432364,88.99222859649252,94.56156514876096,75.02443330495917,22.33204073268388,2.5095368706453547,0.1261073804344399,7.447051436627669,67.2491927220278,178.5882221600083,Mahogany,1
1003.0,-46.37220000000001,-54.148974266310944,4.144311634029981,-1.1156020385339966,-0.0343399876911392,3.937588086981335,-62.88995,-61.442,-60.241125,-58.3455,-56.1952,-54.10705,-53.243950000000005,-53.0527,-52.844225,-52.575700000000005,-52.237,-51.8679,-51.663575,-51.4733,-51.276625,-51.0896,-50.837825,-50.598200000000006,-50.26415,100.0,100.0,100.0,100.0,100.0,100.0,100.0,100.0,100.0,100.0,100.0,100.0,100.0,100.0,100.0,100.0,100.0,100.0,100.0,120215036.0,46927.0,14578.587921416443,8384.449961869872,0.3169666795505405,0.3992379004837261,3.4475795523614865,7.476937410724561,11.346430075519006,14.721989518848542,18.071442410914383,20.915673976090645,24.984606750856024,29.49761625492505,34.28315073665161,39.562364727819904,45.2197776657489,51.23722876063523,56.66672012642412,62.54211494808354,68.82198163630713,75.28897300334377,81.92660941348468,88.43033744963483,94.99567841081044,76.52195003638128,20.62818336162988,2.680087315061848,0.1697792869269949,7.813991674575396,65.35513465922872,213.1380854390285,Tibig,5
1004.0,-45.5377,-51.750112819346526,4.848242940281047,-1.0197299104276387,0.0606073574215191,4.092034529335232,-61.49325,-58.4655,-57.5992,-56.460800000000006,-55.60615,-54.404,-52.30799999999999,-50.4738,-49.76635,-49.4636,-49.23044999999999,-49.0231,-48.74155,-48.40689999999999,-48.1132,-47.8439,-47.5739,-47.2681,-46.70870000000001,100.0,100.0,100.0,100.0,100.0,100.0,100.0,100.0,100.0,100.0,100.0,100.0,100.0,100.0,100.0,100.0,100.0,100.0,100.0,214859896.0,49463.0,16288.370555681904,11168.79036834082,0.7554084561415156,0.2843623440703031,2.9736144896951826,6.759899483522043,10.662535180599733,14.988907934685027,20.404382491183927,26.00024669098788,31.29427187286733,36.15223382589741,40.59263670126695,45.25890536594135,50.05341713467087,55.18619072588585,60.16316558209635,65.86091059077866,71.59088450829371,77.25105712608182,82.9517622032173,88.23021910054355,94.02869998596668,77.19657342127208,20.233492532787505,2.471382002880752,0.0985520430596618,11.509446684562128,67.07428339019029,182.728150862089,Mahogany,1
1009.0,-45.47239999999999,-51.938124635055935,4.581407760655115,-0.5630382906300546,-0.7067234504887456,4.141666394391212,-60.87608,-59.5624,-56.11428,-55.18468,-54.7771,-54.5643,-54.36750000000001,-54.124120000000005,-52.300900000000006,-50.9751,-49.92136000000001,-49.42564,-48.61142,-48.17755999999999,-47.86749999999999,-47.48718,-47.05702,-46.71426,-46.38096,100.0,100.0,100.0,100.0,100.0,100.0,100.0,100.0,100.0,100.0,100.0,100.0,100.0,100.0,100.0,100.0,100.0,100.0,100.0,166924344.0,49475.0,17786.291315929677,11556.2139320295,0.5177808117140069,-0.2494865496983189,4.396404277616931,8.439609024313434,11.653978403533518,16.421740138754117,22.463084833210427,27.96444957123809,33.84208477105053,39.63180529258213,44.98499212313813,49.30728617989956,53.48711329966347,57.83773396168027,61.97483154404368,66.90337390213138,72.01323373180367,77.24314016174897,82.8847948026083,88.59267465505211,94.2962579502484,78.14597762386788,19.381992541289293,2.3867874267448053,0.0852424080980287,5.831001164403993,67.73751864677676,215.09952983554837,Mahogany,1
1010.0,-43.8557,-50.04675432581215,4.31349029598746,-1.2595795638995912,1.1897095383613436,4.031213270497387,-59.66848000000001,-56.1383,-54.274365,-53.12716,-52.471225,-51.60980000000001,-50.5544,-49.69246,-49.065785,-48.60175,-48.101015,-47.77696,-47.47949,-47.18744,-46.911275,-46.649980000000006,-46.27675,-45.89767,-45.407175,100.0,100.0,100.0,100.0,100.0,100.0,100.0,100.0,100.0,100.0,100.0,100.0,100.0,100.0,100.0,100.0,100.0,100.0,100.0,469381252.0,49828.0,15950.158080739431,11029.296264834044,0.7035871793829886,0.0069162665351609,3.877343187963545,7.27737161517478,11.118086156538691,15.533846034395935,20.288592608722254,24.53036641523126,28.60310257981927,32.66747645898733,37.33751982066808,42.235536497312,47.294900265850416,52.71425348705662,58.1482219064003,63.86140578107282,69.74559350316787,75.7189452040577,81.79053921821318,87.8873197943577,93.95088962777749,75.8325404376784,20.90186217208101,3.129672420823705,0.1325268451814598,14.315991694848352,67.31056091477504,267.5701384620832,Mahogany,1
1011.0,-47.32899999999999,-53.86166163661044,4.68402860009256,-0.7669406863622145,-0.4463370002840015,4.243304408991233,-63.4757,-60.05638,-59.52392,-58.92526,-57.46090000000001,-56.46348,-54.65308,-53.90022,-53.18724,-52.6124,-51.72182,-51.12862,-50.77008,-50.415200000000006,-50.0368,-49.615120000000005,-49.24712,-48.83484,-48.43522,100.0,100.0,100.0,100.0,100.0,100.0,100.0,100.0,100.0,100.0,100.0,100.0,100.0,100.0,100.0,100.0,100.0,100.0,100.0,310424979.0,48435.0,12038.9753344968,9096.924132320046,0.966665686230667,0.8560376110146377,3.270898183744421,6.287899273724361,10.385207757395063,14.845169724566526,19.870072375844472,24.80619318975616,29.416483265671733,33.30303261452423,37.79195423574467,42.08614764857567,46.58448249423897,51.41317123194522,56.72574660945696,62.52386957558592,68.59462846255036,74.5056170238156,80.63111860595471,86.83200104202955,93.4173779874847,67.08939305797944,28.466162497576107,4.200116346713205,0.2404498739577273,8.223645244814424,66.52507098700795,246.4981689850781,Mahogany,1
1017.0,-26.4688,-36.92611723178496,6.217879040297842,-0.2174928592161489,-1.2655688106275111,4.491193020436525,-46.764555,-46.17182,-45.504725,-44.22485999999999,-42.802075,-40.45058,-39.360510000000005,-38.77086,-37.48757,-36.09805,-35.01273,-33.93316,-32.944015,-32.36932,-31.551675,-30.577919999999995,-29.84734,-29.254880000000004,-28.0997,100.0,100.0,100.0,100.0,100.0,100.0,100.0,100.0,100.0,100.0,100.0,100.0,100.0,100.0,100.0,100.0,100.0,100.0,100.0,261149478.0,38372.0,6157.733506248526,5155.293424942008,2.0230528840083943,5.461204476351012,7.416998551304782,14.211216612119744,20.239369959606044,25.099828076240687,30.3744007483714,34.91551455446524,40.12510222210744,45.88485679454431,50.2783022985786,54.498452415057095,58.49489731700708,62.50592964999149,66.61830585776626,71.2030341488946,75.66530422090294,80.7895377068301,85.68788868113303,90.71899504237186,95.60952405962688,59.66988917708088,32.28719641593964,7.276585710917237,0.723885875972648,3.5333482749001446,47.51249177552464,221.71811725329596,Teak,3
1018.0,-26.0177,-36.566625749931816,8.288706304773198,-0.2699936844448953,-1.7735623161591896,3.773493153914825,-47.050225,-46.81343,-46.65319,-46.53186,-46.4052,-46.219440000000006,-45.812585,-39.47876,-33.726569999999995,-32.04885,-31.186335,-30.36818,-29.96499,-29.541629999999994,-29.1582,-28.78222,-28.21775,-27.56818,-27.08781,100.0,100.0,100.0,100.0,100.0,100.0,100.0,100.0,100.0,100.0,100.0,100.0,100.0,100.0,100.0,100.0,100.0,100.0,100.0,129572850.0,38202.0,8833.709435505863,7147.846792237309,1.314215327358914,1.5360050974414898,5.742747033811481,12.187050759476232,18.673141016810234,25.44432572101332,32.289443351751544,39.40472251710138,46.67860203738669,53.20174172289951,56.18763035620502,58.57209438551363,60.95935220997299,63.92009823045491,67.98060318963425,72.29429699200102,77.41909049619578,81.21928706515293,85.25293454608739,89.79480886620924,95.5290873049408,65.10771748022907,30.672211617125715,3.97463866921189,0.2454322334333242,3.631726115779964,47.4345110103627,277.0481621097998,Teak,3
1019.0,-29.5939,-38.40416193580742,3.490825811245963,-0.0923315064079327,-0.8539503980018246,4.183842013839926,-44.108035,-43.11329,-41.910235,-41.15338,-40.688,-40.3489,-40.012105000000005,-39.72118,-39.40357,-38.99745,-38.460425,-37.9576,-36.686955000000005,-35.6042,-35.028925,-34.46416,-34.03491,-33.69577,-33.257685,100.0,100.0,100.0,100.0,100.0,100.0,100.0,100.0,100.0,100.0,100.0,100.0,100.0,100.0,100.0,100.0,100.0,100.0,100.0,370212603.0,36809.0,10921.370080830728,7991.032823195559,1.0086037114491884,0.5012970912859838,2.9446234168316523,7.695107559587861,12.536732305680044,18.098153995043763,24.45437952851108,30.83989390820388,37.16360974345328,43.61881542968433,50.11556373190245,56.80106060570823,62.599490703994206,67.70815525153799,71.30348828238027,73.90058355198676,77.12036210717548,80.72937214403801,85.06588685744985,90.06869655380154,95.20613132665288,73.91291521623694,23.70641335772022,2.28037052333471,0.1003009027081243,4.070688815555364,47.57953128208153,156.09228521857605,Tibig,5
1020.0,-22.2778,-32.61340123288748,8.53035578226394,-0.5629661556210621,-1.274185198430023,4.300400516840578,-46.78299,-46.02836,-45.28052,-44.01612,-40.99875,-38.05504,-35.80073,-31.98142,-30.33906,-29.1,-27.88539,-27.0301,-26.1249,-25.605460000000004,-25.15415,-24.74812,-24.3555,-23.8544,-23.41292,100.0,100.0,100.0,100.0,100.0,100.0,100.0,100.0,100.0,100.0,100.0,100.0,100.0,100.0,100.0,100.0,100.0,100.0,100.0,231556584.0,34024.0,6061.214669005052,5187.285067530613,1.888020886480452,4.397921541485329,5.877589298000699,11.6030192430201,17.456975872471844,22.927082911190293,28.614862879476576,34.1314514295996,40.48094309423739,44.3477780791584,48.64799352887327,52.17213992066837,55.56606760099726,59.378100861947416,63.64296469324319,68.64845743276295,73.41156924304947,78.59673815191539,84.23396417007083,89.4743588893158,95.42446005335783,66.7513022537497,28.204591262466295,4.680260712509489,0.3533753893673272,6.479632401182722,48.41066645551397,192.33675633575464,Teak,3
1022.0,-25.485199999999995,-30.73155208410729,3.784867116508393,-1.5503522597268105,1.9820697129999691,3.8490407188091527,-39.20316,-37.4412,-34.52761,-32.50132,-31.469700000000003,-31.01319,-30.55243,-30.166,-29.848845,-29.54695,-29.257465,-29.0135,-28.801495000000003,-28.56333,-28.3325,-28.0541,-27.712855,-27.29301,-26.800525000000004,100.0,100.0,100.0,100.0,100.0,100.0,100.0,100.0,100.0,100.0,100.0,100.0,100.0,100.0,100.0,100.0,100.0,100.0,100.0,105079605.0,10939.0,3903.692882086336,2492.408560199652,0.5849819359571077,-0.2827542934094582,2.8675612170411187,6.619684190857017,10.95465575836529,14.27149445413313,17.961264700224177,22.50142737023041,27.910477014069475,33.342480684049015,38.48585841182025,43.88012783260843,49.51844556324703,54.87954679692601,60.18740363555801,65.78705734571423,71.05742070499788,76.54513832631936,82.0394338178184,87.71434380629809,93.74523819346294,78.71684374767813,19.35507838620997,1.8574931272754287,0.0705847388364663,5.1963532933605245,48.71169115833271,171.81457348288373,Mahogany,1
1023.0,-26.0566,-33.215902999294286,6.071272396617354,-0.8984109841168091,-0.2020792476052175,4.032093629966388,-47.511155,-41.02476,-39.28219,-38.0369,-37.4972,-37.2322,-36.785845,-32.51696,-31.411735000000004,-30.358450000000005,-29.796760000000003,-29.365020000000005,-28.98199,-28.60562,-28.356425,-28.052859999999995,-27.62828,-27.2233,-26.867935000000003,100.0,100.0,100.0,100.0,100.0,100.0,100.0,100.0,100.0,100.0,100.0,100.0,100.0,100.0,100.0,100.0,100.0,100.0,100.0,12823708.0,7261.0,2262.4749470712773,1537.3798310491195,0.8065090736373121,0.0425929204675421,3.7737992786485774,6.423095410469422,9.39936405289328,12.223445823937974,15.806520235800752,19.86664075632415,24.262491004941783,28.90286491239507,34.18811470130168,39.388623009819,44.6048677964283,49.692912533566734,55.80084169103039,61.91046302676262,67.68590644765149,73.87137947932064,81.08695238537871,87.80024467182191,93.96479551780187,76.9407198306281,20.74805928016937,2.2230063514467187,0.0882145377558221,4.060860666363743,48.265307904022585,143.57057697485547,Mahogany,1
1024.0,-26.5424,-33.07394185960705,3.9508644631537218,-1.076077221299089,0.9724772427066632,4.175111315146592,-41.56013,-39.20954,-36.68541,-35.5713,-34.738,-34.124039999999994,-33.67566,-33.229600000000005,-32.910799999999995,-32.5188,-31.96162,-31.43086,-30.97171,-30.621260000000003,-30.28385,-29.87424,-29.32229,-28.6749,-28.061020000000006,100.0,100.0,100.0,100.0,100.0,100.0,100.0,100.0,100.0,100.0,100.0,100.0,100.0,100.0,100.0,100.0,100.0,100.0,100.0,80010971.0,7219.0,2460.135012145251,1419.4640732175403,0.5975670083149546,0.1284765828015182,3.24017440058314,7.42486677233301,11.697169629399948,16.65341869179415,21.42516930584432,26.36737904355641,31.62934993002397,37.04840177480161,42.26801347030272,47.632129098895696,52.64657268063901,57.49141577096971,62.43966093099908,67.96818151350769,73.62207365287443,78.96648573356272,84.26357930339327,89.3839171130669,94.69748092420976,84.75540386803185,14.482058850659532,0.7440887986963072,0.0184484826123051,7.5785287335015985,46.9817610029825,149.98970619681103,Mahogany,1
1028.0,-35.22109999999999,-45.50838460734838,6.128190272593415,-1.4017687640554397,0.7673561729942056,3.597071331937629,-58.92866,-57.07118,-54.74188,-50.29402,-44.63785,-44.12,-43.7988,-43.4911,-43.19404,-42.935,-42.7338,-42.5643,-42.40769,-42.2413,-42.0598,-41.867,-41.680400000000006,-41.4591,-40.96988,100.0,100.0,100.0,100.0,100.0,100.0,100.0,100.0,100.0,100.0,100.0,100.0,100.0,100.0,100.0,100.0,100.0,100.0,100.0,675134269.0,35351.0,11954.56872952634,8295.147611144417,0.6418837906621598,-0.2793049095062745,2.112099719233776,4.397751730774608,6.856788660508655,8.772715846245987,11.004324830087985,15.78714203885272,20.851726606696666,26.885617029758563,33.27919427535384,39.43765280858525,45.3206676137484,51.22875061760492,57.45183199995437,63.90348510068002,70.36537231381452,76.58482582521671,82.74070309412778,88.7816687024074,94.55423466291266,73.44134572819831,24.339973439575036,2.119521912350598,0.095617529880478,11.789673782170166,64.09831905621957,259.2734543306402,Rain Tree,4
1029.0,-35.2059,-42.64562257011682,4.652799649113459,-1.047499425664191,1.3614368913310626,3.780711046843817,-50.57951,-47.33886,-46.489990000000006,-45.9793,-45.5736,-45.14616,-44.7381,-44.3131,-43.47044,-42.0231,-41.12456,-40.35742,-39.31988,-38.72642,-38.41655,-38.14298,-37.86661,-37.62064,-37.4052,100.0,100.0,100.0,100.0,100.0,100.0,100.0,100.0,100.0,100.0,100.0,100.0,100.0,100.0,100.0,100.0,100.0,100.0,100.0,1424650346.0,37015.0,12951.955507068504,7774.181525400479,0.3188549296359599,-0.4780140295827877,1.8253766668442588,5.073901972014121,9.066429342656406,13.592560626802388,18.03499010977673,22.79594596048341,28.035399501457743,33.50452820512634,38.516959023712616,42.72282660155266,47.57257652047066,52.50386953543757,58.005888274286775,63.35540046961109,69.17730134745638,75.27384624662142,81.63337616597188,87.77272342725419,93.87915278686914,81.26278467203053,17.52170553206964,1.186417564434747,0.0290922314650665,6.383405490381435,60.982101752806926,,Rain Tree,4
1030.0,-36.2346,-43.32166736908373,6.7191845342606165,-1.1946424525744317,0.1041130307390125,3.98852092276286,-57.65594000000001,-55.57386,-52.75518,-49.8321,-46.4738,-43.58258,-42.67006000000001,-41.96744,-41.04523999999999,-40.084,-39.6403,-39.30142,-39.0173,-38.7369,-38.4196,-38.11466,-37.8572,-37.63383999999999,-37.3701,100.0,100.0,100.0,100.0,100.0,100.0,100.0,100.0,100.0,100.0,100.0,100.0,100.0,100.0,100.0,100.0,100.0,100.0,100.0,889178453.0,33882.0,10177.74226520918,6742.113459515809,0.6733591089426492,0.2797991358241174,2.38195088157405,4.964762230917443,7.605089706329175,10.227950496681682,12.416887366927682,16.066280229577266,20.97966717148959,27.0598322741858,32.53288977302737,37.80556623542024,43.45577040202975,49.43317964093761,55.50337486641728,61.93391744277906,68.37633626284014,74.61074948022835,80.91317188047066,87.28763032677762,93.54345263244926,72.55079265151949,24.26944428546901,3.001201854289475,0.1751273393235277,9.54486837125696,62.021248969266864,159.0548755449419,Rain Tree,4
1033.0,-45.7193,-50.34359823365786,3.5214886915931505,-1.2163171407849138,0.8213298026980551,4.175805007867384,-57.60593,-56.01366,-54.895520000000005,-52.76758,-51.7601,-50.72073,-50.3104,-50.00062,-49.72889,-49.411,-49.11041,-48.81244,-48.461615,-48.06154,-47.702525,-47.434900000000006,-47.18477,-46.76819,-46.45539,100.0,100.0,100.0,100.0,100.0,100.0,100.0,100.0,100.0,100.0,100.0,100.0,100.0,100.0,100.0,100.0,100.0,100.0,100.0,234394452.0,33630.0,10866.6876216968,6518.162685206616,0.5795907561361994,0.3982084399835259,2.8512931696864565,5.790428862198496,9.192027292523118,12.968039448305714,16.156530872155624,20.269643583543523,25.661101825055145,31.093199680340557,36.001839753442624,41.34752174083028,46.91232964848503,52.41322691374965,57.99201680763332,63.91856919889896,69.57706362435574,75.5077982818467,81.43081603313716,87.6334867345751,93.86219644823332,79.62447844228095,18.372739916550763,1.9193324061196104,0.0834492350486787,8.351023083370118,61.483519100602685,52.562458199476886,Tibig,5
1034.0,-44.8924,-47.68012616123865,2.685598715110402,-3.524764104716587,13.197274793408432,3.3049066100552444,-51.55548,-48.91298,-48.311710000000005,-48.03068,-47.860625,-47.70381999999999,-47.550045,-47.38796000000001,-47.2017,-47.05825,-46.95209,-46.8402,-46.719150000000006,-46.5855,-46.4192,-46.23116,-46.052295,-45.89732,-45.7079,100.0,100.0,100.0,100.0,100.0,100.0,100.0,100.0,100.0,100.0,100.0,100.0,100.0,100.0,100.0,100.0,100.0,100.0,100.0,136686998.0,40270.0,18244.39375333689,10947.38902956932,0.2451332562668432,-0.9206672256144944,1.6325034806895091,3.402937417646702,7.249997545487099,11.570178752480906,16.105038022709373,20.537214519847748,25.41477353976272,30.95960670670373,36.31039142435479,42.04476419915228,48.122578564495214,53.627574730992336,59.21307160465986,65.2124425177587,71.24281857444846,77.23431675630187,83.15235440315983,88.65291635126846,94.06892599982334,82.00747463961558,16.75120128136679,1.201281366791244,0.0400427122263747,3.76835962818342,62.85899459423384,251.9408100539549,Tibig,5
1035.0,-44.9319,-48.2232395385095,3.062176953693659,-2.360393959588841,4.998368160239285,3.5454421697934952,-56.803905,-52.22145,-48.98071000000001,-48.4833,-48.22775,-48.06395,-47.94229,-47.82412,-47.69053,-47.55895,-47.40697,-47.23486,-47.025855,-46.71698,-46.43945000000001,-46.24328,-46.04479499999999,-45.89326,-45.703265,100.0,100.0,100.0,100.0,100.0,100.0,100.0,100.0,100.0,100.0,100.0,100.0,100.0,100.0,100.0,100.0,100.0,100.0,100.0,102897634.0,40648.0,16042.661989398192,9296.315012400964,0.5576399920795859,-0.1599589693225551,1.8388761008829415,3.4330400638755214,7.59447977200331,11.862016185911523,16.842855687041354,21.83466531407321,27.13945103927268,32.49904949223614,38.40898421435035,44.347363711006224,50.353333683066026,55.96040041115037,61.66248001387476,66.8674568357908,72.0696153227391,77.43799531872618,82.88083766824026,88.15916408729088,94.05175438727775,83.9881509198628,14.3903960087309,1.5902712815715625,0.0311817898347365,4.041607975302711,63.0769616463985,242.6819003326426,Tibig,5
1036.0,-46.2137,-51.10266510340336,2.7053463973311054,-0.815034733066469,1.2106127478161897,4.038309682245692,-56.1374,-54.9315,-53.2801,-52.8244,-52.5045,-52.04430000000001,-51.792,-51.5752,-51.3231,-50.9134,-50.557100000000005,-50.331,-50.0548,-49.8269,-49.5701,-48.6433,-48.0611,-47.507200000000005,-47.10339999999999,100.0,100.0,100.0,100.0,100.0,100.0,100.0,100.0,100.0,100.0,100.0,100.0,100.0,100.0,100.0,100.0,100.0,100.0,100.0,111904963.0,40623.0,18222.59615697769,10997.92972526058,0.2073830371710791,-0.9124469543079504,2.453902781773852,6.406583593615951,12.514073214071836,17.910064453530985,23.311538917179213,29.01433245637193,34.311282512108065,39.3115978243074,44.69768780496358,50.90556618118895,56.01902929005927,60.52017549927612,65.5255200790335,70.64753955550658,75.07243713578637,80.5780714122572,85.53499454711405,90.20675696036824,95.02698106428042,80.65461651196874,18.205503989578244,1.1235955056179776,0.0162839928350431,5.842329705590461,62.7779586549422,310.7527458524627,Tibig,5
1037.0,-41.3859,-47.80542183762377,4.415503396378394,-0.8011257207105686,-0.22007804575553,3.82635553901452,-55.11786,-53.370360000000005,-52.79286,-52.55396,-52.2901,-51.606840000000005,-48.43958,-46.56596,-46.07704,-45.8217,-45.5239,-45.3051,-45.14704,-45.01036,-44.89490000000001,-44.68896000000001,-44.2879,-42.983,-42.15754,100.0,100.0,100.0,100.0,100.0,100.0,100.0,100.0,100.0,100.0,100.0,100.0,100.0,100.0,100.0,100.0,100.0,100.0,100.0,157531018.0,42454.0,12477.704396039604,7980.396314465343,0.7107200814720601,0.7870415663572392,4.195541350465977,8.549790492688874,12.79854104669088,16.25113982314264,20.288783381060867,24.770262069911844,28.9723627635035,33.36813579151758,37.65076792685997,42.78665995797729,48.81248021897503,54.55435259105607,60.425915612378,66.03650971137634,71.84133857371505,77.22770318160453,82.71461306750395,87.44776917521094,93.70941283449334,75.63564356435644,21.710891089108912,2.5584158415841585,0.0871287128712871,3.092937480930439,63.73135493069307,288.4427754890846,Mahogany,1
1038.0,-36.019000000000005,-40.29906671328671,3.109682620186805,-1.1306096199721127,0.5499504441916554,4.054204110661537,-46.88018,-45.10432,-44.45136,-42.79658,-41.8757,-41.25184,-40.42304,-39.99714,-39.50562,-39.1762,-38.9247,-38.7019,-38.47084,-38.22504,-37.9901,-37.755300000000005,-37.532700000000006,-37.28254,-36.9772,100.0,100.0,100.0,100.0,100.0,100.0,100.0,100.0,100.0,100.0,100.0,100.0,100.0,100.0,100.0,100.0,100.0,100.0,100.0,208037438.0,26044.0,9385.85328220167,6031.193899129211,0.6039074499972469,-0.2285494798802845,4.411315140306621,9.6958668564261,14.998974367296332,19.369092115045177,23.59244829769534,28.12631830238171,32.401986703950854,37.39744045492427,42.925387785250464,47.65620695636522,52.236111463745296,57.44473453859781,62.924503040649824,68.24419506646684,73.43032940061491,78.72046953394994,84.07487742662934,89.38080942911823,94.60956638006664,83.32055041732461,15.443266411008349,1.20460184976314,0.0315813219039025,2.171842974644253,60.13338333408527,247.78185145119275,Mahogany,1
1039.0,-36.6557,-40.264155059884594,2.6398441702672586,-1.420163585860754,1.8959816314445923,3.82004432997824,-45.21203,-44.29842,-43.68017,-42.433800000000005,-41.6429,-40.80736,-40.11543,-39.72436,-39.49571,-39.2884,-39.0787,-38.89868,-38.71894,-38.56196,-38.4332,-38.29768,-38.12943,-37.89104,-37.56983,100.0,100.0,100.0,100.0,100.0,100.0,100.0,100.0,100.0,100.0,100.0,100.0,100.0,100.0,100.0,100.0,100.0,100.0,100.0,161876335.0,24257.0,7849.310721039616,4340.600213843069,0.3904229947157857,0.5192576849656545,2.049278543401665,5.04359145516854,8.711703288809943,13.145984556667903,18.12352497355466,22.75230656785008,27.780267572773997,32.87079053278541,37.90486731738768,43.29637744763619,48.93767517037002,54.508955864364,60.39955006394233,66.18776549394944,71.76631037513914,77.23161819792868,82.70816175817176,88.44997695308582,94.27314560834355,82.11705377491151,16.583426271638462,1.2510304029481647,0.0484895505018668,2.605519014605276,60.16116257091597,267.7727786857444,Mahogany,1
1041.0,-37.5585,-43.61575421087137,4.977343618042379,-1.6367531312274572,2.219513938023007,3.879099407057375,-54.32285,-51.8267,-49.34435,-46.0553,-44.600350000000006,-43.96935,-43.388000000000005,-42.8521,-42.395,-41.97355,-41.586975,-41.0948,-40.7286,-40.45870000000001,-40.225575,-39.9836,-39.733625,-39.4354,-38.953025,100.0,100.0,100.0,100.0,100.0,100.0,100.0,100.0,100.0,100.0,100.0,100.0,100.0,100.0,100.0,100.0,100.0,100.0,100.0,530523772.0,48212.0,15810.10168077244,9834.419015935226,0.7455020562607311,0.4906866806668439,1.5036232909842162,4.632220137347587,7.036321644791442,10.2373384316509,15.247042313496934,20.60277178305217,26.08993381732949,32.2607826516019,37.86398698831539,43.689037368904174,49.832256904031816,55.89069795726326,61.93830782760853,67.53313176699648,72.799407186602,77.9903525227895,83.26030487470786,88.52551040823106,94.23137159629484,80.56979377756586,17.993801406603886,1.3708427702944332,0.0625819525569197,5.901680769745152,64.61258041482894,211.2331371665132,Rain Tree,4
1042.0,-33.26990000000001,-44.0036621223705,8.311254582842547,-0.9289525205775884,-0.3933222937035792,4.234130180531015,-60.625465,-59.91456,-56.507205000000006,-51.51878,-48.5208,-45.79964,-44.239295,-42.87154,-41.74617,-41.0489,-40.45596,-39.76434,-39.14259,-38.54312,-37.945675,-37.16302,-36.20091,-35.34967,-34.788270000000004,100.0,100.0,100.0,100.0,100.0,100.0,100.0,100.0,100.0,100.0,100.0,100.0,100.0,100.0,100.0,100.0,100.0,100.0,100.0,1342734060.0,50324.0,15553.865026410898,8841.527666335212,0.6525035888101175,0.866165482676851,6.197488205520012,13.454202018231369,18.39924817279157,21.051974729828483,24.866941931896772,28.78190026698213,32.64599633377886,37.04208888541935,41.95701649215631,47.260482317697374,52.71705239978793,57.888234919727886,63.20566724880726,68.58818469235821,73.80888811295961,78.9036064967325,84.10897300095299,89.23070447769828,94.61635046332258,84.32837549810027,14.09507923269391,1.488508942637383,0.0868779538504309,15.089067690054684,62.81795976044852,328.45121235892907,Rain Tree,4
1051.0,-26.3375,-38.88909659676515,6.106003456586414,0.1353346568051469,-1.3781452169321429,4.3047275441159805,-46.82247,-46.53882,-46.26665,-45.92204,-44.78065,-43.93406,-43.34177,-42.67498,-41.90034,-37.8034,-36.52161,-35.7765,-35.1291,-34.603320000000004,-33.953149999999994,-33.2386,-31.92904,-30.55882,-28.998610000000006,100.0,100.0,100.0,100.0,100.0,100.0,100.0,100.0,100.0,100.0,100.0,100.0,100.0,100.0,100.0,100.0,100.0,100.0,100.0,134935095.0,37447.0,6884.79488749426,5857.706799398687,1.680499246988698,3.1008936952247312,6.162748838617559,13.1363623377595,20.163371137805186,27.95405376192161,35.27691220730975,41.86069532170263,47.06795515280884,52.15916141015797,57.39419607626911,60.25716512075676,63.38715884107096,66.74666438705216,70.47680368105867,73.98421663393056,78.07433566486168,82.70668205332349,86.55936174351083,90.36665665074013,94.59658141567988,60.77861115363029,32.45573753762947,6.168682075616102,0.5765600285728864,2.2419812430974324,47.31916471758763,185.7889136810606,Teak,3
1052.0,-28.734200000000005,-39.53240480113694,7.425616024744469,-0.7008091562018662,-0.5484512527826699,4.107898710955896,-53.229055,-50.54466,-47.949985000000005,-46.7459,-45.755375,-44.47045,-42.230375,-39.7993,-38.7856,-37.45005,-36.3312,-34.79418,-34.012235000000004,-33.32916,-32.868625,-32.56072,-32.3032,-31.97481,-31.463005000000003,100.0,100.0,100.0,100.0,100.0,100.0,100.0,100.0,100.0,100.0,100.0,100.0,100.0,100.0,100.0,100.0,100.0,100.0,100.0,2318154861.0,65535.0,23873.399734300016,13821.204318102098,0.4610933457539797,-0.0124083746082179,2.2487284122818574,4.645138459539696,7.719291537011771,11.699779447996075,16.11957756949871,20.48588150815521,24.594656232502665,29.12664750571209,34.7035540003986,40.41748468848303,45.97112655969363,51.51588084520122,57.24019280694639,63.415144550172485,69.63660405774763,75.74499635639313,81.69543432413508,87.58166627074186,93.57070291086131,77.37430742930115,20.22306440650038,2.293464604230603,0.1071038701571543,22.546067009521675,59.57801194517106,247.6003676967485,Rain Tree,4
1054.0,-19.5982,-30.3174043737982,8.532875531840217,-1.2348590131262538,1.165733013921857,3.968268203603268,-47.655820000000006,-43.00008,-39.937895,-37.7621,-35.017125,-32.78909,-30.965855,-29.41022,-28.318285,-27.4773,-26.6325,-25.952,-25.3159,-24.6487,-23.951675,-23.22054,-22.5958,-21.85487,-21.1951,100.0,100.0,100.0,100.0,100.0,100.0,100.0,100.0,100.0,100.0,100.0,100.0,100.0,100.0,100.0,100.0,100.0,100.0,100.0,4325324365.0,52302.0,16118.340233577295,9984.986051862685,0.6012636734368467,0.0119006498820439,4.119996651395646,7.219276975543082,10.3801984339734,14.11168248881145,17.57525981522544,21.311047362340418,26.3334371918255,31.02271080194468,36.49722186789106,42.33170011054188,48.314397017482406,54.40110785772249,60.36494906897,66.35399054054527,71.97934765754846,77.67427269006679,83.23613123983593,89.10543172639031,94.5324249919,77.7576132484684,20.47676897163385,1.7100928644893945,0.0544069640914037,11.73958671344822,50.85427955788751,233.31647189094488,Rain Tree,4
1055.0,-21.5919,-30.045897199774146,6.048237574341693,-1.511668910955205,1.7724827645852024,4.062272955118073,-46.139595,-39.12983,-35.619095,-33.06502,-31.7304,-30.7012,-29.82673,-29.05352,-28.4865,-27.9764,-27.556614999999997,-27.2764,-27.062745,-26.8499,-26.599775,-26.228079999999995,-25.590915,-24.017000000000003,-23.228735,100.0,100.0,100.0,100.0,100.0,100.0,100.0,100.0,100.0,100.0,100.0,100.0,100.0,100.0,100.0,100.0,100.0,100.0,100.0,3174071084.0,65535.0,28002.88566185553,16073.64835153013,0.387926079283463,-0.5074315051453335,3.6328649531908215,5.6626606412826,7.707273577871768,10.86454165246414,15.628099209891545,20.098483087406496,24.862981770574613,30.187381871501906,35.60960013458854,41.44390261550929,47.537782616339165,53.93253196594131,60.26699804055176,66.50073681840706,72.90243544526743,79.12813202768208,85.13214359379482,90.28980250147416,95.14462956495022,80.89953064897483,17.598016727247064,1.454811730246674,0.0467586547623248,6.804107320479538,48.42272222888803,,Rain Tree,4
1056.0,-45.2905,-51.20636261049852,3.502379351363306,-0.868382199469866,1.351415040923662,4.133401221894431,-56.33347,-54.94564,-54.3267,-53.8117,-53.28595,-52.80228,-52.3103,-51.871,-51.45623,-51.02890000000001,-50.6081,-50.16974,-49.706900000000005,-49.2465,-48.74745,-48.17982,-47.16369,-46.57395999999999,-46.2498,100.0,100.0,100.0,100.0,100.0,100.0,100.0,100.0,100.0,100.0,100.0,100.0,100.0,100.0,100.0,100.0,100.0,100.0,100.0,1802221699.0,54599.0,18589.76243720796,11153.245830307553,0.5150882729267353,0.102967284915632,4.171616346741145,8.975561668675702,13.941411045012616,18.866386482232677,23.63343995005356,28.273290033225816,33.222273892952394,38.399965020063824,43.627896969406095,48.79027233374799,53.699384517287406,58.6609171661072,63.37993786412623,67.82331988779367,72.48716934908018,77.80449107776502,84.05755267737457,89.30075993941298,94.41649598072009,82.791628415526,16.64517726180284,0.5477219511691955,0.0154723715019546,7.8810180356521,61.76676376267445,,Rain Tree,4
1057.0,-35.723,-44.182039254682365,6.477266105747941,-0.7488707503995143,-0.7230244435120099,4.244343975951106,-56.354870000000005,-53.86444,-52.25002,-51.0003,-49.90735,-48.43082,-46.3108,-44.04328,-41.98378,-41.0573,-40.5279,-40.0595,-39.66866,-39.2621,-38.86709999999999,-38.50974,-38.1836,-37.7086,-37.2499,100.0,100.0,100.0,100.0,100.0,100.0,100.0,100.0,100.0,100.0,100.0,100.0,100.0,100.0,100.0,100.0,100.0,100.0,100.0,1126785441.0,31750.0,10360.38802306016,6873.594609750588,0.5940817490124225,-0.272324633315482,2.44887313910546,5.13890328123258,8.726360265423414,13.612098046268596,18.7619529244521,23.42014010811132,26.61117556984835,30.349361072371185,34.41205848878198,39.635269923584325,45.03116418949187,50.54119411541102,56.13191668847628,61.80746987482597,67.86016992919241,74.2340230503564,80.77865056476178,87.17796611999356,93.52567069598834,75.0576963745529,22.23264281576697,2.551512978236284,0.151711582489725,7.421356500513738,61.20459684531854,229.55512244488276,Rain Tree,4
